NAME,CATEGORY,STREET ADDRESS,ADDRESS,CITY,ZIP CODE,COUNTRY NAME,COUNTRY CODE,PHONE,EMAIL,WEBSITE,FACEBOOK,INSTAGRAM,LINKEDIN,TWITTER,URL,BOOKING LINK,SCORE,RATINGS,OPENING HOURS,MAIN IMAGE URL,DESCRIPTION,POI
108 Padel club,Sports club,Brent Cross West Station / Arbour Street (Stop BB,"Brent Cross West Station / Arbour Street (Stop BB, Brent Cross, London NW2 1LT",London,NW2 1LT,United Kingdom,GB,,,,,,,,https://www.google.com/maps?cid=14443573086927388648,,3.3,17,,https://lh3.googleusercontent.com/gps-cs-s/AG0ilSzWO-ULtUi-qcYqK5ZGbm3rXT81FyExAGtjYtdl7CTlr5dR9szER-Jzm2g6eV3yx0CgDUAeCrW2CZIYgNIaSOmmH-esbfxJQwkbPomDt5_yuBXGOot8pyZoi3uI1r_NJ58Jy6zapd3kmg-V,,Toilet
Abbey Green Tennis Pickleball Courts,Tennis court,Grendon Rd,"Grendon Rd, Polesworth, Tamworth B78 1HD",Tamworth,B78 1HD,United Kingdom,GB,,,,,,,,https://www.google.com/maps?cid=12965085542094584863,,4.2,5,"Monday: Open 24 hours, Tuesday: Open 24 hours, Wednesday: Open 24 hours, Thursday: Open 24 hours, Friday: Open 24 hours, Saturday: Open 24 hours, Sunday: Open 24 hours",https://lh3.googleusercontent.com/gps-cs-s/AG0ilSz-1Oted5Uj4eSAc_BLPsbHQGGP2ESfaJCmWMJ8kEIAQTzeAhbIOHvEe0N-fCvGYyBNlJwWB7hBPxKqKgkUJoDtowOOf7drV8lldzlaOznhe3KkgpJBCtl0cp4P61nRF-d3IYoZ,,
Ace Padel Stoke,Padel court,Elder Rd,"Elder Rd, Cobridge, Stoke-on-Trent ST6 2JF",Stoke-on-Trent,ST6 2JF,United Kingdom,GB,07394008519,,https://acepadel.uk/,https://www.facebook.com/p/ace-padel-uk-61580896910394,https://www.instagram.com/ace_padeluk,,,https://www.google.com/maps?cid=3209513641711307669,,4.8,10,"Monday: 6am-11pm, Tuesday: 6am-11pm, Wednesday: 6am-11pm, Thursday: 6am-11pm, Friday: 6am-11pm, Saturday: 6am-11pm, Sunday: 6am-11pm",https://lh3.googleusercontent.com/gps-cs-s/AG0ilSyglRSe0EnIJQWGwcm28QDobonq-OXp6PfYLXeW21RXsoZrsB9R16iHD3HZyf4n4tWRIWezZScAX6Pb_b5rhvWMTu62ntjGEbqyWFGIOSgQuRrX31tbA5eKro4KLA1SO4NUzQVVqZfNZeA,,"Credit cards, Debit cards, On-site parking"
Advantage Padel - Kingsley,Padel club,"Advantage Padel Kingsley, Forge Rd","Advantage Padel Kingsley, Forge Rd, Kingsley, Bordon GU35 9NG",Bordon,GU35 9NG,United Kingdom,GB,01420489492,info@advantagepadel.co.uk,http://www.advantagepadel.co.uk/,https://www.facebook.com/advantagepadeluk,https://www.instagram.com/advantagepadeluk,,,https://www.google.com/maps?cid=4932876613317897788,,4.8,27,"Monday: 7am-10pm, Tuesday: 7am-10pm, Wednesday: 7am-10pm, Thursday: 7am-10pm, Friday: 7am-10pm, Saturday: 7am-10pm, Sunday: 7am-10pm",https://lh3.googleusercontent.com/p/AF1QipPOm6YmZ65jnJDSEjxWLrI0_7vzrQ6q5OmrjUq5,,"Wheelchair-accessible car park, Wheelchair-accessible entrance, Toilet, Wi-Fi, Free parking lot, On-site parking"
Advantage Padel - Mudeford,Padel club,"Unit 20, Christchurch Business Park, Radar Way","Unit 20, Christchurch Business Park, Radar Way, Mudeford BH23 4FL",Mudeford,BH23 4FL,United Kingdom,GB,,info@advantagepadel.co.uk,https://www.advantagepadel.co.uk/,https://www.facebook.com/advantagepadeluk,https://www.instagram.com/advantagepadeluk,,,https://www.google.com/maps?cid=2216800368986344067,,,,,https://streetviewpixels-pa.googleapis.com/v1/thumbnail?panoid,,"Gender-neutral toilets, Toilet, Wi-Fi, LGBTQ+ friendly, Transgender safe space, Free parking lot, On-site parking"
Advantage Padel - Nottingham,Padel club,19 Daleside Rd,"19 Daleside Rd, Nottingham NG2 3GJ",Nottingham,NG2 3GJ,United Kingdom,GB,,info@advantagepadel.co.uk,https://www.advantagepadel.co.uk/,https://www.facebook.com/advantagepadeluk,https://www.instagram.com/advantagepadeluk,,,https://www.google.com/maps?cid=8296347958481612399,,4.5,8,"Monday: 7am-10pm, Tuesday: 7am-10pm, Wednesday: 7am-10pm, Thursday: 7am-10pm, Friday: 7am-10pm, Saturday: 7am-10pm, Sunday: 7am-10pm",https://streetviewpixels-pa.googleapis.com/v1/thumbnail?panoid,,"On-site services, Wheelchair-accessible car park, Wheelchair-accessible entrance, Wheelchair-accessible seating, Wheelchair-accessible toilet, Toilet, Wi-Fi, LGBTQ+ friendly, Transgender safe space, Free parking lot, On-site parking"
Akot Padel,Sporting Goods Shop,45 Fitzroy St,"45 Fitzroy St, London W1T 6EB",London,W1T 6EB,United Kingdom,GB,07867600810,,,,,,,https://www.google.com/maps?cid=5236971228850159518,,,,"Monday: Open 24 hours, Tuesday: Open 24 hours, Wednesday: Open 24 hours, Thursday: Open 24 hours, Friday: Open 24 hours, Saturday: Closed, Sunday: Closed",https://streetviewpixels-pa.googleapis.com/v1/thumbnail?panoid,,"Credit cards, Debit cards, NFC mobile payments"
All Star Padel - King George's Park,Padel court,5 Mapleton Rd,"5 Mapleton Rd, London SW18 4AX",London,SW18 4AX,United Kingdom,GB,,info@allstartennis.co.uk,http://www.allstartennis.co.uk/padel,https://www.facebook.com/allstartennis,https://www.instagram.com/allstartennis01,,https://twitter.com/allstartennis,https://www.google.com/maps?cid=17657150398698943369,,5,1,"Monday: 9am-8pm, Tuesday: 9am-8pm, Wednesday: 9am-8pm, Thursday: 9am-8pm, Friday: 9am-8pm, Saturday: 9am-8pm, Sunday: 9am-8pm",https://lh3.googleusercontent.com/gps-cs-s/AG0ilSy0bnSNQ09nkbJAkVojrD1GFFUJJ2rvXARW2KXmQBDauHYSmJmYX8oapvsbeRx5BkljtabynRmst5DcX3QLhgmas3woweKMHopRa66lDqwgyDO1DEBYQTcvzhh5jWovmT6uj5P4Mg,,"Credit cards, Debit cards"
All Star Tennis & Padel - King George's Park,"Tennis court, Sports club, Tennis instructor","King George's Park, The Tennis Hut, Neville Gill Cl","King George's Park, The Tennis Hut, Neville Gill Cl, London SW18 2GJ",London,SW18 2GJ,United Kingdom,GB,02088714706,info@allstartennis.co.uk,https://www.allstartennis.co.uk/,https://www.facebook.com/allstartennis,https://www.instagram.com/allstartennis01,,https://twitter.com/allstartennis,https://www.google.com/maps?cid=7600660237856097536,,4.6,55,"Monday: 7am-9pm, Tuesday: 7am-9pm, Wednesday: 7am-9pm, Thursday: 7am-9pm, Friday: 7am-9pm, Saturday: 7am-9pm, Sunday: 7am-9pm",https://lh3.googleusercontent.com/p/AF1QipMlojitX-HQycc2b5iw_Are94J4HCxcz1voC_e3,,"On-site services, Wheelchair-accessible car park, Wheelchair-accessible entrance, Credit cards, Debit cards, NFC mobile payments"
Altrincham Pickleball Social Group,Sports club,"Marlborough Rd, Bowdon Rise","Marlborough Rd, Bowdon Rise, Hale, Altrincham WA14 2RS",Altrincham,WA14 2RS,United Kingdom,GB,,manchesterpickleball@gmail.com,https://apsg.webflow.io/,https://www.facebook.com/altrinchampickleball,https://www.instagram.com/altrincham_pickleball,,,https://www.google.com/maps?cid=17604744370373936010,,5,11,"Monday: Closed, Tuesday: Closed, Wednesday: Closed, Thursday: Closed, Friday: Closed, Saturday: 12:30-2:30pm, Sunday: Closed",https://lh3.googleusercontent.com/gps-cs-s/AG0ilSzzAvevYZszi3flndBj1NERMpIa6U8WJ21FGotDAX2m3ImFjOzdyamdNWfe-fLQZnxkTfT0yzcY96CK9pHjr7XqCZeoX0ILGHP_aqkxgfYtgW38AYKRx2YMwipRQavxtTeAcX-j1w,,"Wheelchair-accessible car park, Toilet"
Angel Pickleball,Sports club,7 Wethersfield Way,"7 Wethersfield Way, Wickford SS11 8XX",Wickford,SS11 8XX,United Kingdom,GB,07743753590,,,,,,,https://www.google.com/maps?cid=13279370513529748611,,5,1,"Monday: Open 24 hours, Tuesday: Open 24 hours, Wednesday: Open 24 hours, Thursday: Open 24 hours, Friday: Open 24 hours, Saturday: Open 24 hours, Sunday: Open 24 hours",https://lh3.googleusercontent.com/p/AF1QipNIF0L3Re58UHzs35keeHS09XQzqAll_8PQle2u,,Wheelchair-accessible car park
Anstey Gynsill Tennis club,"Tennis club, Coaching center, Pickleball court, Sports club, Table tennis facility","Corner of Gynsill Close and, Gorse Hill","Corner of Gynsill Close and, Gorse Hill, Anstey, Leicester LE7 7AN",Leicester,LE7 7AN,United Kingdom,GB,07525451833,,https://clubspark.lta.org.uk/AnsteyGynsillTennisClub,,,,,https://www.google.com/maps?cid=6267185235547968570,,4.7,6,"Monday: 6am-10pm, Tuesday: 6am-10pm, Wednesday: 6am-10pm, Thursday: 6am-10pm, Friday: 6am-10pm, Saturday: 6am-10pm, Sunday: 6am-10pm",https://lh3.googleusercontent.com/p/AF1QipNeaoiES4UHieYYZ4gNkMCpAdYmrU9Vp9CQCq9S,,"Wheelchair-accessible car park, Wheelchair-accessible entrance, Wheelchair-accessible toilet, Toilet, LGBTQ+ friendly, Transgender safe space, Free parking lot, On-site parking"
Ash Manor Tennis & Pickleball Club,Tennis club,Manor Rd,"Manor Rd, Ash, Aldershot GU12 6QH",Aldershot,GU12 6QH,United Kingdom,GB,07749599870,,http://www.ashmanortennis.co.uk/,,,,,https://www.google.com/maps?cid=7132066711630880283,,3.9,7,"Monday: 3:30-9pm, Tuesday: 3:30-9pm, Wednesday: 3:30-9pm, Thursday: 3:30-9pm, Friday: 1-9pm, Saturday: 8:30am-6pm, Sunday: 8:30am-6pm",https://lh3.googleusercontent.com/gps-cs-s/AG0ilSz44sgTTFjQ_HZf2BvJ5Jw1MyYyOzt4x46D4LpTbQIMpzsArxmrVzBSAcjmqRrsI0AfdnRC2u1A5xkCFDr24IkAfOiXPxyH4DXjKa0gRzhicx10T3TTb_h-2lzdYAOBV3k0CpzHYw,,"Wheelchair-accessible car park, Wheelchair-accessible entrance, Toilet"
Assembly Pickleball Club,Sports club,"RC, Assembly Point - Didsbury Barlow, Parrs Wood Rd","RC, Assembly Point - Didsbury Barlow, Parrs Wood Rd, Manchester M20 6BX",Manchester,M20 6BX,United Kingdom,GB,07414901659,,https://www.assemblypickleball.com/?utm_source=google&utm_medium=wix_google_business_profile&utm_campaign=10749760075151821677,,,,,https://www.google.com/maps?cid=11710065609873979421,https://www.assemblypickleball.com/bookings,5,4,,https://lh3.googleusercontent.com/p/AF1QipOSDm68wEqjAKuZhMGglI_wX_tmfNJXc7knV0FB,,"Wheelchair-accessible entrance, Toilet"
Avenue Tennis,"Gym, Bar, Health spa, Personal trainer, Pickleball court, Restaurant, Table tennis facility, Tennis club, Tennis instructor",Featherby Rd,"Featherby Rd, Gillingham ME8 6AN",Gillingham,ME8 6AN,United Kingdom,GB,01634386188,info@avenuetennis.co.uk,https://avenuetennis.co.uk/,https://www.facebook.com/avenuetennismedway,https://www.instagram.com/avenuetennis,,,https://www.google.com/maps?cid=10460343999498595823,,4.8,244,"Monday: 6am-10pm, Tuesday: 6am-10pm, Wednesday: 6am-10pm, Thursday: 6am-10:30pm, Friday: 6am-10:30pm, Saturday: 7am-8pm, Sunday: 8am-8pm",https://lh3.googleusercontent.com/gps-cs-s/AG0ilSyC6UY59pfLujjRLqao6WVlR4Py9EZ-GHmpRJEyMXFkmPUq9pNXXPEG2Y2e3w7zoI7vahRCdzBgsFOBvsPoBVZb7KTpwLdOJ5ydwXz6xzFFn_Fh7s4NP8m2KVBV9kFUqxVyBsuw,,"Outdoor services, On-site services, Online classes (no), Wheelchair-accessible car park, Wheelchair-accessible entrance, Wheelchair-accessible toilet, Sauna, Has a tennis court, Restaurant, Toilet, Shower, Credit cards, Debit cards, NFC mobile payments, Credit cards, Free parking lot, On-site parking"
Axholme North Leisure Centre,"Leisure centre, Badminton court, Fitness centre, Gym, Pickleball court, Swimming pool, Tennis court, Volleyball court",,"Wharf Rd, Crowle, Scunthorpe DN17 4HU",Scunthorpe,DN17 4HU,United Kingdom,GB,01724291900,,https://www.northlincs.gov.uk/leisure,https://www.facebook.com/northlincscouncil,https://www.instagram.com/northlincolnshirecouncil,,"https://x.com/northlincscnews, https://www.twitter.com/northlincscnews",https://www.google.com/maps?cid=2807535124332996742,,4.7,83,"Monday: 7am-9pm, Tuesday: 7am-9pm, Wednesday: 7am-9pm, Thursday: 7am-9pm, Friday: 7am-9pm, Saturday: 8am-12:30pm, Sunday: 8am-12:30pm",https://lh3.googleusercontent.com/gps-cs-s/AG0ilSywnwMoiUE5kIEVd1otZZ2NjzAkz9Oi7A6DWFsKaEiDZGXaTIFYEY7mJA5AdyV0nkOZZ2l4dJEfiV0J2boaP7RPkUff8H-y9OgjhQHy-zn6a6dpGzXdWPBunh_BlVnQD4Z_AbFjgw,,
Badfit,"Badminton club, Badminton court, Personal trainer, Pickleball court",Junior Sports Club,"Junior Sports Club, Wooburn Green, Bourne End SL8 5BS",Bourne End,SL8 5BS,United Kingdom,GB,07767047442,badfituk@gmail.com,http://www.badfit.co.uk/,,,,,https://www.google.com/maps?cid=8872131465568756929,,5,9,"Monday: 8am-10pm, Tuesday: 8am-10pm, Wednesday: 8am-10pm, Thursday: 8am-10pm, Friday: 8am-10pm, Saturday: 8am-10pm, Sunday: Closed",https://lh3.googleusercontent.com/p/AF1QipPJk4jISHvfKGbhZtQ5_U0ZUOO0ZRWe6cNgaXSX,,"Wheelchair-accessible car park, Toilet, Debit cards, Credit cards"
Bannatyne Health Club & Spa,"Padel court, Gym, Fitness centre, Spa, Swimming pool",36 Myton Rd,"36 Myton Rd, Thornaby, Stockton-on-Tees TS17 0WA",Stockton-on-Tees,TS17 0WA,United Kingdom,GB,01642766447,sales.ingleby@bannatyne.co.uk,https://www.bannatyne.co.uk/health-club/ingleby-barwick,"https://www.facebook.com/thebannatynegroup, https://en-gb.facebook.com/thebannatynegroup, https://www.facebook.com/bannatyne-health-club-ingleby-barwick-1585223278460312","https://www.instagram.com/bannatyneinglebybarwick, https://www.instagram.com/thebannatynegroup",,https://twitter.com/bannatyne,https://www.google.com/maps?cid=1965538173717514685,,4.3,244,"Monday: 6am-10pm, Tuesday: 6am-10pm, Wednesday: 6am-10pm, Thursday: 6am-10pm, Friday: 6am-10pm, Saturday: 8am-9:30pm, Sunday: 8am-9:30pm",https://lh3.googleusercontent.com/p/AF1QipMox0IOTvQwBPExiFaAsAMOcuLX0kA8fQS2yKQe,,"Outdoor services, Wheelchair-accessible car park, Wheelchair-accessible entrance, Wheelchair-accessible seating, Wheelchair-accessible toilet, Sauna, Swimming pool, Toilet, Credit cards, Debit cards, NFC mobile payments, Good for kids"
Barnet Copthall Leisure Centre,"Leisure centre, Badminton court, Fitness centre, Gym, Indoor playground, Pickleball court, Sports complex, Swimming pool, Swimming school, Weight-Loss Service",Champions Way,"Champions Way, London NW4 1PX",London,NW4 1PX,United Kingdom,GB,02084579900,barnet.copthall@gll.org,https://www.better.org.uk/leisure-centre/london/barnet/barnet-copthall-leisure-centre?utm_source=google&utm_medium=organic&utm_campaign=google_my_business,https://www.facebook.com/betteruk/,https://www.instagram.com/better_uk/,,"https://x.com/gll_uk, https://twitter.com/better_uk",https://www.google.com/maps?cid=9406848036794206594,,4,736,"Monday: 6am-10pm, Tuesday: 6am-10pm, Wednesday: 6am-10pm, Thursday: 6am-10pm, Friday: 6am-10pm, Saturday: 6:30am-5pm, Sunday: 8am-6pm",https://lh3.googleusercontent.com/gps-cs-s/AG0ilSyzGL_4-Y7a_StmI2Py0fq-tN7S90F4VxtUPaxSuyvD6tg_jqEcc_OznywCIOhG5eqNueSz9HarzSutJXNikQTcbd9q4VPaPM9lxY8PhntriZKqHFvVJ90SCLx8eAhb0rTM9Yau,"Home of Saracens rugby club and a leisure centre with a swimming pool, gym and driving range.","On-site services, Wheelchair-accessible car park"
Barnsley Padel Club,Sports club,Shaw Ln,"Shaw Ln, Barnsley S70 6HZ",Barnsley,S70 6HZ,United Kingdom,GB,,,https://www.facebook.com/share/1AGtmF1cwd/,https://www.facebook.com/share/1agtmf1cwd/,,,,https://www.google.com/maps?cid=4066728434751063207,https://playtomic.com/clubs/barnsley-padel-club,4.7,12,"Monday: 8am-10pm, Tuesday: 8am-10pm, Wednesday: 8am-10pm, Thursday: 8am-10pm, Friday: 8am-10pm, Saturday: 8am-10pm, Sunday: 8am-10pm",https://lh3.googleusercontent.com/p/AF1QipMjh3xe0EO23Q4JYowSjcvsTrQ45INGaKSVXkBU,,"Wheelchair-accessible car park, Toilet, Free of charge street parking, Free parking lot, On-site parking"
Bartholomew Sports Centre,"Sports complex, Badminton court, Basketball court, Fitness centre, Gym, Personal trainer, Pickleball court, Football pitch, Football Practice",Back Ln,"Back Ln, Eynsham, Witney OX29 4QP",Witney,OX29 4QP,United Kingdom,GB,01865731090,,https://www.better.org.uk/leisure-centre/west-oxfordshire/bartholomew-sports-centre?utm_source=google&utm_medium=organic&utm_campaign=google_my_business,https://www.facebook.com/betteruk/,https://www.instagram.com/better_uk/,,"https://x.com/gll_uk, https://twitter.com/better_uk",https://www.google.com/maps?cid=18352618543791469040,,4,58,"Monday: 7-11:30am / 3-10pm, Tuesday: 7-11:30am / 3-10pm, Wednesday: 7-11:30am / 3-10pm, Thursday: 7-11:30am / 3-10pm, Friday: 7-11:30am / 3-10pm, Saturday: 9am-5pm, Sunday: 9am-5pm",https://lh3.googleusercontent.com/gps-cs-s/AG0ilSzDLCpIKyTucYxkf77tPrZSA3cGnGNMRwX7e0gTk2TDge1UYIc1ISTCvFpvKZnWe0U8vYIPbOzHw7LxoHyrxoxnzMRt--oplFhUAGVQO84VdIn_XvRXCw_rSnUSkqZ_I3sTRbsqQg,,"Wheelchair-accessible car park, Wheelchair-accessible entrance, Credit cards, Debit cards, NFC mobile payments, Credit cards"
Basingstoke Pickleball Club,Sports club,"Costello Sports Hall, Crossborough Hill","Costello Sports Hall, Crossborough Hill, Basingstoke RG21 4AL",Basingstoke,RG21 4AL,United Kingdom,GB,01256973969,,,,,,,https://www.google.com/maps?cid=4588329683445992891,,5,1,"Monday: Closed, Tuesday: 7:30-9:30pm, Wednesday: Closed, Thursday: 7:30-9:30pm, Friday: Closed, Saturday: 2-4pm, Sunday: Closed",https://lh3.googleusercontent.com/p/AF1QipP0-tgN5Yjs324AfOTcRvPODJPY3wY4BSihn4oO,,"Wheelchair-accessible car park, Toilet"
Basketball & Pickleball court,Basketball court,6 Fanton Gardens,"6 Fanton Gardens, Wickford SS11 8QP",Wickford,SS11 8QP,United Kingdom,GB,,,,,,,,https://www.google.com/maps?cid=2586377426253199911,,,,,https://streetviewpixels-pa.googleapis.com/v1/thumbnail?panoid,,
Bassline Padel Coaching,"Padel club, Sportswear Shop",Langworthgate,"Langworthgate, Lincoln LN2 4AD",Lincoln,LN2 4AD,United Kingdom,GB,07812411412,info@doddingtonhall.com,https://www.doddingtonhall.com/padel/,"https://www.facebook.com/doddingtonhallandgardens, https://www.facebook.com/wilderdoddington","https://www.instagram.com/doddingtonhall, https://www.instagram.com/wilderdoddington, https://www.instagram.com/doddingtonpadel",,https://twitter.com/doddingtonhall,https://www.google.com/maps?cid=899502576522003771,,5,5,"Monday: 8am-2pm, Tuesday: 8am-2pm, Wednesday: 8am-2pm, Thursday: 8am-2pm, Friday: 8am-2pm, Saturday: Closed, Sunday: Closed",https://streetviewpixels-pa.googleapis.com/v1/thumbnail?panoid,,"Wheelchair-accessible car park, Wheelchair-accessible entrance, Toilet"
Bath Tennis Shop,"Tennis Shop, Padel club, Sports accessories wholesaler, Sports equipment rental service, Sportswear Shop, Squash club, Tennis club","Lansdown Tennis Club, Northfields","Lansdown Tennis Club, Northfields, Bath BA1 5TN",Bath,BA1 5TN,United Kingdom,GB,07973672693,shop@blueskytennis.co.uk,https://blueskytennisshop.square.site/,https://facebook.com/blueskytennis360,,,https://twitter.com/blueskytennis1,https://www.google.com/maps?cid=10024923191067751360,,3.7,3,"Monday: 9am-8pm, Tuesday: 9am-8pm, Wednesday: 9am-8pm, Thursday: 9am-8pm, Friday: 9am-8pm, Saturday: 9am-8pm, Sunday: 10am-5pm",https://lh3.googleusercontent.com/p/AF1QipPv5rUrP0tIA8zaPkGcLx-Ji_pk6BLM5Fsjm990,,"Quick visit, Credit cards, Debit cards, NFC mobile payments"
Battersea Power Station,"Padel court, Bar, Cultural landmark, Food court, Ice skating rink, Indoor playground, Historical landmark, Restaurant, Shopping Centre, Tourist attraction",Circus Rd W,"Circus Rd W, Nine Elms, London SW11 8DD",London,SW11 8DD,United Kingdom,GB,02081766500,sales@bpsdc.co.uk,https://batterseapowerstation.co.uk/?utm_source=gbp&utm_medium=organic&utm_campaign=google_business_profile,https://www.facebook.com/batterseapwrstn,https://www.instagram.com/batterseapwrstn,,https://twitter.com/batterseapwrstn,https://www.google.com/maps?cid=10853886050594607453,,4.6,27711,"Monday: 10am-8pm, Tuesday: 10am-8pm, Wednesday: 10am-8pm, Thursday: 10am-8pm, Friday: 10am-8pm, Saturday: 10am-8pm, Sunday: 12-6pm",https://lh3.googleusercontent.com/gps-cs-s/AG0ilSzfyXNwIocQJhXOdNGCMUsTrEL3JER7lA-mMoDX6fiMSM-l2X4L5xhBDCQZ1oxFwpqIeToMXdhSEA6BDVMy7Ay8K1sWcH2W4T8TEvcMuwpISfHzFblcvkYednpIPAqIFEaitddB,"Repurposed riverside Victorian power station featuring luxury shops, dining & entertainment.","On-site services, Wheelchair-accessible car park, Wheelchair-accessible entrance, Wheelchair-accessible toilet, Good for kids, On-site parking"
Beaulieu Padel,Padel club,Channels Dr,"Channels Dr, Broomfield, Chelmsford CM3 3FB",Chelmsford,CM3 3FB,United Kingdom,GB,07565111499,,https://www.beaulieupadel.com/,,"http://www.instagram.com/beaulieupadel, https://www.instagram.com/beaulieupadel",,,https://www.google.com/maps?cid=10838850572247707222,,,,,https://lh3.googleusercontent.com/gps-cs-s/AG0ilSwIXeVyl0xZe2Vu-pHqAe4LzBhkN9JClDHFFKtK39fS7D-TgDtOs8IXbyc8azEgKgq5W-nSkkTzgvEyIcIKUe6ZPkwAYPnzflFJ31Ayc5Ua8ierJTPSo-4NVijHrZ8V_1H8x_UBsIsqQjF-,,"Wheelchair-accessible car park, Toilet, On-site parking"
Bedford Padel Club,"Padel club, Service establishment",,,,,,,,,,,,,,https://www.google.com/maps?cid=8240877747549466832,,5,2,,https://lh3.googleusercontent.com/p/AF1QipOYI1KVLiNiOQK_7bx5nsR6D7znGCdb_xZJzyL0,,
Bedford Pickleball,"Outdoor sports shop, Exercise Equipment Shop, Sporting Goods Shop",151 Goldington Rd,"151 Goldington Rd, Bedford MK40 3EL",Bedford,,United Kingdom,GB,,info@bedfordpickleball.co.uk,https://www.bedfordpickleball.co.uk/,,https://www.instagram.com/bedfordpickleballuk,,,https://www.google.com/maps?cid=646586752642277488,,,,"Monday: 9am-8:30pm, Tuesday: 9am-8:30pm, Wednesday: 9am-8:30pm, Thursday: 9am-8:30pm, Friday: 9am-8:30pm, Saturday: 9am-8:30pm, Sunday: 9am-8:30pm",https://streetviewpixels-pa.googleapis.com/v1/thumbnail?panoid,,
Bentley Pickleball,Sports club,Widney Cl,"Widney Cl, Bentley Heath, Solihull B93 9AS",Solihull,B93 9AS,United Kingdom,GB,07890996716,,,,,,,https://www.google.com/maps?cid=17556463981682174993,,3.3,3,,https://streetviewpixels-pa.googleapis.com/v1/thumbnail?panoid,,
Berko Padel,Padel court,,"Cow Roast, Tring HP23 5RF",Tring,,United Kingdom,GB,,info@pitchero.com,https://www.berkohockeyclub.com/a/berko-padel-69607.html,"https://www.facebook.com/v3.2/dialog/oauth, https://www.facebook.com/berkohockey, https://www.facebook.com/pitchero","https://www.instagram.com/berkohockey, https://www.instagram.com/bepitchero",,"https://twitter.com/pitchero, https://twitter.com/berkohockey",https://www.google.com/maps?cid=12781181829371006999,,5,4,"Monday: 10am-10pm, Tuesday: 10am-10pm, Wednesday: 10am-10pm, Thursday: 10am-10pm, Friday: 10am-10pm, Saturday: 10am-10pm, Sunday: 10am-9pm",https://lh3.googleusercontent.com/gps-cs-s/AG0ilSwZ7yzGd9US6uB5mIbgIrCG_UENk7qz18spw8UPbS0_bZIw5_zNmGTNqZfA1LiOzIbGSKOvfwXQ61sXJhfI7UY8RKrRFMICPu2s3WqvAJ_Uq0B4_uRZqRjm7MqurJAcqm9J4bzCKTgak3g,,"Wheelchair-accessible car park, Wheelchair-accessible entrance, Credit cards, Debit cards, NFC mobile payments"
Better Gym Sleaford,"Leisure centre, Fitness centre, Gym, Personal trainer, Pickleball court, Sauna, Football pitch, Squash court, Swimming pool, Swimming school","Oakside Park Industrial Estate, East Rd","Oakside Park Industrial Estate, East Rd, Sleaford NG34 7EH",Sleaford,NG34 7EH,United Kingdom,GB,01529304770,gymsleaford@gll.org,https://www.better.org.uk/leisure-centre/north-kesteven/better-gym-sleaford?utm_source=google&utm_medium=organic&utm_campaign=google_my_business,https://www.facebook.com/betteruk/,https://www.instagram.com/better_uk/,,"https://twitter.com/better_uk, https://x.com/gll_uk",https://www.google.com/maps?cid=16380118262854891988,,4.5,84,"Monday: 6:30am-10pm, Tuesday: 6:30am-10pm, Wednesday: 6:30am-10pm, Thursday: 6:30am-9pm, Friday: 6:30am-9pm, Saturday: 8am-4pm, Sunday: 8am-2pm",https://lh3.googleusercontent.com/p/AF1QipMW-l1tA0-0QhaWNMJYn529kEGXv69DqiI50dJN,,"On-site services, Wheelchair-accessible car park, Wheelchair-accessible entrance, Wheelchair-accessible toilet, Sauna, Restaurant (no)"
Bexley Padel Club,Sports club,"College Farm Cottages, Manor Way","College Farm Cottages, Manor Way, Bexley DA5 3QG",Bexley,DA5 3QG,United Kingdom,GB,,,,,,,,https://www.google.com/maps?cid=17684039270332508511,,4.8,4,,,,"Wheelchair-accessible car park, Toilet"
Blazing Padels,Sports club,Q4G6+VQ,"Q4G6+VQ, Reepham, Norwich NR10 4SB",Norwich,NR10 4SB,United Kingdom,GB,01603327054,info@blazingpadels.com,https://www.blazingpadels.com/,https://www.facebook.com/p/herbies-caf%c3%a9-61568694547994,"https://www.instagram.com/herbiescafe, https://www.instagram.com/blazingpadels, https://www.instagram.com/blazingpadels/",,,https://www.google.com/maps?cid=1704137139120188709,,4.7,23,"Monday: 6am-11pm, Tuesday: 6am-11pm, Wednesday: 6am-11pm, Thursday: 6am-11pm, Friday: 6am-11pm, Saturday: 6am-11pm, Sunday: 6am-11pm",https://lh3.googleusercontent.com/gps-cs-s/AG0ilSwAQdMCXNdhp14pL1bPijMB0fL4m0Gw35gkUSct4Q4o-IvHSVldEKevalGQXeW7_bLDJvBISaOdlWooEL3u3ph_hL74TM5cHdEqa9WltyYuOcgpwY2mjBZMgpzhwq_HTfLHrGch,,"On-site services, Wheelchair-accessible car park, Wheelchair-accessible entrance, Wheelchair-accessible toilet, Gender-neutral toilets, Toilet, Wi-Fi, LGBTQ+ friendly, Transgender safe space, On-site parking"
Bliss Padel Coaching,"Coaching center, Service establishment",,,,,,,07484363102,,,,,,,https://www.google.com/maps?cid=11734427118174637719,,,,,,,
Bodmin Leisure Centre,"Leisure centre, Fitness centre, Gym, Indoor playground, Pickleball court, Football pitch, Squash court, Swimming pool, Swimming school, Tennis court",,"Lostwithiel Rd, Bodmin PL31 1DE",Bodmin,PL31 1DE,United Kingdom,GB,0120875715,bodmin@gll.org,https://www.better.org.uk/leisure-centre/cornwall/bodmin-leisure-centre?utm_source=google&utm_medium=organic&utm_campaign=google_my_business,https://www.facebook.com/betteruk/,https://www.instagram.com/better_uk/,,"https://x.com/gll_uk, https://twitter.com/better_uk",https://www.google.com/maps?cid=10459301408181281853,,4.3,260,"Monday: 6:30am-9pm, Tuesday: 6:30am-9pm, Wednesday: 6:30am-9pm, Thursday: 6:30am-9pm, Friday: 6:30am-8pm, Saturday: 7:30am-4pm, Sunday: 9am-4pm",https://lh3.googleusercontent.com/gps-cs-s/AG0ilSwaaacyIi84HIWk4B32CD8SWAGNTa54c6rBJbk_b4XhbtvBuFXJVqxJ3NZA0l8HSF9osnp5CPWjeURHqlHyTaZUUDrUBeQVdYnnukTE9VnDtANKcNit_BLJrtg0YxAD5k6wOoKvDw,,
BOUNC,Padel club,"K4, Ordnance Rd","K4, Ordnance Rd, Buckshaw Village, Chorley PR7 7EL",Chorley,PR7 7EL,United Kingdom,GB,,,https://www.instagram.com/bounc.pdl,,https://www.instagram.com/bounc.pdl,,,https://www.google.com/maps?cid=13612697922717076398,,5,39,"Monday: Open 24 hours, Tuesday: Open 24 hours, Wednesday: Open 24 hours, Thursday: Open 24 hours, Friday: Open 24 hours, Saturday: Open 24 hours, Sunday: Open 24 hours",https://lh3.googleusercontent.com/gps-cs-s/AG0ilSxOKby_DW1xSb6qln3bELBgkDjYOCw4f0fxYqkTKXFW2vvdqlVYAPTP8U3ubWOsFZ9P5hNUXPkSWrmNrKuc7UKc8CCf37yFlzWbto4ZvkyzTEfKrTd9HJPrA44OjQZryGlo23V6hOWTxlY,,
Brakepoint Padel Club,Padel club,Unit 4c Simmonds Rd,"Unit 4c Simmonds Rd, Canterbury CT1 3RA",Canterbury,CT1 3RA,United Kingdom,GB,01227506478,info@brakepointpadel.co.uk,https://brakepointpadel.co.uk/,,,,,https://www.google.com/maps?cid=9652946948700363881,,4.9,17,"Monday: 6am-11pm, Tuesday: 6am-11pm, Wednesday: 6am-11pm, Thursday: 6am-11pm, Friday: 6am-11pm, Saturday: 6am-11pm, Sunday: 6am-11pm",https://lh3.googleusercontent.com/gps-cs-s/AG0ilSzOnQEVYPj0rWfpdDhFgLcc92OOnUeXyfD4T2qad6cxf3YTSHxIO2GyCeoC2xdpz0UcYs_Lcgi1AgoIXWG0_RGz7MQ_W_YdO_StFXlmfugbl4pnv0JUUATL6jznO9TMLHl31bXOx-uxZGku,,"Wheelchair-accessible car park, Toilet"
Brean Padel,Padel court,Red Rd,"Red Rd, Burnham-on-Sea TA8 2FG",Burnham-on-Sea,TA8 2FG,United Kingdom,GB,01278752111,groups@unityholidays.co.uk,https://www.breancountryclub.co.uk/the-padel-courts,https://www.facebook.com/unitybrean,https://www.instagram.com/holidayresortunity,,https://x.com/breansands,https://www.google.com/maps?cid=2897854218650406340,,5,1,"Monday: 9am-8pm, Tuesday: 9am-8pm, Wednesday: 9am-8pm, Thursday: 9am-8pm, Friday: 9am-8pm, Saturday: 9am-8pm, Sunday: 9am-5pm",https://lh3.googleusercontent.com/p/AF1QipO3RRrILpq1GKo4whISKEbO9hG9zoT7uTl70JuR,,"Wheelchair-accessible car park, Credit cards, Debit cards, NFC mobile payments"
Brentwood Padel Club,"Sports club, Service establishment",,,,,,,07973117427,info@padel123.co.uk,https://www.padel123.co.uk/,https://www.facebook.com/brentwoodpadelclub,,,,https://www.google.com/maps?cid=10313321668845949420,,,,"Monday: 7am-10pm, Tuesday: 7am-10pm, Wednesday: 7am-10pm, Thursday: 7am-10pm, Friday: 7am-10pm, Saturday: 7am-10pm, Sunday: 7am-10pm",https://lh3.googleusercontent.com/p/AF1QipNKIda6jjWBRx4iy62ZI5Ww0cagX_-9ObMVik3a,,
Brio Northgate,"Leisure centre, Badminton court, Gym, Pickleball court, Public swimming pool, Squash court, Table tennis facility",,"Victoria Rd, Chester CH2 2AU",Chester,CH2 2AU,United Kingdom,GB,01244380444,northgate@brioleisure.org,https://www.brioleisure.org/centres/brio-northgate,"https://www.facebook.com/brioleisure, https://www.facebook.com/northgatearena",https://www.instagram.com/brio_leisure,,,https://www.google.com/maps?cid=4334390042553380055,,3.8,1197,"Monday: 6:30am-10pm, Tuesday: 6:30am-10pm, Wednesday: 6:30am-10pm, Thursday: 6:30am-10pm, Friday: 6:30am-10pm, Saturday: 8am-8pm, Sunday: 8am-8pm",https://lh3.googleusercontent.com/gps-cs-s/AG0ilSwM3h7XkYVHGXREJj19uJxONlVfoRTfbvVg2mHX0Qnkgn1BcMbN69pshdSDjtkUbaMTu2CjFBK178ZoB-vLXabHExKqPFrXQqR3RWsLkbDYSWUX7TiUWuRQc9V1mWJRFygFmPGolg,,
British Padel Academy,Padel club,30 White House Rd,"30 White House Rd, Ipswich IP1 5LT",Ipswich,IP1 5LT,United Kingdom,GB,07800753628,hello@britishpadelacademy.com,https://www.britishpadelacademy.com/,https://www.facebook.com/britishpadelacademy,https://www.instagram.com/britishpadelacademy,,,https://www.google.com/maps?cid=1735730328769261889,https://www.britishpadelacademy.com/?utm_source=organic&utm_medium=GMB,5,28,"Monday: 8am-10pm, Tuesday: 8am-10pm, Wednesday: 8am-10pm, Thursday: 8am-10pm, Friday: 8am-10pm, Saturday: 8am-10pm, Sunday: 8am-10pm",https://lh3.googleusercontent.com/p/AF1QipP3wC0yvMMmj3yOC9IrZwEdhlQI2FaklhZuefBF,,Toilet
Broughton Padel,Sports club,26 Whittingham Ln,"26 Whittingham Ln, Broughton, Preston PR3 5DA",Preston,PR3 5DA,United Kingdom,GB,07777685210,,https://clubspark.lta.org.uk/BroughtonPadel,,,,,https://www.google.com/maps?cid=1852542171817419473,,5,2,"Monday: 8am-10pm, Tuesday: 8am-10pm, Wednesday: 8am-10pm, Thursday: 8am-10pm, Friday: 8am-10pm, Saturday: 8am-10pm, Sunday: 8am-10pm",https://lh3.googleusercontent.com/p/AF1QipM1DpTVEEQXlrm5E0mT-BrHf_PrsgAYqZ0p5JxX,,"Wheelchair-accessible car park, Wheelchair-accessible entrance, Toilet, On-site parking"
Burnholme Sports Centre,"Sports complex, Badminton court, Fitness centre, Gym, Indoor playground, Pickleball court, Football pitch, Leisure centre","Burnholme Sports Centre, Mossdale Ave.","Burnholme Sports Centre, Mossdale Ave., Tang Hall, York YO31 0HA",York,YO31 0HA,United Kingdom,GB,01904403063,,https://www.better.org.uk/leisure-centre/york/burnholme?utm_source=google&utm_medium=organic&utm_campaign=google_my_business,https://www.facebook.com/betteruk/,https://www.instagram.com/better_uk/,,"https://twitter.com/better_uk, https://x.com/gll_uk",https://www.google.com/maps?cid=8539076507572011152,,4.6,111,"Monday: 7am-9pm, Tuesday: 7am-9pm, Wednesday: 7am-9pm, Thursday: 7am-9pm, Friday: 7am-9pm, Saturday: 8am-4pm, Sunday: 8am-4pm",https://lh3.googleusercontent.com/gps-cs-s/AG0ilSzJ0ZjiCq8pcnaNsAxMdonsu96FtP4jrGYOHFLjayKHn2jw4VSVy_W4QG9ajK6MS8fSlyLLCLkwQmqd5f16QGgSXkHCUfPTh5RGY35yT3-h35MXshDprmKYsB3TB-RpkCmYUSL1,,
"Buxton Sports Centre, Harpur Hill","Sports complex, Badminton court, Basketball court, Pickleball court",Trenchard Dr,"Trenchard Dr, Buxton SK17 9JY",Buxton,SK17 9JY,United Kingdom,GB,07791028138,hhsportscentre@gmail.com,http://buxtonsportscentre.org/,https://www.facebook.com/buxtonsportscentre,https://www.instagram.com/buxtonsportscentre,,,https://www.google.com/maps?cid=871327736151025078,,4.5,13,"Monday: 9am-10pm, Tuesday: 9am-10pm, Wednesday: 9am-10pm, Thursday: 9am-10pm, Friday: 9am-10pm, Saturday: 9am-10pm, Sunday: 9am-10pm",https://lh3.googleusercontent.com/p/AF1QipP262FbeybgGQIf3_JfDX5G2SuyhVqT1oXxt0IP,,"On-site services, Wheelchair-accessible car park, Wheelchair-accessible entrance, On-site parking"
Cafe and Clubhouse at The Padel Club Cheltenham,Coffee shop,Runnings Rd,"Runnings Rd, Cheltenham GL51 9NQ",Cheltenham,GL51 9NQ,United Kingdom,GB,,,,,,,,https://www.google.com/maps?cid=11773807926029854741,,,,,https://streetviewpixels-pa.googleapis.com/v1/thumbnail?panoid,,"Dine-in, Great coffee, Great dessert, Great tea selection, Solo dining, Wheelchair-accessible car park, Wheelchair-accessible entrance, Coffee, Quick bite, Dessert, Toilet, Casual, Groups, Tourists, Credit cards, Debit cards, NFC mobile payments"
Carbon Padel Club,Padel club,"Unit 9, Vaughan Street Industrial Estate, Vaughan St","Unit 9, Vaughan Street Industrial Estate, Vaughan St, West Gorton, Manchester M12 5BT",Manchester,M12 5BT,United Kingdom,GB,07395606835,hello@carbonpadelclub.co.uk,https://carbonpadelclub.co.uk/,,https://www.instagram.com/carbonpadelclub,,,https://www.google.com/maps?cid=3856376620808763963,,4.8,85,"Monday: 6am-12am, Tuesday: 6am-12am, Wednesday: 6am-12am, Thursday: 6am-12am, Friday: 6am-12am, Saturday: 6am-12am, Sunday: 6am-12am",https://lh3.googleusercontent.com/gps-cs-s/AG0ilSzcnRGVOjSQ9PvGS0TcYoQ8cer34EZ_KthH0zgJPTrx1guCIS3fIbMaJshM9-73WdwwPAHpNxiYaD8TJtzVR_c6KxfbfUFYcYGINR9_b1zkInIJQtMQTO6L_Szl9letpkrto426V8HwTdTH,,"Wheelchair-accessible car park, Wheelchair-accessible entrance, Wheelchair-accessible toilet, Toilet, Free parking lot, On-site parking"
Carbon Padel Ltd,Warehouse,"Gladman House, Alexandria Way","Gladman House, Alexandria Way, Congleton CW12 1LB",Congleton,CW12 1LB,United Kingdom,GB,,,,,,,,https://www.google.com/maps?cid=1597337265647460560,,,,,https://streetviewpixels-pa.googleapis.com/v1/thumbnail?panoid,,
Cardiff Pickleball Club,Sports club,,Cardiff CF23 5EP,Cardiff,,United Kingdom,GB,,,https://www.cardiffpickleballclub.co.uk/,,,,,https://www.google.com/maps?cid=12345570847739236811,,5,3,,https://lh3.googleusercontent.com/gps-cs-s/AG0ilSylQUqmqQhe3oNd5ldTZWfoIiaCJ9aF3UWo77Q6YncyNa8kV-YNMwsW_hwKu-dC__XcXsJ8KGpAOgpCSbWNtNxaVrhlcyGEwtKBt-y32wSK_u2GdY4DBWjqSFlhopMFAa_JX6VelujENcEq,,Toilet
Carisbrooke Lawn Tennis Club,"Tennis club, Bar, Events Venue, Pickleball court",Kenwood Rd,"Kenwood Rd, Leicester LE2 3PJ",Leicester,LE2 3PJ,United Kingdom,GB,07816067652,enquiries@carisbrooketennis.co.uk,http://carisbrooketennis.co.uk/,,,,,https://www.google.com/maps?cid=14829402136787042904,https://www.carisbrooketennis.co.uk/clubhouse-hire,4.7,103,"Monday: 7am-11pm, Tuesday: 7am-11pm, Wednesday: 7am-11pm, Thursday: 7am-11pm, Friday: 7am-12am, Saturday: 7am-12am, Sunday: 7am-11pm",https://lh3.googleusercontent.com/gps-cs-s/AG0ilSwbSDmRbmjtSKcWpebf2biGYpMmLCqMwBurmdd1smTZzfc0JM6UC5me_WG4D1cSJHOVSsYUmijC_BqxhneBi1goJrYtuNOxV3VJRg3eg5xEwtXrSlFSojQWDHteTqQoPVqvhK790Q,,"Wheelchair-accessible car park, Wheelchair-accessible entrance, Wheelchair-accessible toilet, Toilet, Wi-Fi, Swimming pool, Membership required, Free of charge street parking, Free parking lot, On-site parking"
Carterton Leisure Centre,"Leisure centre, Badminton court, Fitness centre, Gym, Indoor playground, Netball club, Pickleball court, Sports complex, Swimming pool, Table tennis facility",,"Broadshires Way, Carterton OX18 1AA",Carterton,OX18 1AA,United Kingdom,GB,01993840933,,https://www.better.org.uk/leisure-centre/west-oxfordshire/carterton-leisure-centre?utm_source=google&utm_medium=organic&utm_campaign=google_my_business,https://www.facebook.com/betteruk/,https://www.instagram.com/better_uk/,,"https://twitter.com/better_uk, https://x.com/gll_uk",https://www.google.com/maps?cid=7323554691249684754,,4.2,310,"Monday: 6am-10pm, Tuesday: 6am-10pm, Wednesday: 6am-10pm, Thursday: 6am-10pm, Friday: 6am-10pm, Saturday: 7am-5pm, Sunday: 7am-5pm",https://lh3.googleusercontent.com/gps-cs-s/AG0ilSxTGZovsHd4iTTN-D262EPJu4dte1jV6qz8_jUMCkCo9zMG4er9_k4g9oJ-vE5FN7kEBy8ZBn5ouN9wl8F42GzMndcWvGB_QxJvxqWbWVxxyDyFI-I45t9jQO9j_lFKa3W7N2AW,"Swimming and sports centre offering 25m and learner pools, a gym, exercise programmes and a creche.",
Cartmell Pickleball,Sports club,17 Lune Rd,"17 Lune Rd, Lancaster LA1 5QU",Lancaster,LA1 5QU,United Kingdom,GB,07523866116,,https://clubspark.lta.org.uk/CartmellTennisCoaching,,,,,https://www.google.com/maps?cid=8076632977609393298,,,,"Monday: Open 24 hours, Tuesday: Open 24 hours, Wednesday: Open 24 hours, Thursday: Open 24 hours, Friday: Open 24 hours, Saturday: Open 24 hours, Sunday: Open 24 hours",https://streetviewpixels-pa.googleapis.com/v1/thumbnail?panoid,,Toilet
Casa del Padel,"Padel court, Pickleball court","Enterprise House, 17 Cherry Farm Cl","Enterprise House, 17 Cherry Farm Cl, Malton YO17 6AS",Malton,YO17 6AS,United Kingdom,GB,07951321198,,https://casadelpadel.club/,https://www.facebook.com/people/casa-del-padel/61573556875000,https://www.instagram.com/casadelpadel_,,,https://www.google.com/maps?cid=17019064060680789050,,4.8,14,"Monday: 6am-10pm, Tuesday: 6am-10pm, Wednesday: 6am-10pm, Thursday: 6am-10pm, Friday: 6am-10pm, Saturday: 8am-8pm, Sunday: 8am-8pm",https://lh3.googleusercontent.com/gps-cs-s/AG0ilSzpfFrPzkiYvjXpnSlQaA9PG3CEQLUXp5cUNAx4H4B7-6aRdCEJgrn0J8HNEYbjA-TMMWFIXU-RMSL6ASeiIiEV-luuf8WbeptJFQssmWNzau_T1ZCqBO-7xSEnu9ZCtWunT3k,,"On-site services, Wheelchair-accessible car park, Wheelchair-accessible entrance, Wheelchair-accessible toilet, Credit cards, Debit cards, NFC mobile payments, On-site parking"
Castle Acre Tennis and Pickleball Club,Sports club,114 St James Green,"114 St James Green, Castle Acre, King's Lynn PE32 2BB",King's Lynn,PE32 2BB,United Kingdom,GB,,,https://clubspark.lta.org.uk/castle-acre-tennis-and-pickleball-club,,,,,https://www.google.com/maps?cid=1488498914997505331,,,,,https://streetviewpixels-pa.googleapis.com/v1/thumbnail?panoid,,"Wheelchair-accessible car park, Toilet"
Catford Padel Collective,Sports club,"Catford Wanderers Sports Club, Beckenham Hill Rd","Catford Wanderers Sports Club, Beckenham Hill Rd, London SE6 3NU",London,SE6 3NU,United Kingdom,GB,,hello@padelcollective.club,https://www.padelcollective.club/,,https://www.instagram.com/catfordpadelcollective,,,https://www.google.com/maps?cid=16389716456946588654,,5,2,"Monday: 7am-10pm, Tuesday: 7am-10pm, Wednesday: 7am-10pm, Thursday: 7am-10pm, Friday: 7am-10pm, Saturday: 7am-10pm, Sunday: 7am-10pm",https://streetviewpixels-pa.googleapis.com/v1/thumbnail?panoid,,Toilet
Centre Court Padel,Sports club,Ruskin Sports Village,"Ruskin Sports Village, Saint Helens WA10 6RP",Saint Helens,WA10 6RP,United Kingdom,GB,,info@centrecourtpadel.com,https://www.centrecourtpadel.com/,https://www.facebook.com/profile.php,https://www.instagram.com/centrecourt_padel,,,https://www.google.com/maps?cid=7808238813402060169,,3.6,7,"Monday: 7am-10pm, Tuesday: 7am-10pm, Wednesday: 7am-10pm, Thursday: 7am-10pm, Friday: 7am-10pm, Saturday: 7am-9pm, Sunday: 7am-9pm",https://lh3.googleusercontent.com/p/AF1QipPThHeMA1KUWp8vbfiy1BXI3mFnh1gWSQD7OGI1,,"Wheelchair-accessible car park, Toilet"
Cherry Hinton Village Leisure Centre,"Leisure centre, Badminton court, Basketball court, Fitness centre, Function room facility, Gym, Pickleball court, Football Practice, Sports complex",,"Colville Rd, Cherry Hinton, Cambridge CB1 9EJ",Cambridge,CB1 9EJ,United Kingdom,GB,01223576412,,https://www.better.org.uk/leisure-centre/cambridge/cherryhintonvillageleisurecentre?utm_source=google&utm_medium=organic&utm_campaign=google_my_business,https://www.facebook.com/betteruk/,https://www.instagram.com/better_uk/,,"https://x.com/gll_uk, https://twitter.com/better_uk",https://www.google.com/maps?cid=12684709851625882459,,4.4,168,"Monday: 9am-9:30pm, Tuesday: 9am-9:30pm, Wednesday: 9am-9:30pm, Thursday: 4-9pm, Friday: 11am-8pm, Saturday: 9am-5pm, Sunday: 9am-1pm",https://lh3.googleusercontent.com/gps-cs-s/AG0ilSxKYq_j78PmVj_cNhn89jxwDBIIAp31vhx8ut2oCs1bisAFs0D4vVSv_LeIiVje4IIrW3F0nk_wsbg0yc2qr7tx21nuyoZV8mLKn6CdEePmsGtwQN91U1xxxEjPHOWdbnmGS_jgsA,,
Cheshire Padel,Padel court,Newcastle Rd,"Newcastle Rd, Nantwich CW5 7EP",Nantwich,CW5 7EP,United Kingdom,GB,07502621856,cheshirepadel@gmsil.com,https://www.cpadel.co.uk/,,,,,https://www.google.com/maps?cid=3076470019264210942,https://playtomic.io/cheshire-padel-open-19th-august/805ef29e-4598-4bf3-b549-d5d5b7be6618?search__dateValue=2024-07-13&search__sportValue=PADEL&search__timeValue=21%3A00,5,20,"Monday: 7am-10pm, Tuesday: 7am-10pm, Wednesday: 7am-10pm, Thursday: 7am-10pm, Friday: 7am-10pm, Saturday: 7am-10pm, Sunday: 7am-10pm",https://lh3.googleusercontent.com/p/AF1QipN5JsCf8cdXHjNSrVMd6jtT2u5RsMKVcQ8WFAeD,,"Wheelchair-accessible car park, Wheelchair-accessible entrance, Credit cards, Debit cards, NFC mobile payments, Free parking lot, On-site parking"
Chester and North Wales Golf Academy & Padel Tennis,"Padel court, Golf driving range","Chester Road, Bretton","Chester Road, Bretton, Chester CH4 0DF",Chester,CH4 0DF,United Kingdom,GB,01244683999,scott.booth@foremostgolf.com,https://www.cnwgolfacademy.co.uk/,,,,,https://www.google.com/maps?cid=10439783890397364405,,4.7,184,"Monday: 10am-9pm, Tuesday: 10am-9pm, Wednesday: 10am-9pm, Thursday: 10am-9pm, Friday: 10am-9pm, Saturday: 8am-7pm, Sunday: 8am-7pm",https://lh3.googleusercontent.com/p/AF1QipN8g1pThRw0iYoqh_PMYi2G0q5fwWjq0KIsOeqJ,,"On-site services, Wheelchair-accessible car park, Wheelchair-accessible entrance, Credit cards, Debit cards, NFC mobile payments, Credit cards, On-site parking"
Chichester Racquets & Fitness Club,"Sports club, Fitness centre, Gym, Padel club, Squash club, Tennis club",Oaklands Park,"Oaklands Park, Chichester PO19 6AR",Chichester,PO19 6AR,United Kingdom,GB,01243785664,reception@crafc.co.uk,http://crafc.co.uk/,https://facebook.com/crafc64,,,https://twitter.com/crafc64,https://www.google.com/maps?cid=15560912092577471359,,4.6,84,"Monday: 6:30am-10pm, Tuesday: 6:30am-10pm, Wednesday: 6:30am-10pm, Thursday: 6:30am-10pm, Friday: 6:30am-11pm, Saturday: 8am-8pm, Sunday: 8am-7pm",https://lh3.googleusercontent.com/p/AF1QipOcz5t2x-AFBMs5SjdvnTTlRGkMu2min6dytxmq,,"Wheelchair-accessible car park, Wheelchair-accessible entrance, Wheelchair-accessible seating, Wheelchair-accessible toilet, Toilet, Wi-Fi, LGBTQ+ friendly, On-site parking"
Church Broughton Tennis Club,"Tennis club, Padel court, Tennis court",Bent Ln,"Bent Ln, Church Broughton, Derby DE65 5BA",Derby,DE65 5BA,United Kingdom,GB,07375354948,,https://clubspark.lta.org.uk/ChurchBroughtonTennisClub,,,,,https://www.google.com/maps?cid=18342297405838419685,,4.7,11,"Monday: 7am-10pm, Tuesday: 7am-10pm, Wednesday: 7am-10pm, Thursday: 7am-10pm, Friday: 7am-10pm, Saturday: 7am-10pm, Sunday: 7am-10pm",https://lh3.googleusercontent.com/p/AF1QipNWOFkcj1XJfElHZzKbCZ_UxW0VPp4qd3e5wJPw,,"Wheelchair-accessible car park, Wheelchair-accessible entrance, Wheelchair-accessible toilet, Toilet, LGBTQ+ friendly, Transgender safe space"
City Padel Exeter,Padel club,"Unit A, B, Hill Barton Business Park, Mushroom Rd","Unit A, B, Hill Barton Business Park, Mushroom Rd, Clyst St Mary, Exeter EX5 1SB",Exeter,EX5 1SB,United Kingdom,GB,01392305507,,http://www.citypadelexeter.com/,https://www.facebook.com/profile.php,"https://www.instagram.com/citypadelexeter/, https://www.instagram.com/citypadelexeter",,,https://www.google.com/maps?cid=7119925637358540027,,4.9,41,"Monday: 7am-10pm, Tuesday: 7am-10pm, Wednesday: 7am-10pm, Thursday: 7am-10pm, Friday: 7am-10pm, Saturday: 8am-10pm, Sunday: 8am-10pm",https://lh3.googleusercontent.com/p/AF1QipMErLGIiZD0bi11_rb7ORXQeIJZ4-21d1pyQNgb,,"On-site services, Wheelchair-accessible car park, Wheelchair-accessible entrance, Wheelchair-accessible seating, Wheelchair-accessible toilet, Gender-neutral toilets, Toilet, Wi-Fi, LGBTQ+ friendly, Free parking lot, On-site parking"
Club de Padel,Padel club,Owen St.,"Owen St., Manchester M15 4YB",Manchester,M15 4YB,United Kingdom,GB,07881686904,hey@clubdepadel.co.uk,https://www.clubdepadel.co.uk/,,https://www.instagram.com/clubdepadeluk,https://www.linkedin.com/company/club-de-padel,,https://www.google.com/maps?cid=9339516038766036155,,4.6,74,"Monday: 7am-10pm, Tuesday: 7am-10pm, Wednesday: 7am-10pm, Thursday: 7am-10pm, Friday: 7am-10pm, Saturday: 7am-10pm, Sunday: 7am-10pm",https://lh3.googleusercontent.com/gps-cs-s/AG0ilSwiCuQ-bPKUgT_kJnOaujpJKUpp_FCoSgKSkXMgtXsYqj_Tw2hRLWOyTL_byT1qEDdRUYue_su6nWO4KBADwqa5QXnj2TrSNRf817UHYBZiPMnZ1yoZEXwmvhcBBxwpTmme-1bqvg,,"Wheelchair-accessible car park, Wheelchair-accessible entrance, Toilet"
Club de Padel Sheffield,Padel club,Boyland St,"Boyland St, Neepsend, Sheffield S3 8AS",Sheffield,S3 8AS,United Kingdom,GB,07933846742,hey@clubdepadel.co.uk,https://www.clubdepadel.co.uk/,,https://www.instagram.com/clubdepadeluk,https://www.linkedin.com/company/club-de-padel,,https://www.google.com/maps?cid=18423954728856732831,,4.6,23,"Monday: 6am-11pm, Tuesday: 6am-11pm, Wednesday: 6am-11pm, Thursday: 6am-11pm, Friday: 6am-11pm, Saturday: 6am-11pm, Sunday: 6am-11pm",https://lh3.googleusercontent.com/p/AF1QipMvVswYBrDp0QoRLW_HZhUDQnBIBXFMwivXUyA2,,"Wheelchair-accessible car park, Wheelchair-accessible entrance, Wheelchair-accessible seating, Wheelchair-accessible toilet, Toilet, Wi-Fi"
Club Kingswood,"Padel court, Beauty Salon, Fitness centre, Gym, Pilates studio, Sauna, Squash court, Swimming pool, Weightlifting area, Yoga studio",Clayhill Ln,"Clayhill Ln, Basildon SS16 5JP",Basildon,SS16 5JP,United Kingdom,GB,01268522954,info@clubkingswood.co.uk,http://www.clubkingswood.co.uk/,https://www.facebook.com/clubkingswood,https://www.instagram.com/clubkingswood,,,https://www.google.com/maps?cid=6078146477875548838,https://clubkingswood.co.uk/contact-us-1#0817c72b-82e2-42c1-a8b6-2bfc1c0f2083,4.8,277,"Monday: 6am-10:30pm, Tuesday: 6am-10:30pm, Wednesday: 6am-10:30pm, Thursday: 6am-10:30pm, Friday: 6am-10:30pm, Saturday: 8am-6:30pm, Sunday: 8am-6:30pm",https://lh3.googleusercontent.com/gps-cs-s/AG0ilSzwsup0A8VMI45Au5zLcpg_ybSBoUPIQrt5-L8iITvwfShZu_-dFET8pqtGDIsE9evFxAsry-Hay_Gf4dydPlXk8VEHEnQwVGn5QLgtDB6gayFWQENMaU_GclpbRkhR5qaTjG-b-A,,"Outdoor services, On-site services, Online classes (no), Wheelchair-accessible car park, Wheelchair-accessible entrance, Wheelchair-accessible seating, Wheelchair-accessible toilet (no), Child care, Restaurant, Swimming pool, Toilet, Wi-Fi, Wi-Fi, Swimming pool, Shower, Membership required, Credit cards, Debit cards, NFC mobile payments, Credit cards, On-site parking"
CLUBHOUSE,Padel club,"Unit 1, The Peel Centre, Whitebirk Dr","Unit 1, The Peel Centre, Whitebirk Dr, Blackburn BB1 3NT",Blackburn,BB1 3NT,United Kingdom,GB,,info@theclubhouseuk.com,https://www.theclubhouseuk.com/,,https://www.instagram.com/clubhouse.blackburn,https://www.linkedin.com/company/clubhouse-uk,,https://www.google.com/maps?cid=15206937412889705676,,4.3,31,"Monday: 6am-11pm, Tuesday: 6am-11pm, Wednesday: 6am-11pm, Thursday: 6am-11pm, Friday: 6am-11:30pm, Saturday: 7am-11:30pm, Sunday: 7am-11:30pm",https://lh3.googleusercontent.com/p/AF1QipOKuCS3px0EjUCrw_7kv1oEAwgwbiPPjXXl3SRE,,"On-site services, Wheelchair-accessible car park, Wheelchair-accessible entrance, Wheelchair-accessible toilet, Toilet, Wi-Fi, Free parking lot, On-site parking"
Coach Calli - Padel & Squash Training,Coaching center,"Basset Down Golf Complex, Padel4all, Hay Ln","Basset Down Golf Complex, Padel4all, Hay Ln, Swindon SN4 9QW",Swindon,SN4 9QW,United Kingdom,GB,07871785250,info@coachcalli.co.uk,https://www.coachcalli.co.uk/,,,,,https://www.google.com/maps?cid=133917852759963771,,5,6,"Monday: 8am-10pm, Tuesday: 8am-10pm, Wednesday: 8am-10pm, Thursday: 8am-10pm, Friday: 8am-10pm, Saturday: 8am-10pm, Sunday: 8am-10pm",https://lh3.googleusercontent.com/p/AF1QipOfuY62KesiRAcJcxVblGBWQswa2jb_KCfoTUVv,,"On-site services, Wheelchair-accessible car park, Gender-neutral toilets, LGBTQ+ friendly, Transgender safe space, Appointment required, Free parking lot, On-site parking"
Coldharbour Leisure Centre,"Padel court, Fitness centre, Function room facility, Gym, Leisure centre, Football pitch, Sports complex, Tennis court, Weight-Loss Service",Chapel Farm Rd,"Chapel Farm Rd, Coldharbour Estate, London SE9 3LX",London,SE9 3LX,United Kingdom,GB,02088518692,coldharbour@gll.org,https://www.better.org.uk/leisure-centre/london/greenwich/coldharbour-leisure-centre?utm_source=google&utm_medium=organic&utm_campaign=google_my_business,https://www.facebook.com/betteruk/,https://www.instagram.com/better_uk/,,"https://twitter.com/better_uk, https://x.com/gll_uk",https://www.google.com/maps?cid=18383173600931591601,,4.1,257,"Monday: 7am-9:30pm, Tuesday: 7am-9:30pm, Wednesday: 7am-9:30pm, Thursday: 7am-9:30pm, Friday: 7am-9pm, Saturday: 9am-5pm, Sunday: 9am-5pm",https://lh3.googleusercontent.com/gps-cs-s/AG0ilSy1tWS8KHGcNDwfIZLao0pujrIVTnt8cC4__N0h7P648nB4JX1nd4sUUn8Tewfq6PZ-xo8HqUPzG_127UQsxtS0OCILlaS52uM_gUYPAZgRrrTVCoPD0ALHOAI96Rj8xoT-EXXTEw,,
Comet Pickleball,Sports club,Stowupland Sports Centre,"Stowupland Sports Centre, Stowupland, Stowmarket IP14 4BQ",Stowmarket,IP14 4BQ,United Kingdom,GB,07392078919,,,,,,,https://www.google.com/maps?cid=7331648591584059919,,,,"Monday: 7-9pm, Tuesday: 7:30-9:30pm, Wednesday: Closed, Thursday: Closed, Friday: Closed, Saturday: Closed, Sunday: Closed",https://lh3.googleusercontent.com/p/AF1QipPEBXge7kuJ8QfJ_AD1XAyHu8b8birWNjYoG3A4,,"Wheelchair-accessible car park, On-site parking"
Comets Pickleball,Pickleball court,St Margarets Ln,"St Margarets Ln, Titchfield, Fareham PO14 4BS",Fareham,PO14 4BS,United Kingdom,GB,,play@cometspickleball.com,http://www.cometspickleball.com/,https://www.facebook.com/profile.php,https://www.instagram.com/cometspickleball,,,https://www.google.com/maps?cid=11122399042972567344,,,,"Monday: 8-9:30pm, Tuesday: Closed, Wednesday: Closed, Thursday: 6-8pm, Friday: 7:30-9pm, Saturday: Closed, Sunday: Closed",https://streetviewpixels-pa.googleapis.com/v1/thumbnail?panoid,,"On-site services, Wheelchair-accessible car park"
Connect Padel Birmingham,Padel club,Moseley Rugby Club,"Moseley Rugby Club, Moseley, Birmingham B13 0HN",Birmingham,B13 0HN,United Kingdom,GB,,info@connectpadeluk.com,https://www.connectpadeluk.com/,https://www.facebook.com/connectpadeluk,https://www.instagram.com/connectpadeluk,https://www.linkedin.com/company/connect-padel-uk,,https://www.google.com/maps?cid=3643015641510545954,,4.9,37,"Monday: 8am-10pm, Tuesday: 8am-10pm, Wednesday: 8am-10pm, Thursday: 8am-10pm, Friday: 8am-10pm, Saturday: 8am-8pm, Sunday: 8am-8pm",https://lh3.googleusercontent.com/p/AF1QipOXh-RtfaeQhxGxH1o3SevxcfdsnoLMqM-XlTjC,,"Wheelchair-accessible car park, Wheelchair-accessible entrance, Toilet, On-site parking"
Connect2Padel,Padel club,24 Rajar Walk,"24 Rajar Walk, Mobberley, Knutsford WA16 7GG",Knutsford,WA16 7GG,United Kingdom,GB,,,https://connect2padel.com/,,https://www.instagram.com/connect2padel,https://www.linkedin.com/in/jo-patterson-connect2padel-2b3981261,,https://www.google.com/maps?cid=4764106499971957242,,,,,https://streetviewpixels-pa.googleapis.com/v1/thumbnail?panoid,,"Wheelchair-accessible car park, Toilet"
Corcuera Padel Club,Clothing supplier,Fowler Rd,"Fowler Rd, Edwalton, Nottingham NG12 4JS",Nottingham,NG12 4JS,United Kingdom,GB,,sales@corcuerapadelclub.com,https://www.corcuerapadelclub.com/,,,,,https://www.google.com/maps?cid=627563597365263202,,5,14,"Monday: Open 24 hours, Tuesday: Open 24 hours, Wednesday: Open 24 hours, Thursday: Open 24 hours, Friday: Open 24 hours, Saturday: Open 24 hours, Sunday: Open 24 hours",https://lh3.googleusercontent.com/p/AF1QipMpkVsVTg4siGDrMD6FPnk8o3zvst67nfrNmduK,,On-site services (no)
Core Padel,Padel club,Redfern Rd,"Redfern Rd, Tyseley, Birmingham B11 2BE",Birmingham,B11 2BE,United Kingdom,GB,01218208344,info@corepadel.uk,https://www.corepadel.uk/,,,,,https://www.google.com/maps?cid=16766254703331534810,,4.3,42,"Monday: 6am-1am, Tuesday: 6am-1am, Wednesday: 6am-1am, Thursday: 6am-2am, Friday: 6am-2am, Saturday: 7am-2am, Sunday: 7am-1am",https://lh3.googleusercontent.com/gps-cs-s/AG0ilSwv2ULNFXdGhIjvg_DTmpxigQKlBI4nCQgED--R8DYFXj5XemeTFxq9c5zsjpFazVTGfuIismYo_kCLziA9sYJgsgWBNh2jmjFPPZebHMyb03d9m5Bpu2_FTnqIHq_t0AsgmOGAtfOzrZXP,,"On-site services, Wheelchair-accessible car park, Wheelchair-accessible entrance, Wheelchair-accessible toilet, Toilet, Wi-Fi, On-site parking"
Corulo Padel Ltd,Sportswear Shop,141 Salcott Rd,"141 Salcott Rd, London SW11 6DG",London,SW11 6DG,United Kingdom,GB,07805976765,corulopadel@gmail.com,https://corulopadel.com/,,https://www.instagram.com/corulopadel,,,https://www.google.com/maps?cid=12147781878599456774,,,,,https://streetviewpixels-pa.googleapis.com/v1/thumbnail?panoid,,"Credit cards, Debit cards, NFC mobile payments"
Country Padel Co,Padel club,"Farm, Dowsetts Ln","Farm, Dowsetts Ln, Ware SG11 1EF",Ware,SG11 1EF,United Kingdom,GB,,,https://www.matchi.se/facilities/countrypadelco,https://www.facebook.com/matchisports,https://www.instagram.com/matchisports,https://www.linkedin.com/company/matchi,,https://www.google.com/maps?cid=6603357553997324984,,5,7,"Monday: 6am-10pm, Tuesday: 6am-10pm, Wednesday: 6am-10pm, Thursday: 6am-10pm, Friday: 6am-10pm, Saturday: 6am-10pm, Sunday: 10am-4pm",,,"Wheelchair-accessible car park, Wheelchair-accessible entrance, Toilet"
Court De Padel,Padel club,Whiffler Rd,"Whiffler Rd, Norwich NR3 2AG",Norwich,NR3 2AG,United Kingdom,GB,07926688615,info@courtdepadel.com,https://courtdepadel.com/,https://www.facebook.com/p/court-de-padel-61576096637767,https://www.instagram.com/courtdepadel,,,https://www.google.com/maps?cid=12050480174517109598,,5,13,,https://lh3.googleusercontent.com/gps-cs-s/AG0ilSxPpYU-kuaQhiRPY8QUtaGa7qPtrC8TdBqf3b5OLF1nOb4lPoahOF-2FXyWS0qE4L7uqBY-p1aDnL3G714LtUqwsB5ENnxxuGFJJMAN-ca0i7oSgf3BA5xdT_6tMnyWzjb1z9MyeAIGb2iT,,"On-site services, Wheelchair-accessible car park, Wheelchair-accessible entrance, Wheelchair-accessible seating, Wheelchair-accessible toilet, Assistive hearing loop (no), Toilet, Wi-Fi, Swimming pool, Free of charge street parking"
CourtFit Padel Ltd,Sports club,Seven Hills Rd,"Seven Hills Rd, Cobham KT11 1EW",Cobham,KT11 1EW,United Kingdom,GB,07825155349,info@courtfitpadel.co.uk,https://www.courtfitpadel.co.uk/,"https://www.facebook.com/profile.php, https://www.facebook.com/courtfituk","https://www.instagram.com/courtfituk, https://www.instagram.com/courtfitpadel",,,https://www.google.com/maps?cid=6389783113991092393,,4.2,10,"Monday: 7am-10pm, Tuesday: 7am-10pm, Wednesday: 7am-10pm, Thursday: 7am-10pm, Friday: 7am-10pm, Saturday: 7am-10pm, Sunday: 7am-10pm",https://lh3.googleusercontent.com/p/AF1QipOPp4PXhaOz_N9w4S5WYyciLoPkgiWDuUplaoMO,,"On-site services, Wheelchair-accessible car park, Wheelchair-accessible toilet, Toilet"
Courtside Pickleball,Sports club,Mill Race Ln,"Mill Race Ln, Stourbridge DY8 1JN",Stourbridge,DY8 1JN,United Kingdom,GB,,info@courtsidepickleball.co.uk,https://www.courtsidepickleball.co.uk/,https://www.facebook.com/profile.php,https://www.instagram.com/courtsidepickleballuk,,,https://www.google.com/maps?cid=2127774887748460890,,,,,https://streetviewpixels-pa.googleapis.com/v1/thumbnail?panoid,,"On-site services, Toilet"
Crewe Vagrants Sports Club,"Sports club, Bar, Cricket club, Events Venue, Function room facility, Gym, Hockey club, Padel court, Squash court, Wedding venue",Newcastle Rd,"Newcastle Rd, Nantwich CW5 7EP",Nantwich,CW5 7EP,United Kingdom,GB,01270569506,info@crewevagrants.co.uk,http://www.crewevagrants.co.uk/,https://www.facebook.com/crewevagrants,,,,https://www.google.com/maps?cid=5782161028390599557,,4.3,373,,https://lh3.googleusercontent.com/gps-cs-s/AG0ilSxkrhdZcpxOlku2sbLTJ36pxsa0ayTbkifRC0BZypnhhLCeTtulmpgaGIOwvfjQLjCVDGyDO1OaKEDUNAPodEyOnjusPODcdOJwjoe210QpPAIbRJUaw-wa9CvD_thWQWFYjF4,,"Wheelchair-accessible car park, Wheelchair-accessible entrance, Wheelchair-accessible seating, Wheelchair-accessible toilet, Assistive hearing loop (no), Toilet, Wi-Fi, Swimming pool, Free parking lot, On-site parking"
Cromer Lawn Tennis & Racket Sports,"Tennis club, Function room facility, Pickleball court, Racketball Club, Social club, Sports club, Squash club, Table tennis club",Norwich Rd,"Norwich Rd, Cromer NR27 0EX",Cromer,NR27 0EX,United Kingdom,GB,01263513741,,https://www.cromertennisclub.co.uk/,,,,,https://www.google.com/maps?cid=11054262571088221134,,4.6,110,"Monday: 9am-9pm, Tuesday: 9am-9pm, Wednesday: 9am-9pm, Thursday: 9am-9pm, Friday: 9am-9pm, Saturday: 9am-9pm, Sunday: 9am-6pm",https://lh3.googleusercontent.com/p/AF1QipNTtHmZckitGrzhIWm9XKHtbm4HNteI-SHvZDKi,,"Wheelchair-accessible car park, Wheelchair-accessible toilet, Toilet, Wi-Fi, Swimming pool, LGBTQ+ friendly, Free parking lot, On-site parking"
Cross Court Padel,Sports club,Upton Rd,"Upton Rd, Poole BH17 7AH",Poole,BH17 7AH,United Kingdom,GB,07403647434,info@crosscourtpadel.co.uk,https://www.crosscourtpadel.co.uk/,https://www.facebook.com/crosscourtpadel,,,,https://www.google.com/maps?cid=4668412044230204971,,4.6,23,,https://lh3.googleusercontent.com/gps-cs-s/AG0ilSzIY0eUeKhIFmjt5WOAkyv6y6Jopg6zBHVfLyt74zU9KRwYX6VtgqRr4RuIYaUgI0RtIug9KULQrH9PRUIYip7YddAWeqvT_gGJ4I4r-zXWJ_cnfsuQT95mhbGnxiBoIUeCP5OMHpGmj0Tc,,"On-site services, Wheelchair-accessible car park, Wheelchair-accessible entrance, Toilet, Wi-Fi, Swimming pool, Free parking lot, On-site parking"
Crowborough Tennis and Squash Club Ltd,"Tennis club, Padel club, Pickleball court, Racketball Club, Squash club","Studio 1, Crowborough Tennis and Squash Club, Church Rd","Studio 1, Crowborough Tennis and Squash Club, Church Rd, Crowborough TN6 1BN",Crowborough,TN6 1BN,United Kingdom,GB,01892652618,play@ctsc.club,https://ctsc.club/,"https://www.facebook.com/beautyculturecrowborough/, http://www.facebook.com/crowtsc","https://www.instagram.com/crowboroughrackets, https://www.instagram.com/crowboroughtennis/",https://www.linkedin.com/company/crowborough-tennis-and-squash-club-ltd,http://www.twitter.com/crowtsc,https://www.google.com/maps?cid=15034984278613487047,,4.8,44,"Monday: 9:30am-10:30pm, Tuesday: 9:30am-10:30pm, Wednesday: 9:30am-10:30pm, Thursday: 9:30am-10:30pm, Friday: 9:30am-10:30pm, Saturday: Closed, Sunday: 9am-4pm",https://lh3.googleusercontent.com/p/AF1QipNXUa-20XztwNBglYVMExW0XQqBWuAq--l3BZiB,,"Wheelchair-accessible car park, Toilet, Wi-Fi, Swimming pool"
Croydon Pickleball,"Sports club, Service establishment",,,,,,,07834392026,,https://www.croydonpickleball.com/,https://www.facebook.com/profile.php,https://www.instagram.com/croydonpickleball,,,https://www.google.com/maps?cid=17290011712288778687,,,,"Monday: Open 24 hours, Tuesday: Open 24 hours, Wednesday: Open 24 hours, Thursday: Open 24 hours, Friday: Open 24 hours, Saturday: Open 24 hours, Sunday: Open 24 hours",https://lh3.googleusercontent.com/p/AF1QipMxYbzFsWrejgbgXajkOpcHODdSV-gCScSm1-9Z,,
Crystal Palace Padel Courts,Padel court,CWCJ+F4,"CWCJ+F4, London SE19 2GA",London,,United Kingdom,GB,,,https://www.better.org.uk/what-we-offer/activities/padel,"https://www.facebook.com/betteruk, https://www.facebook.com/betteruk/","https://www.instagram.com/better_uk/, https://www.instagram.com/better_uk",,"https://x.com/gll_uk, https://twitter.com/better_uk",https://www.google.com/maps?cid=6174666315765900654,,4,4,,https://lh3.googleusercontent.com/gps-cs-s/AG0ilSzHXKyCbrL60JghAlPlvbT1sEUnTiEGweOZf4Bh5WbanzV6Y2jCvVcGjzecSMN4VtIuCTeVN-_SssM2l_iI_06n6LXBPkxZ3K6-Li4VvywfPbavtXvsS8TR1fm1kBDTjkPNuHXNkQ,,"Credit cards, Debit cards, NFC mobile payments"
Cubero The Padel Coach,"Coaching center, Padel club, Padel court, Sports club","Unit 9, Vaughan Street Industrial Estate, Vaughan St","Unit 9, Vaughan Street Industrial Estate, Vaughan St, West Gorton, Manchester M12 5BT",Manchester,M12 5BT,United Kingdom,GB,07858897464,,https://www.instagram.com/cuberothepadelcoach/,,https://www.instagram.com/cuberothepadelcoach/,,,https://www.google.com/maps?cid=127187453783924163,,4.8,46,"Monday: Open 24 hours, Tuesday: Open 24 hours, Wednesday: Open 24 hours, Thursday: Open 24 hours, Friday: Open 24 hours, Saturday: Open 24 hours, Sunday: Open 24 hours",https://lh3.googleusercontent.com/p/AF1QipMAXsEpw0DJGAIrxAUNTHT_y9uwgw83PbLv8jOu,,"On-site services, Assistive hearing loop, Wheelchair-accessible car park, Wheelchair-accessible entrance, Wheelchair-accessible seating, Wheelchair-accessible toilet, LGBTQ+ friendly, Transgender safe space, On-site parking"
Cwmbran Celts Pickleball Club,Sports club,"The Stadium, Henllys Way","The Stadium, Henllys Way, Cwmbran NP44 3YS",Cwmbran,NP44 3YS,United Kingdom,GB,,torfaenpickleballclub@gmail.com,http://cwmbran-pickleball.co.uk/,,,,,https://www.google.com/maps?cid=15695966365292772921,,,,,https://streetviewpixels-pa.googleapis.com/v1/thumbnail?panoid,,"Wheelchair-accessible car park, Toilet"
Daventry Pickleball,Pickleball court,Ashby Rd,"Ashby Rd, Daventry NN11 0QF",Daventry,NN11 0QF,United Kingdom,GB,07441396336,admin@westnorthantspickleball.com,https://www.daventrywellness.co.uk/,https://www.facebook.com/wnpickleballcic,https://www.instagram.com/wnpickleballcic,http://www.linkedin.com/company/wnpickleballcic,,https://www.google.com/maps?cid=3822472612439846051,,5,3,"Monday: Closed, Tuesday: Closed, Wednesday: 7-8pm, Thursday: Closed, Friday: Closed, Saturday: Closed, Sunday: Closed",https://lh3.googleusercontent.com/gps-cs-s/AG0ilSz1ulonfBxaAtpHW_wCyRQmxAKbOgUapi-z4lPkJWTVuy8QEYd-nkZET3fDad2cKm9W6bTfXVz7rs9e2iRfZ72Tr8TCmQTh1WDj9EoftmgbuGhMz6X7Gdam0CbKSn_80wwqsqZZ,,
Daytime Dinkers Pickleball Club,"Pickleball court, Sports club","Leisure Centre, Guildford Rd","Leisure Centre, Guildford Rd, Fetcham, Leatherhead KT22 9AS",Leatherhead,KT22 9AS,United Kingdom,GB,07774112104,anapbm@gmail.com,https://daytimedinkerspickleballclub.co.uk/,,https://www.instagram.com/daytimedinkerspickleballclub,,,https://www.google.com/maps?cid=632666129217644248,,5,1,"Monday: 10am-12pm, Tuesday: Closed, Wednesday: 11:30am-1:30pm, Thursday: Closed, Friday: 12:30-2:30pm, Saturday: Closed, Sunday: Closed",https://lh3.googleusercontent.com/p/AF1QipMjKlcz6TD7uDe7OYLwL3ack0bkpMYf94jZ41YI,,
Decathlon,"Sporting Goods Shop, Bicycle repair shop, Bicycle Shop, Camping Shop, Exercise Equipment Shop, Outdoor sports shop, Pickleball court, Running Shop, Football Shop, Tennis Shop",9 Maritime St,"9 Maritime St, London SE16 7FU",London,SE16 7FU,United Kingdom,GB,,,https://www.decathlon.co.uk/store-view/sport-shop-london-surrey-quays-0070024000240?utm_campaign=london-surrey-quays&utm_medium=organic&utm_source=google,,,,,https://www.google.com/maps?cid=3774533309073827273,https://activities.decathlon.co.uk/en-GB/d/decathlon-surrey-quays,4.6,4201,"Monday: 9am-8pm, Tuesday: 9am-8pm, Wednesday: 9am-8pm, Thursday: 9am-8pm, Friday: 9am-8pm, Saturday: 9am-8pm, Sunday: 11am-5pm",https://lh3.googleusercontent.com/gps-cs-s/AG0ilSxUjBrQHy-yZU9q9-4oBYqp3a1R16WjwSR2ZEK4kkq03uM3vw7avilDg6RcfqrZIV105WLQArQUM4vhk6sr1cqne69KvnEfdPTYmYYgdsvlUkvUUfwFIfRKOJl1YU157lB3euLUuA,,"Delivery, In-store pick-up, In-store shopping, On-site services, Wheelchair-accessible car park, Wheelchair-accessible entrance, Wi-Fi, Wi-Fi, LGBTQ+ friendly, Quick visit, Credit cards, Debit cards, NFC mobile payments, Credit cards, Paid parking lot"
Delta Tennis Centre,"Tennis court, Function room facility, Pickleball court, Sports complex",Welton Rd,"Welton Rd, Westlea, Swindon SN5 7XF",Swindon,SN5 7XF,United Kingdom,GB,01793872699,delta@gll.org,https://www.better.org.uk/leisure-centre/swindon/delta-tennis-centre?utm_source=google&utm_medium=organic&utm_campaign=google_my_business,https://www.facebook.com/betteruk/,https://www.instagram.com/better_uk/,,"https://twitter.com/better_uk, https://x.com/gll_uk",https://www.google.com/maps?cid=4403744743958905306,,4.5,113,"Monday: 9am-9pm, Tuesday: 9am-9pm, Wednesday: 9am-9pm, Thursday: 12-9pm, Friday: 12-9pm, Saturday: 9am-4pm, Sunday: 9am-4pm",https://lh3.googleusercontent.com/gps-cs-s/AG0ilSzeXy9qcM5tKApDct1RUa8I5hpO1f8lENTBTxunsgD3SlkhIyz88DT0DmowCVOFzUD-Rl4rUAsY8i9yceqeoqiW_icjLGI1NJZY1aOixSNCMVoFNFEq6N5gALROKlK3FbDMZZc,,"Wheelchair-accessible car park, Wheelchair-accessible entrance, Credit cards, Debit cards, NFC mobile payments, Credit cards"
Destination Padel - Cheadle,Padel court,"4E, Stanley Green Trading Estate, Duke Ave","4E, Stanley Green Trading Estate, Duke Ave, Cheadle Hulme, Cheadle SK8 6RB",Cheadle,SK8 6RB,United Kingdom,GB,,info@destination-padel.com,https://www.destination-padel.com/,,https://www.instagram.com/destination_padel/,,,https://www.google.com/maps?cid=8495170265138940747,,4.8,4,"Monday: 6am-10pm, Tuesday: 6am-10pm, Wednesday: 6am-10pm, Thursday: 6am-10pm, Friday: 6am-10pm, Saturday: 7am-10pm, Sunday: 7am-10pm",https://lh3.googleusercontent.com/gps-cs-s/AG0ilSzue3SRrOWU1OXGoJ4uBlTuWzP-8lDK9Du_YkzpqbSdrsiGR9K6YelV6N_GiKT2aAFMgeHj1nYrv4vSIUaBxoigArSp2KG90S5khtbjRQr8HoefxaFj5BSUJ9XhgQKrRyijVubx_omnBf7H,,"Wheelchair-accessible car park, Credit cards, Debit cards"
Destination Padel - Northwich,Padel court,"Units 41-43, Winnington BusIness Park","Units 41-43, Winnington BusIness Park, Northwich CW8 4DL",Northwich,CW8 4DL,United Kingdom,GB,01606538620,info@destination-padel.com,https://www.destination-padel.com/,,https://www.instagram.com/destination_padel/,,,https://www.google.com/maps?cid=14188705425890008743,,4.9,27,"Monday: 7am-10pm, Tuesday: 7am-10pm, Wednesday: 7am-10pm, Thursday: 7am-10pm, Friday: 7am-10pm, Saturday: 7am-9pm, Sunday: 8am-8pm",https://lh3.googleusercontent.com/gps-cs-s/AG0ilSx_6K6ak-boEsyJdWJRNsw-e7peiErIYu3hDyfWiKU3siferCLvo_LZoyjYiqHyjDTStVNEBPTQyL11uieHMBSmNHENqCzu24tmoy79_z-72-w2Buje6mDE1u31HLEWGx0gpUeudyZBWjxk,,"Wheelchair-accessible car park, Wheelchair-accessible entrance, Credit cards, Debit cards, NFC mobile payments"
Destino Padel,Padel club,3 Longland Ln,"3 Longland Ln, Newark NG22 8HW",Newark,NG22 8HW,United Kingdom,GB,,info@destinopadel.com,https://www.destinopadel.com/,https://www.facebook.com/destinopadel,https://www.instagram.com/destino_padel,,,https://www.google.com/maps?cid=16278636776296053255,,5,8,"Monday: 5am-10pm, Tuesday: 5am-10pm, Wednesday: 5am-10pm, Thursday: 5am-10pm, Friday: 5am-10pm, Saturday: 5am-10pm, Sunday: 5am-10pm",https://lh3.googleusercontent.com/p/AF1QipN5lyWXn2YKaER4mRfuZylHo5SD5PZoco3INl_1,,"Wheelchair-accessible car park, Wheelchair-accessible entrance, Toilet"
DEUCE PADEL,Sports club,,Rochdale OL12 6AE,Rochdale,,United Kingdom,GB,,,,,,,,https://www.google.com/maps?cid=9821242098970988076,,,,,https://streetviewpixels-pa.googleapis.com/v1/thumbnail?panoid,,Toilet
DHM Padel,Padel club,PC4P+C4,"PC4P+C4, Durham DH6 5JQ",Durham,,United Kingdom,GB,,,,,,,,https://www.google.com/maps?cid=11973008052614559412,,4.9,8,,https://streetviewpixels-pa.googleapis.com/v1/thumbnail?panoid,,"Wheelchair-accessible car park, Wheelchair-accessible entrance, Toilet"
Didcot Leisure Centre,"Leisure centre, Badminton court, Basketball court, Fitness centre, Function room facility, Pickleball court, Sports complex, Squash court, Table tennis facility, Volleyball court","Didcot Leisure Centre, Mereland Road, Didcot","Didcot Leisure Centre, Mereland Road, Didcot, Oxfordshire OX11 8AY",Oxfordshire,OX11 8AY,United Kingdom,GB,01235811250,didcot@gll.org,https://www.better.org.uk/leisure-centre/south-oxfordshire/didcot-leisure-centre?utm_source=google&utm_medium=organic&utm_campaign=google_my_business,https://www.facebook.com/betteruk/,https://www.instagram.com/better_uk/,,"https://x.com/gll_uk, https://twitter.com/better_uk",https://www.google.com/maps?cid=3992070188445285041,,3.9,100,"Monday: 5-10pm, Tuesday: 5-10pm, Wednesday: 5-10pm, Thursday: 5-10pm, Friday: 5-10pm, Saturday: 9am-12pm, Sunday: 9am-12pm",https://lh3.googleusercontent.com/gps-cs-s/AG0ilSySmZIegEQPxm1CazZlfDD91Y2eQxnYz4JI8rHAFvwPbxYdylPJ3ZIyaObquec-BpKTXvq2vtDWlBYfa4YEUM67qO8_ozV9AWfh0t_j9Bd8Ae1WFhM4vdjuc4bPdw-7Yl2iPMyJ7g,,
Dink Pickleball,Pickleball court,Ember Ln,"Ember Ln, Molesey, East Molesey KT8 0BT",East Molesey,KT8 0BT,United Kingdom,GB,07730486211,info@dinkpickleball.co.uk,https://www.dinkpickleball.co.uk/,https://www.facebook.com/143452122191220,https://www.instagram.com/tom.watson_pickleball,,,https://www.google.com/maps?cid=3772391117102334724,,5,2,"Monday: 9am-7pm, Tuesday: 9am-7pm, Wednesday: 9am-7pm, Thursday: 9am-7pm, Friday: 9am-7pm, Saturday: 9am-7pm, Sunday: 9am-7pm",https://streetviewpixels-pa.googleapis.com/v1/thumbnail?panoid,,"Wheelchair-accessible car park, Debit cards"
Dink Wisely Pickleball,Pickleball court,Indoor Tennis Centre,"Indoor Tennis Centre, Basingstoke RG21 4AG",Basingstoke,RG21 4AG,United Kingdom,GB,07546405359,,,,,,,https://www.google.com/maps?cid=16659642413071832626,,,,,https://lh3.googleusercontent.com/p/AF1QipMYbZ7Og_Gp1JuO-823Q-tNdEcoGjpU_HJlmFUl,,
DinkyDonk Pickleball,Pickleball court,Wooldale Rd,"Wooldale Rd, Northampton NN4 6TP",Northampton,NN4 6TP,United Kingdom,GB,07904064499,dinkydonkpickleball@gmail.com,https://dinkydonk.spond.club/,https://www.facebook.com/,https://www.instagram.com/dinkydonkpickleballclub,,,https://www.google.com/maps?cid=12476988408410786762,https://group.spond.com/AIKYU,3.7,3,,,,"Wheelchair-accessible car park, LGBTQ+ friendly, Transgender safe space, Free parking lot, Paid parking lot"
Discount Padel Holidays,"Travel Agent, Service establishment",,,,,,,07707106140,,https://www.discountpadelholidays.co.uk/,https://www.facebook.com/602014466322722,https://www.instagram.com/discountpadelholidays,,,https://www.google.com/maps?cid=2063342655572846425,,,,"Monday: Open 24 hours, Tuesday: Open 24 hours, Wednesday: Open 24 hours, Thursday: Open 24 hours, Friday: Open 24 hours, Saturday: Open 24 hours, Sunday: Open 24 hours",https://lh3.googleusercontent.com/p/AF1QipOZsOuUG2PLMrZv15ddm392wlrl2iZcOx1AZoZz,,
Doddington Padel Courts,Padel court,Doddington Hall,"Doddington Hall, Doddington, Lincoln LN6 4RU",Lincoln,LN6 4RU,United Kingdom,GB,,info@doddingtonhall.com,https://www.doddingtonhall.com/padel/,"https://www.facebook.com/doddingtonhallandgardens, https://www.facebook.com/wilderdoddington","https://www.instagram.com/wilderdoddington, https://www.instagram.com/doddingtonpadel, https://www.instagram.com/doddingtonhall",,https://twitter.com/doddingtonhall,https://www.google.com/maps?cid=15607483667380765146,,4.9,9,"Monday: 7am-10pm, Tuesday: 7am-10pm, Wednesday: 7am-10pm, Thursday: 7am-10pm, Friday: 7am-10pm, Saturday: 7am-10pm, Sunday: 7am-10pm",https://lh3.googleusercontent.com/p/AF1QipOINKEzEj5nlVnd8Om_ie394ViOp7m3bnAfs12-,,"On-site services, Wheelchair-accessible car park, Wheelchair-accessible entrance, Credit cards, Debit cards, NFC mobile payments, Free parking lot, On-site parking"
Dorset Pickleball Club,"Sports club, Service establishment",,,,,,,,info@dorsetpickleballclub.co.uk,https://www.dorsetpickleballclub.co.uk/,https://www.facebook.com/,https://www.instagram.com/dorsetpickleballclub,,,https://www.google.com/maps?cid=315532889687644541,,4.7,13,"Monday: Closed, Tuesday: 7-9pm, Wednesday: Closed, Thursday: 7:30-9:30pm, Friday: Closed, Saturday: 9:30am-2pm, Sunday: 10am-12pm",https://lh3.googleusercontent.com/p/AF1QipP28ttIC2rRdodmlSVKK7q5f4dryJcIoqtgE_s,,
Draycott Sports Centre,"Sports club, Fitness centre, Gym, Padel court, Pilates studio, Sauna, Sports complex, Tennis court",Cresswell Ln,"Cresswell Ln, Stoke-on-Trent ST11 9AF",Stoke-on-Trent,ST11 9AF,United Kingdom,GB,01782394598,office@draycottfitness.com,http://www.draycottfitness.co.uk/,https://facebook.com/draycottsportscentre,,,https://twitter.com/draycottfitness,https://www.google.com/maps?cid=13474999960745938982,,4.4,74,"Monday: 9am-10pm, Tuesday: 9am-10pm, Wednesday: 9am-10pm, Thursday: 9am-10pm, Friday: 9am-10pm, Saturday: 9am-3pm, Sunday: 9am-3pm",https://lh3.googleusercontent.com/gps-cs-s/AG0ilSyN93qza5NyRX3x9u2VKauXZUq8yM-tfb-DYpIxCE201VLMmB1ddk_extgoIuVN3OdWbnLKoJ7iANiB8J7kkR8pCpRwahUM32lqu0FJrmyx6WZFPX8UoLZUbMkR1q1pzDYWstT1_Q,,"On-site services, Wheelchair-accessible car park, Wheelchair-accessible entrance, Sauna, Credit cards, Debit cards, NFC mobile payments, Credit cards"
Droitwich Spa Leisure Centre,"Leisure centre, Badminton court, Basketball court, Gym, Pickleball court, Public swimming pool, Sauna, Squash court, Table tennis facility",Briar Ml,"Briar Ml, Droitwich WR9 0RZ",Droitwich,WR9 0RZ,United Kingdom,GB,01905771212,info@riversfitness.co.uk,http://www.riversfitness.co.uk/droitwich,https://www.facebook.com/littlealsatrivers,https://www.instagram.com/riversfitness,,https://x.com/riversfitness,https://www.google.com/maps?cid=7194135511578101324,,4.4,243,"Monday: 6:30am-10pm, Tuesday: 6:30am-10pm, Wednesday: 6:30am-10pm, Thursday: 6:30am-10pm, Friday: 6:30am-10pm, Saturday: 8am-8pm, Sunday: 8am-8pm",https://lh3.googleusercontent.com/p/AF1QipN1JJcj91Wir-SIvpg3YktCZ7l1KFy57E6hsCHP,,"On-site services, Wheelchair-accessible car park, Wheelchair-accessible entrance, Wheelchair-accessible toilet, Sauna, Free of charge street parking, On-site parking"
Dunstable Hunters Pickleball Club,"Sports club, Pickleball court","Centre, Court Drive","Centre, Court Drive, Dunstable LU5 4JD",Dunstable,LU5 4JD,United Kingdom,GB,07860378547,info@dunstablehunters.org,http://www.dunstablehunters.org/,,,,,https://www.google.com/maps?cid=3030362594838452734,,5,2,"Monday: 10am-12pm, Tuesday: Closed, Wednesday: 4-6pm, Thursday: 6-8pm, Friday: Closed, Saturday: 8:30-10:30am, Sunday: 3-5pm",https://lh3.googleusercontent.com/p/AF1QipOPnpJmUZAxgGLZzhSg0y-p-lLSLgKfc08x48lY,,"Wheelchair-accessible car park, Wheelchair-accessible entrance, Toilet"
East Coast Padel,Padel club,"Active Plus, Harpings Rd","Active Plus, Harpings Rd, Hull HU5 4JF",Hull,HU5 4JF,United Kingdom,GB,,info@eastcoastpadel.co.uk,https://eastcoastpadel.co.uk/,https://www.facebook.com/profile.php,https://www.instagram.com/eastcoastpadel.uk,,,https://www.google.com/maps?cid=9703887616260597664,,4.4,26,"Monday: 6am-11pm, Tuesday: 6am-11pm, Wednesday: 6am-11pm, Thursday: 6am-11pm, Friday: 6am-11pm, Saturday: 6am-11pm, Sunday: 6am-11pm",https://lh3.googleusercontent.com/gps-cs-s/AG0ilSwr089RklElL8Mac7C9JPmBIth7K6SzbCP-dgpaAQfJuU4MXuLL-GDbVGovEg9ySlP9fBHnLRp6VmVCMsgLlxLpn-TJiyS_CG_nW4rmXdMLH30dGgkViyBR8kGWE8gPuumZhZFXy034pk3s,,"Wheelchair-accessible car park, Wheelchair-accessible entrance, Toilet"
East Glos Club,"Sports club, Padel club, Padel court, Pickleball court, Racketball Club, Squash club, Squash court, Table tennis club, Tennis club, Tennis court",Old Bath Rd,"Old Bath Rd, Cheltenham GL53 7DF",Cheltenham,GL53 7DF,United Kingdom,GB,01242230562,,https://www.eastglos.co.uk/,https://www.facebook.com/eastglos,https://www.instagram.com/eastglos,https://www.linkedin.com/company/eastglos,,https://www.google.com/maps?cid=17251636073851202439,,4.6,128,"Monday: 9am-7:45pm, Tuesday: 9am-7:45pm, Wednesday: 9am-7:45pm, Thursday: 9am-7:45pm, Friday: 9am-7:45pm, Saturday: 9am-4pm, Sunday: 9am-4pm",https://lh3.googleusercontent.com/p/AF1QipPRIxVUBsUwb2NKXMkeOy6Mhx8F6MsddkN1U0tX,,"On-site services, Wheelchair-accessible car park, Wheelchair-accessible entrance, Wheelchair-accessible toilet, Toilet, Wi-Fi, On-site parking"
East Grinstead Padel,Sports club,Saint Hill Rd,"Saint Hill Rd, East Grinstead RH19 4JU",East Grinstead,RH19 4JU,United Kingdom,GB,01342332777,play@eastgrinsteadpadel.com,https://www.eastgrinsteadpadel.com/,https://www.facebook.com/profile.php,https://www.instagram.com/eastgrinsteadpadel,,,https://www.google.com/maps?cid=4033512852557548889,,5,4,"Monday: 8am-10pm, Tuesday: 8am-10pm, Wednesday: 8am-10pm, Thursday: 8am-10pm, Friday: 8am-10pm, Saturday: 8am-10pm, Sunday: 8am-10pm",https://streetviewpixels-pa.googleapis.com/v1/thumbnail?panoid,,"Wheelchair-accessible car park, Wheelchair-accessible entrance, Wheelchair-accessible toilet, Toilet"
East London Pickleball,Sports club,High Rd,"High Rd, Chigwell IG7 6QF",Chigwell,IG7 6QF,United Kingdom,GB,,eastlondon.pickleball@gmail.com,https://eastlondonpickleball.co.uk/,,,,,https://www.google.com/maps?cid=15104881940069384621,,,,"Monday: Closed, Tuesday: 7-9pm, Wednesday: Closed, Thursday: 7-9pm, Friday: Closed, Saturday: Closed, Sunday: Closed",https://lh3.googleusercontent.com/p/AF1QipPeaQUL7b1PuywpzeaOiOflQvEE-lLR2ujgLWef,,"Wheelchair-accessible car park, Gender-neutral toilets, Toilet, Swimming pool, Membership required, Free parking lot, On-site parking"
Eat Sleep Padel,Padel court,"Unit 2A, Discovery Trade Park, Whisby Rd","Unit 2A, Discovery Trade Park, Whisby Rd, North Hykeham, Lincoln LN6 3AN",Lincoln,LN6 3AN,United Kingdom,GB,07745440445,ben@eatsleeppadel.co.uk,http://www.eatsleeppadel.co.uk/,,,,,https://www.google.com/maps?cid=16428040126373034160,,5,9,"Monday: 4:30am-12am, Tuesday: 4:30am-12am, Wednesday: 4:30am-12am, Thursday: 4:30am-12am, Friday: 4:30am-12am, Saturday: 4:30am-12am, Sunday: 4:30am-12am",https://lh3.googleusercontent.com/p/AF1QipNnPLlbKv_8dTRk6Zb1xllExdl45PDMhfqoKjHz,,"On-site services, Wheelchair-accessible car park, Wheelchair-accessible entrance, Wheelchair-accessible seating, Wheelchair-accessible toilet, Gender-neutral toilets, Credit cards, Debit cards, On-site parking"
Ecclesall Lawn Tennis Club Padel Court,Padel court,Bartin Cl,"Bartin Cl, Sheffield S11 9HP",Sheffield,S11 9HP,United Kingdom,GB,,,https://clubspark.lta.org.uk/EcclesallLawnTennisClub,,,,,https://www.google.com/maps?cid=6333724073974314981,,5,6,"Monday: 9am-9pm, Tuesday: 9am-9pm, Wednesday: 9am-9pm, Thursday: 9am-9pm, Friday: 9am-9pm, Saturday: 9am-9pm, Sunday: 9am-9pm",https://lh3.googleusercontent.com/gps-cs-s/AG0ilSzUxF6_4-Fog9GWu52v3pMYt9ho4n5g37QgrwBrzGgCpe3WSB5kEfzBhrk-CrnxKIjIJTmhlXULIj_DaLZgyiygIPjQJjuVcPK1369W26cCvlfXpV0i2exouhVAyesJIkmyHmfL,,"Wheelchair-accessible car park, Credit cards, Debit cards"
Eco-Padel,Padel club,50 Store St,"50 Store St, Manchester M1 2FS",Manchester,M1 2FS,United Kingdom,GB,,,,,,,,https://www.google.com/maps?cid=6369497169351647394,,,,,https://streetviewpixels-pa.googleapis.com/v1/thumbnail?panoid,,Toilet
Eixo Padel,"Padel court, Padel club","Unit 34, Neaves Park Gatehouse Hub","Unit 34, Neaves Park Gatehouse Hub, Goddards Green, Hassocks BN6 9ZN",Hassocks,BN6 9ZN,United Kingdom,GB,01273457713,,https://eixopadel.com/,,,,,https://www.google.com/maps?cid=2511442726540406171,,,,,https://lh3.googleusercontent.com/p/AF1QipPww2ZvoxeyBm6Vh7WJM1dqXWHi0r4WxD9aGlOx,,"On-site services, Wheelchair-accessible car park, Free parking lot, On-site parking"
Elevate Padel Society,Sports club,"Rutland Sports Park, W End Dr","Rutland Sports Park, W End Dr, Ilkeston DE7 5GH",Ilkeston,DE7 5GH,United Kingdom,GB,07438161645,contact@elevatepadelsociety.co.uk,https://www.elevatepadelsociety.co.uk/,https://www.facebook.com/elevatepadelsociety,https://www.instagram.com/elevatepadelsociety,,,https://www.google.com/maps?cid=8106138416287603236,,,,,https://lh3.googleusercontent.com/p/AF1QipNr8nW2N5ojqUBcIUoU4ZTl6DBwThL17AKuZZ5Q,,"Wheelchair-accessible car park, Wheelchair-accessible entrance, Wheelchair-accessible toilet, Toilet, Wi-Fi, Free parking lot, On-site parking"
Elkstone Studios,"Padel court, Co-working Space, Farm shop, Gym, Events Venue, Playground, Wellness Centre",,"Elkstone, Studios GL53 9PQ",Studios,GL53 9PQ,United Kingdom,GB,01285821688,info@elkstone-studios.com,http://www.elkstone-studios.com/,https://www.facebook.com/elkstonestudios,https://www.instagram.com/elkstonestudios/,,,https://www.google.com/maps?cid=9038665688417904197,https://thewheelhouses.com/shared-office-space-elkstone/,4.8,31,"Monday: 9am-5pm, Tuesday: 9am-5pm, Wednesday: 9am-5pm, Thursday: 9am-5pm, Friday: 9am-5pm, Saturday: 9am-5pm, Sunday: 9am-5pm",https://lh3.googleusercontent.com/p/AF1QipM8KXtZkxFNL9P99JHpR4NpfSwGpjhYkbBxZNkM,,"On-site services, Wheelchair-accessible car park, Wheelchair-accessible entrance, Wheelchair-accessible toilet, Gender-neutral toilets, Toilet, Credit cards, Debit cards, NFC mobile payments, Kid-friendly activities, Free parking lot, On-site parking"
Ember Ct Padel,Sports club,145 Ember Ln,"145 Ember Ln, Molesey, Esher KT10 8EJ",Esher,KT10 8EJ,United Kingdom,GB,,,,,,,,https://www.google.com/maps?cid=3352605783477664817,,,,,,,Toilet
En Tout Cas Padel,"Construction Company, Service establishment",,,,,,,01832274199,,https://www.entoutcaspadel.co.uk/,,,,,https://www.google.com/maps?cid=10206588468972091286,,,,"Monday: 8am-5pm, Tuesday: 8am-5pm, Wednesday: 8am-5pm, Thursday: 8am-5pm, Friday: 8am-5pm, Saturday: Closed, Sunday: Closed",,,
England Tennis Club - Padel,Sports club,Ember Ln,"Ember Ln, Molesey, East Molesey KT8 0BT",East Molesey,KT8 0BT,United Kingdom,GB,,,,,,,,https://www.google.com/maps?cid=3093318947173572615,,5,2,"Monday: 6am-10:30pm, Tuesday: 6am-10:30pm, Wednesday: 6am-10:30pm, Thursday: 6am-10:30pm, Friday: 6am-10:30pm, Saturday: 6am-10:30pm, Sunday: 6am-10:30pm",https://lh3.googleusercontent.com/gps-cs-s/AG0ilSx2g406nDbjhROVRXsdYPPKISbyj8yfNttSjKQ6dE_Dtnz_Q8QWdBZmBb1CiQ5xpYqSaEBnpfrL_Dt73Mj-3aQNnVpJyZACugiCwDqUEj_oUgbOP6O-mjowl42EEbXnysa3YmBY0Wo1X7U,,"Wheelchair-accessible car park, Wheelchair-accessible entrance, Toilet"
Esher Tennis & Padel,"Tennis club, Sports club",7 Milbourne Ln,"7 Milbourne Ln, Esher KT10 9DU",Esher,KT10 9DU,United Kingdom,GB,07385871035,hello@eshertennis.co.uk,http://www.eshertennis.co.uk/,https://www.facebook.com/eshertennisclub,https://www.instagram.com/eshertennis,,https://twitter.com/eshertennis,https://www.google.com/maps?cid=3978855164549615515,,4.4,39,"Monday: 6am-10:30pm, Tuesday: 6am-10:30pm, Wednesday: 6am-10:30pm, Thursday: 6am-10:30pm, Friday: 6am-10:30pm, Saturday: 6am-10:30pm, Sunday: 6am-10:30pm",https://lh3.googleusercontent.com/p/AF1QipO-YMNZeX-jT_sgEfYsSSKy7fztQdoMzgXzsjQF,,"Wheelchair-accessible car park, Wheelchair-accessible entrance, Toilet"
Essendon Padel Club,Padel club,Park,"Park, Essendon, Bedwell AL9 6HN",Bedwell,AL9 6HN,United Kingdom,GB,07547720242,,https://playtomic.com/clubs/essendon-country-club-uk,https://www.facebook.com/playtomic.io,,https://www.linkedin.com/company/playtomic,,https://www.google.com/maps?cid=1342979447326546050,https://playtomic.com/clubs/essendon-country-club-uk,5,7,"Monday: 7am-10pm, Tuesday: 7am-10pm, Wednesday: 7am-10pm, Thursday: 7am-10pm, Friday: 7am-10pm, Saturday: 7am-10pm, Sunday: 7am-10pm",https://lh3.googleusercontent.com/p/AF1QipOZ2fe5gyB9f33ISzt7O2aR78GMHX43hhQBqm8,,"Wheelchair-accessible car park, Wheelchair-accessible entrance, Wheelchair-accessible toilet, Gender-neutral toilets, Toilet, Wi-Fi, Free parking lot, On-site parking"
EverythingPadel,"Sporting Goods Shop, E-commerce service, Sportswear Shop","Endeavour House, Holloway Rd","Endeavour House, Holloway Rd, Heybridge, Maldon CM9 4ER",Maldon,CM9 4ER,United Kingdom,GB,07432442734,info@everythingpadel.co.uk,http://everythingpadel.co.uk/,"https://www.facebook.com/profile.php, https://www.facebook.com/brand/resources/whatsapp/whatsapp-brand","https://www.instagram.com/everythingpadel, https://www.instagram.com/whatsapp/",,https://x.com/whatsapp,https://www.google.com/maps?cid=6193554456544053779,http://www.everythingpadel.co.uk/,5,296,"Monday: Closed, Tuesday: 11am-5pm, Wednesday: 11am-5pm, Thursday: 11am-5pm, Friday: Closed, Saturday: Closed, Sunday: Closed",https://lh3.googleusercontent.com/p/AF1QipM-XqAOJPK6cQeWZt9EtAp2bQ7ClZ6xs2coJEZC,,"Delivery, On-site services, Wheelchair-accessible car park, LGBTQ+ friendly, Quick visit, Credit cards, Debit cards, NFC mobile payments, On-site parking"
Evesham Leisure Centre,"Leisure centre, Badminton court, Basketball court, Gym, Pickleball court, Spa, Swimming pool, Table tennis facility","Leisure Centre, Abbey Rd","Leisure Centre, Abbey Rd, Evesham WR11 4SU",Evesham,WR11 4SU,United Kingdom,GB,01386444212,info@riversfitness.co.uk,http://www.riversfitness.co.uk/evesham,https://www.facebook.com/pcptpaulcoxpersonaltraining,"https://www.instagram.com/riversbeauty_, https://www.instagram.com/riversfitness",,https://x.com/riversfitness,https://www.google.com/maps?cid=12395344990916016664,,4.4,419,"Monday: 6:30am-9:30pm, Tuesday: 6:30am-9:30pm, Wednesday: 6:30am-9:30pm, Thursday: 6:30am-9:30pm, Friday: 6:30am-9:30pm, Saturday: 8am-7pm, Sunday: 8am-7pm",https://lh3.googleusercontent.com/p/AF1QipM8G15YrqMi67LJ36qecaAMhC9U3govO0i9Fm4_,,"Wheelchair-accessible car park, Wheelchair-accessible entrance, Wheelchair-accessible toilet, On-site parking"
Exeter Pickleball Club,Pickleball court,Wonford Sports Centre,"Wonford Sports Centre, Wonford, Exeter EX2 6NF",Exeter,EX2 6NF,United Kingdom,GB,01392253453,exeterpickleballclub@gmail.com,https://www.exeterpickleballclub.co.uk/?utm_source=google&utm_medium=wix_google_business_profile&utm_campaign=13746536989079945070,https://www.facebook.com/,https://www.instagram.com/exeterpickleballclub,,,https://www.google.com/maps?cid=8950258163398944927,,,,,https://streetviewpixels-pa.googleapis.com/v1/thumbnail?panoid,,
Finsbury Leisure Centre,"Leisure centre, Badminton court, Basketball court, Fitness centre, Function room facility, Indoor playground, Pickleball court, Football pitch, Squash court, Table tennis facility",Norman St,"Norman St, London EC1V 3PU",London,EC1V 3PU,United Kingdom,GB,02072501303,finsburyleisurecentre@gll.org,https://www.better.org.uk/leisure-centre/london/islington/finsbury?utm_source=google&utm_medium=organic&utm_campaign=google_my_business,https://www.facebook.com/betteruk/,https://www.instagram.com/better_uk/,,"https://x.com/gll_uk, https://twitter.com/better_uk",https://www.google.com/maps?cid=9948233152161423292,,4.1,484,"Monday: 9am-10pm, Tuesday: 9am-10pm, Wednesday: 9am-10pm, Thursday: 9am-10pm, Friday: 9am-10pm, Saturday: 9am-6pm, Sunday: 9am-6pm",https://lh3.googleusercontent.com/p/AF1QipNjEsQJTMHkLomr4FERVVPeca4szcwp-zCpX3ZS,,
Formby Lawn Tennis Club,"Tennis club, Padel club, Padel court, Tennis instructor",90 Gores Ln,"90 Gores Ln, Formby, Liverpool L37 7DF",Liverpool,L37 7DF,United Kingdom,GB,01704872906,,http://www.formbyltc.co.uk/,,,,,https://www.google.com/maps?cid=761418097720790588,,4.7,17,"Monday: 9am-10pm, Tuesday: 9am-10pm, Wednesday: 9am-10pm, Thursday: 9am-10pm, Friday: 9am-10pm, Saturday: 9am-10pm, Sunday: 9am-10pm",https://lh3.googleusercontent.com/p/AF1QipO4FQGjvLrIwbaJ9LHoPh-4rO33AA2eq5iYZuy1,,"Identifies as women-owned, On-site services, Wheelchair-accessible car park, Wheelchair-accessible entrance, Toilet, Wi-Fi, Membership required, Free parking lot"
Formby Village Padel Club,"Padel club, Sports club, Tennis club","Sports Club, Behind Church Hall, Rosemary Ln","Sports Club, Behind Church Hall, Rosemary Ln, Formby, Liverpool L37 3HA",Liverpool,L37 3HA,United Kingdom,GB,,enquiries@formbyvillagepadel.com,https://www.formbyvillagepadel.com/,https://www.facebook.com/formbyvillagepadel,,,,https://www.google.com/maps?cid=13830608478505624955,,5,1,"Monday: 8am-10pm, Tuesday: 8am-10pm, Wednesday: 8am-10pm, Thursday: 8am-10pm, Friday: 8am-10pm, Saturday: 8am-10pm, Sunday: 8am-10pm",https://lh3.googleusercontent.com/p/AF1QipNT5dS_Jl9l14n2NmhY_2CI0o2TPwDQ0UW9YN-Q,,"Wheelchair-accessible car park, Wheelchair-accessible entrance, Wheelchair-accessible toilet, Wheelchair-accessible seating (no), Toilet"
Frindsbury Tennis and Padel Club,Padel club,"Frog Island, Upnor Rd","Frog Island, Upnor Rd, Rochester ME2 4UX",Rochester,ME2 4UX,United Kingdom,GB,07418610633,,http://frindsburytpc.co.uk/,,,,,https://www.google.com/maps?cid=10339550722981989845,,4.7,48,"Monday: 7am-10pm, Tuesday: 7am-10pm, Wednesday: 7am-10pm, Thursday: 7am-10pm, Friday: 7am-10pm, Saturday: 7am-10pm, Sunday: 7am-10pm",https://lh3.googleusercontent.com/gps-cs-s/AG0ilSyHXBYfjERYx569ImL5a9c-vzi-IauarwzVBTuDZ2c6sb76tn8BRXnBy1vTfa2o3LDOZBqzOax_yLMXiHXHDEf8aQOxD8o-lf1AD5K0rYSNnkxO5izn0YnSryN1hrUqQFGmp9Xl,,"Wheelchair-accessible car park, Wheelchair-accessible entrance, Wheelchair-accessible toilet, Toilet"
Fuerza Padel,Sporting Goods Shop,1 Dean St,"1 Dean St, London W1D 3RB",London,W1D 3RB,United Kingdom,GB,,,https://fuerzapadel.shop/,,,,,https://www.google.com/maps?cid=8744912364964371967,,,,,https://lh3.googleusercontent.com/p/AF1QipOPlHL0sAL78sIU8OG_cvrm8j7LC3BgObJNnqli,,"Credit cards, Debit cards, NFC mobile payments"
Game Set Match (Pickleball and Tennis),Sports club,Middleton Grove,"Middleton Grove, Belle Isle, Leeds LS11 5DJ",Leeds,LS11 5DJ,United Kingdom,GB,07737358270,,https://clubspark.lta.org.uk/GameSetMatch,,,,,https://www.google.com/maps?cid=3842274768734516062,,5,23,"Monday: 12-2pm / 7-9pm, Tuesday: Closed, Wednesday: 5-9pm, Thursday: 12-2pm, Friday: Closed, Saturday: Closed, Sunday: Closed",https://lh3.googleusercontent.com/p/AF1QipMz8aEmSGEGDbXp4rZ6hwI44vXWPFoi7XfIKPfy,,"On-site services, Wheelchair-accessible car park, Wheelchair-accessible entrance, Wheelchair-accessible seating, Wheelchair-accessible toilet, Toilet, LGBTQ+ friendly, Transgender safe space, Free parking lot"
Game4Padel,Padel court,Stockton Ln,"Stockton Ln, Grappenhall, Warrington WA4 3DR",Warrington,,United Kingdom,GB,,info@game4padel.com,https://www.game4padel.com/grappenhall-village,https://www.facebook.com/game4padel,https://www.instagram.com/game4padel,,,https://www.google.com/maps?cid=3792293867447999518,,,,"Monday: 8-10am, Tuesday: 8-10am, Wednesday: 8-10am, Thursday: 8-10am, Friday: 8-10am, Saturday: 8-10am, Sunday: 8-10am",,,
Game4Padel | Bloom Heathrow,Padel club,Bloom Heathrow,"Bloom Heathrow, Feltham TW14 8HA",Feltham,TW14 8HA,United Kingdom,GB,,info@game4padel.com,https://www.game4padel.com/bloom-heathrow,https://www.facebook.com/game4padel,https://www.instagram.com/game4padel,,,https://www.google.com/maps?cid=371730320372957486,,3.3,6,"Monday: 7am-10pm, Tuesday: 7am-10pm, Wednesday: 7am-10pm, Thursday: 7am-10pm, Friday: 7am-10pm, Saturday: 7am-10pm, Sunday: 7am-10pm",https://lh3.googleusercontent.com/p/AF1QipOGNhkQStb1ZVIvuOpWyOr79igHdXbMMzgpKqs,,"Wheelchair-accessible car park, Toilet"
Game4Padel | Broxbourne Sports Club,Padel court,"Broxbourne Padel, Mill Ln","Broxbourne Padel, Mill Ln, Broxbourne EN10 7BQ",Broxbourne,EN10 7BQ,United Kingdom,GB,01992466901,,https://www.game4padel.com/england-venues/broxbourne-sports-club,,,,,https://www.google.com/maps?cid=4945717003655241292,,4.7,3,"Monday: 8am-10pm, Tuesday: 8am-10pm, Wednesday: 8am-10pm, Thursday: 8am-10pm, Friday: 8am-10pm, Saturday: 8am-10pm, Sunday: 8am-10pm",https://lh3.googleusercontent.com/p/AF1QipPfZjYTPJp7alt_--Aa-WPaN8jHRbf-rFyoZh6k,,"Wheelchair-accessible car park, Wheelchair-accessible entrance, Debit cards"
Game4Padel | Chesham 1879,Padel court,Pednormead End,"Pednormead End, Chesham HP5 2JU",Chesham,HP5 2JU,United Kingdom,GB,,info@game4padel.com,https://www.game4padel.com/chesham-1879,https://www.facebook.com/game4padel,https://www.instagram.com/game4padel,,,https://www.google.com/maps?cid=3734834002355838176,,5,4,"Monday: 8am-10pm, Tuesday: 8am-10pm, Wednesday: 8am-10pm, Thursday: 8am-10pm, Friday: 8am-10pm, Saturday: 8am-10pm, Sunday: 8am-5pm",https://lh3.googleusercontent.com/p/AF1QipORXWlypa0DoXTVUOc1Frt-oR4kAuMCYp19IW98,,"Wheelchair-accessible car park, Wheelchair-accessible entrance, Credit cards, Debit cards, NFC mobile payments"
Game4Padel | Heron Tennis Newquay,Padel court,"Heron Padel, Edgcumbe Ave","Heron Padel, Edgcumbe Ave, Newquay TR7 2LZ",Newquay,TR7 2LZ,United Kingdom,GB,,info@game4padel.com,https://www.game4padel.com/heron-tennis,https://www.facebook.com/game4padel,https://www.instagram.com/game4padel,,,https://www.google.com/maps?cid=2169022726011509602,,5,1,"Monday: 9am-10pm, Tuesday: 7am-10pm, Wednesday: 9am-10pm, Thursday: 9am-10pm, Friday: 9am-10pm, Saturday: 8am-4pm, Sunday: 9am-4pm",https://streetviewpixels-pa.googleapis.com/v1/thumbnail?panoid,,"Wheelchair-accessible car park, Wheelchair-accessible entrance, Credit cards, Debit cards"
Game4Padel | Huddersfield LTSC,Padel court,"Huddersfield Padel, Cemetery Rd","Huddersfield Padel, Cemetery Rd, Huddersfield HD1 5NF",Huddersfield,HD1 5NF,United Kingdom,GB,,info@game4padel.com,https://www.game4padel.com/huddersfield-ltsc,https://www.facebook.com/game4padel,https://www.instagram.com/game4padel,,,https://www.google.com/maps?cid=14075283933435998002,,4.7,3,"Monday: 9am-10pm, Tuesday: 9am-10pm, Wednesday: 9am-10pm, Thursday: 9am-10pm, Friday: 9am-10pm, Saturday: 9am-7pm, Sunday: 9am-7pm",https://streetviewpixels-pa.googleapis.com/v1/thumbnail?panoid,,"Wheelchair-accessible car park, Wheelchair-accessible entrance, Credit cards, Debit cards, NFC mobile payments"
Game4Padel | Parkside Padel Club,Padel court,1 Seva Dr,"1 Seva Dr, Southall UB1 1GH",Southall,UB1 1GH,United Kingdom,GB,,info@game4padel.com,https://www.game4padel.com/parkside-padel,https://www.facebook.com/game4padel,https://www.instagram.com/game4padel,,,https://www.google.com/maps?cid=1158020577130089747,,3.5,25,"Monday: 8am-10pm, Tuesday: 8am-10pm, Wednesday: 8am-10pm, Thursday: 8am-10pm, Friday: 8am-10pm, Saturday: 8am-10pm, Sunday: 8am-10pm",https://lh3.googleusercontent.com/gps-cs-s/AG0ilSzSRmsJ31xaAaUp6prgAXJFuC7SgKco3tS_AyqKzKQxjztB_9_kfegTFtW5n8ueKsRbHbujPq-iWSR7Eem2kCdzSGDmoVyUEVLJ8RksGsfcKxBq-k7qrEgJQPjVGOtDfnrL1mdjZzksXeOD,,"Wheelchair-accessible car park, Wheelchair-accessible entrance, Credit cards, Debit cards, NFC mobile payments"
Game4Padel St Ives,Sports club,Needingworth Road,"Needingworth Road, St. Ives PE27 4AD",St. Ives,,United Kingdom,GB,,info@game4padel.com,https://www.game4padel.com/st-ives-golf-club,https://www.facebook.com/game4padel,https://www.instagram.com/game4padel,,,https://www.google.com/maps?cid=9847015749748268060,,5,1,"Monday: 7am-9pm, Tuesday: 7am-9pm, Wednesday: 7am-9pm, Thursday: 7am-9pm, Friday: 7am-9pm, Saturday: 7am-9pm, Sunday: 7am-9pm",https://lh3.googleusercontent.com/gps-cs-s/AG0ilSyeiyTVghe7_b7vYS_yFJ8lkzKKmQBBk49Zd6Dc5rEgw911ZpWyyzCJV53JBWvml5UoUgBxKVNM7phLiz5lzBoxWTG17dnnZ5OVAVdVwsBa9kKG0Bv7Zt_xpJh_2r4B6qm7KIs7,,"On-site services, Wheelchair-accessible car park, Wheelchair-accessible entrance, Toilet"
Georgians Padel,Padel club,Crouch End Playing Fields,"Crouch End Playing Fields, London N8 8JJ",London,N8 8JJ,United Kingdom,GB,,info@georgianspadel.com,https://www.georgianspadel.com/,,https://www.instagram.com/georgianspadel,,,https://www.google.com/maps?cid=8785928154986742064,,4.9,8,"Monday: 7am-10pm, Tuesday: 7am-10pm, Wednesday: 7am-10pm, Thursday: 7am-10pm, Friday: 7am-10pm, Saturday: 7am-10pm, Sunday: 7am-10pm",https://lh3.googleusercontent.com/gps-cs-s/AG0ilSzexafwayAcsuKuaEbwOA2tBsIvxZhjQgucVu6hzsioex32xXAlhkTyZAUK2fOVrvT_6umEPth7YLrqdyActpTAJyuxxKDBQ0K0Xu18XTHbef5ZVq0OAIcpjoFWPAJOra-N_EHtwvFd7rQ,,Toilet
Gosfield Pickleball Club,Sports club,Halstead Rd,"Halstead Rd, Gosfield, Halstead CO9 1PF",Halstead,CO9 1PF,United Kingdom,GB,07713911200,,,,,,,https://www.google.com/maps?cid=17482497673424535526,,,,"Monday: 6:30-8:30pm, Tuesday: Closed, Wednesday: Closed, Thursday: Closed, Friday: 7-9pm, Saturday: Closed, Sunday: Closed",https://streetviewpixels-pa.googleapis.com/v1/thumbnail?panoid,,"Wheelchair-accessible car park, Wheelchair-accessible entrance, Toilet"
GSM Padel,Sports club,"Bracken Barn, Holmes Chapel Rd","Bracken Barn, Holmes Chapel Rd, Congleton CW12 4SN",Congleton,CW12 4SN,United Kingdom,GB,,info@gsmpadel.co.uk,https://www.gsmpadel.co.uk/,https://www.facebook.com/profile.php,https://www.instagram.com/gsmpadeluk,https://www.linkedin.com/company/gsm-padel-ltd,,https://www.google.com/maps?cid=5412477866430723003,,,,"Monday: 6am-10pm, Tuesday: 6am-10pm, Wednesday: 6am-10pm, Thursday: 6am-10pm, Friday: 6am-10pm, Saturday: 7am-9pm, Sunday: 7am-9pm",https://streetviewpixels-pa.googleapis.com/v1/thumbnail?panoid,,"On-site services, Wheelchair-accessible car park"
Gunnersbury Park Sports Hub,"Sports complex, Badminton court, Basketball court, Cricket ground, Fitness centre, Gym, Pickleball court, Rugby field, Football pitch, Tennis court","Gunnersbury Park, Popes Ln","Gunnersbury Park, Popes Ln, London W3 8LQ",London,W3 8LQ,United Kingdom,GB,02080769940,info@visitgunnersbury.org,https://www.better.org.uk/leisure-centre/london/gunnersbury-park/gunnersbury-park-sports?utm_source=google&utm_medium=organic&utm_campaign=google_my_business,"https://www.facebook.com/gunnersbury1, https://www.facebook.com/betteruk/","https://www.instagram.com/gunnersburyparkmuseum, https://www.instagram.com/better_uk/",,"https://twitter.com/better_uk, https://x.com/gunnersbury1, https://x.com/gll_uk",https://www.google.com/maps?cid=11822202037230711058,,4.5,299,"Monday: 6:30am-10pm, Tuesday: 6:30am-10pm, Wednesday: 6:30am-10pm, Thursday: 6:30am-10pm, Friday: 6:30am-10pm, Saturday: 8am-8pm, Sunday: 8am-8pm",https://lh3.googleusercontent.com/p/AF1QipMMBQ6ZPrEoQUVYdc0TG4a31P9kTPQ4PwiWSRdw,,"Wheelchair-accessible car park, Wheelchair-accessible entrance, LGBTQ+ friendly, Transgender safe space, Credit cards, Debit cards, NFC mobile payments, Paid parking lot"
Halesworth Tennis Club,"Tennis court, Pickleball court, Tennis club","Dairy Hill, Bungay Rd","Dairy Hill, Bungay Rd, Halesworth IP19 8JS",Halesworth,IP19 8JS,United Kingdom,GB,07940802248,,http://www.halesworthtennisclub.co.uk/,,,,,https://www.google.com/maps?cid=12709158887373221568,,,,"Monday: 9am-9pm, Tuesday: 9am-9pm, Wednesday: 9am-9pm, Thursday: 9am-9pm, Friday: 9am-9pm, Saturday: 9am-9pm, Sunday: 9am-9pm",https://streetviewpixels-pa.googleapis.com/v1/thumbnail?panoid,,"Wheelchair-accessible car park, Wheelchair-accessible entrance, Toilet, On-site parking"
Hamptworth Golf,"Golf club, Bar, Croquet club, Event Planning Service, Events Venue, Padel court, Restaurant, Wedding chapel, Wedding planner, Wedding venue",Hamptworth Rd,"Hamptworth Rd, Hamptworth, Salisbury SP5 2DU",Salisbury,SP5 2DU,United Kingdom,GB,01794390155,,http://www.hamptworthgolf.co.uk/,https://www.facebook.com/hamptworthgolf,https://www.instagram.com/hamptworthgolf,,,https://www.google.com/maps?cid=8347737666874561340,,4.7,229,"Monday: 7am-8pm, Tuesday: 7am-8pm, Wednesday: 7am-8pm, Thursday: 7am-8pm, Friday: 7am-8pm, Saturday: 7am-8pm, Sunday: 7am-8pm",https://lh3.googleusercontent.com/p/AF1QipPlG2crPgO-Sk-hcsG0HGsuubys4rVmA_6agsC4,,"On-site services, Wheelchair-accessible car park, Wheelchair-accessible entrance, Wheelchair-accessible seating, Wheelchair-accessible toilet, Food, Gender-neutral toilets, Toilet, LGBTQ+ friendly, Transgender safe space, Credit cards, Debit cards, NFC mobile payments, Credit cards, Free of charge street parking, Free parking lot"
Hamptworth Padel and Pickleball Club,"Padel club, Padel court, Pickleball court, Sports club",Hamptworth Rd,"Hamptworth Rd, Salisbury SP5 2DU",Salisbury,SP5 2DU,United Kingdom,GB,01794390155,info@hamptworthgolf.co.uk,https://www.hamptworthgolf.co.uk/padel/,https://www.facebook.com/hamptworthgolf,https://www.instagram.com/hamptworthgolf,,,https://www.google.com/maps?cid=11018562668008548561,,5,4,"Monday: 7am-9pm, Tuesday: 7am-9pm, Wednesday: 7am-9pm, Thursday: 7am-9pm, Friday: 7am-9pm, Saturday: 7am-9pm, Sunday: 7am-9pm",https://lh3.googleusercontent.com/p/AF1QipMpEVOiH8PV-9YNuFkZ6DQ5KhYSL7y3xv9HNkps,,"Wheelchair-accessible car park, Wheelchair-accessible entrance, Toilet"
Harrow Pickleball Club,Sports club,Christchurch Ave,"Christchurch Ave, Harrow HA3 5BD",Harrow,HA3 5BD,United Kingdom,GB,07730519525,,https://forms.gle/NNCbZ82rm3YtpQ5e7,,,,,https://www.google.com/maps?cid=9024157318981498406,,5,4,"Monday: 8-10pm, Tuesday: 8-10pm, Wednesday: Closed, Thursday: Closed, Friday: Closed, Saturday: Closed, Sunday: Closed",https://lh3.googleusercontent.com/gps-cs-s/AG0ilSwlfa-U8ykMro2Sd18WqyKBU7MMota1d9MaUo6OHxtpXdCGwttkwrHSuWKGbFJbhXiNFw4Tfed-JZW9miISydTIf1qA0RlMB2ZQelh7KV52bkPh_wYkfaNutS23JwHb3KtZV5jfDXFb_fAS,,"Toilet, Free parking lot, On-site parking"
Hatfield Leisure Centre,"Leisure centre, Badminton court, Fitness centre, Gym, Indoor playground, Physical Fitness Programme, Pickleball court, Football pitch, Squash court","Leisure Centre, Travellers Ln","Leisure Centre, Travellers Ln, Hatfield AL10 8TJ",Hatfield,AL10 8TJ,United Kingdom,GB,01707629596,,https://www.better.org.uk/leisure-centre/welwyn-hatfield/hatfield-leisure-centre?utm_source=google&utm_medium=organic&utm_campaign=google_my_business,https://www.facebook.com/betteruk/,https://www.instagram.com/better_uk/,,"https://x.com/gll_uk, https://twitter.com/better_uk",https://www.google.com/maps?cid=15436445086009512489,,4.1,527,"Monday: 6am-10pm, Tuesday: 6am-10pm, Wednesday: 6am-10pm, Thursday: 6am-10pm, Friday: 6am-10pm, Saturday: 8am-5pm, Sunday: 8am-5pm",https://lh3.googleusercontent.com/gps-cs-s/AG0ilSzWOLBc_iKVBdmeAUHwIepU1NM1YJBrMZ-WTLvUBQKv8wk75T9l9GawoZb66OheEj32xU7oBOGu8FZ02_3fbjWdsnx0pONqz4XTpLu1yZfvAbDRbyaOULKAQAwv9fDdrOfEAbZC,,"Wheelchair-accessible car park, Wheelchair-accessible entrance, Free parking lot, On-site parking"
Hazelwood padel tennis club - Padel Tennis London,"Padel club, Padel court",Ridge Ave,"Ridge Ave, London N21 2AJ",London,N21 2AJ,United Kingdom,GB,02083601384,,http://www.padeltennis.co.uk/,https://www.facebook.com/padeltennislondon,,,https://twitter.com/ukpadeltennis,https://www.google.com/maps?cid=499632108020163064,,4.9,20,"Monday: 8am-10pm, Tuesday: 8am-10pm, Wednesday: 8am-10pm, Thursday: 8am-10pm, Friday: 8am-10pm, Saturday: 8am-10pm, Sunday: 8am-10pm",https://lh3.googleusercontent.com/p/AF1QipPD1kGNp695jrpX4-bk0yHR7MMynmbgeDlzRxVk,,"Wheelchair-accessible car park, Wheelchair-accessible entrance, Toilet"
Hazlemere Tennis & Padel Club,"Sports club, Padel club, Padel court, Tennis club, Tennis court, Tennis instructor","Hazlemere Recreation Ground, Buckinghamshire, Amersham Rd","Hazlemere Recreation Ground, Buckinghamshire, Amersham Rd, High Wycombe HP15 7QW",High Wycombe,HP15 7QW,United Kingdom,GB,07920069058,,http://www.hazlemeretennis.co.uk/,,,,,https://www.google.com/maps?cid=5840547354999822119,https://clubspark.lta.org.uk/HazlemereTennisClub/Booking,4.4,28,"Monday: 8am-10pm, Tuesday: 8am-10pm, Wednesday: 8am-10pm, Thursday: 8am-10pm, Friday: 8am-10pm, Saturday: 8am-10pm, Sunday: 8am-10pm",https://lh3.googleusercontent.com/p/AF1QipO6Cjk14rMdpl5daka_o4p0-9xPzEhBV1F_v05w,,"On-site services, Wheelchair-accessible car park, Wheelchair-accessible entrance, Wheelchair-accessible toilet, Toilet"
Headlands Farm Padel Court,Sports club,Headlands Farm,"Headlands Farm, East Wellow, West Wellow, Romsey SO51 6BG",Romsey,SO51 6BG,United Kingdom,GB,07769883345,info@headlandsfarm.co.uk,https://headlandsfarm.co.uk/padel,https://www.facebook.com/headlandsfarmcoffeeshop,https://www.instagram.com/headlandsfarmcoffeeshop,,,https://www.google.com/maps?cid=15686534623199555410,,,,"Monday: 8am-8pm, Tuesday: 8am-8pm, Wednesday: 8am-8pm, Thursday: 8am-8pm, Friday: 8am-8pm, Saturday: 8am-8pm, Sunday: 8am-8pm",https://streetviewpixels-pa.googleapis.com/v1/thumbnail?panoid,,"Wheelchair-accessible car park, Toilet"
Hendon Leisure centre,"Leisure centre, Badminton court, Basketball court, Fitness centre, Gym, Gymnastics academy, Gymnastics club, Pickleball court, Rock climbing gym","Hendon Youth Sports Centre, Marble Dr","Hendon Youth Sports Centre, Marble Dr, Brent Cross, London NW2 1XQ",London,NW2 1XQ,United Kingdom,GB,02084550818,,https://www.better.org.uk/leisure-centre/london/barnet/hendon-leisure-centre?utm_source=google&utm_medium=organic&utm_campaign=google_my_business,https://www.facebook.com/betteruk/,https://www.instagram.com/better_uk/,,"https://x.com/gll_uk, https://twitter.com/better_uk",https://www.google.com/maps?cid=17763289439754109803,,3.7,183,"Monday: 6:30am-10pm, Tuesday: 6:30am-10pm, Wednesday: 6:30am-10pm, Thursday: 6:30am-10pm, Friday: 6:30am-10pm, Saturday: 9am-6pm, Sunday: 9am-10pm",https://lh3.googleusercontent.com/gps-cs-s/AG0ilSxoVCueyJYaLG9ci0dI_78OioXNSpMhHNMvQSxNqBhUeD-T9DSRiZt8ii3AmvsMKv3jTdtyaNl4AZ_hTEeYZJ8sfY9Lax1My04tEf0RRXgDa3gGT7o23gu8W3gAHrQ_BNYoJZut,,
Hereford Squash Tennis and Racketball Centre,"Squash club, Padel club, Racketball Club, Tennis club",Sollars Cl,"Sollars Cl, Hereford HR4 0LX",Hereford,HR4 0LX,United Kingdom,GB,01432276389,,https://clubspark.lta.org.uk/herefordsquashtenniscentre,,,,,https://www.google.com/maps?cid=794751413366161419,,4.6,71,"Monday: 9am-10pm, Tuesday: 9am-10pm, Wednesday: 9am-10pm, Thursday: 9am-10pm, Friday: 9am-10pm, Saturday: 9am-10pm, Sunday: Closed",https://lh3.googleusercontent.com/p/AF1QipNBpdxMs_86UKKFPG7AD9DlXJy8PD-8qObBQl6g,,"Wheelchair-accessible car park, Wheelchair-accessible entrance, Wheelchair-accessible toilet, Toilet, Wi-Fi"
Hexa Padel,Consultant,,"45 Upper Grosvenor Rd, Royal Tunbridge Wells, Tunbridge Wells TN1 2DY",Tunbridge Wells,TN1 2DY,United Kingdom,GB,01342894508,sales@hexapadel.co.uk,https://www.hexapadel.co.uk/about-us,https://www.facebook.com/profile.php,https://www.instagram.com/hexa_padel/,https://www.linkedin.com/company/hexa-padel,,https://www.google.com/maps?cid=18437662123665337852,,,,,https://streetviewpixels-pa.googleapis.com/v1/thumbnail?panoid,,
Hinckley Town Pickleball Club,Sports club,"Road Sports Ground, Leicester","Road Sports Ground, Leicester, Hinckley LE10 3DR",Hinckley,LE10 3DR,United Kingdom,GB,07794148664,,https://clubspark.lta.org.uk/HinckleyTownTennisClub/Pickleball,,,,,https://www.google.com/maps?cid=13050244778928204291,,,,,https://streetviewpixels-pa.googleapis.com/v1/thumbnail?panoid,,"Wheelchair-accessible car park, Toilet"
Hoddesdon Pickleball Club,Sports club,Beech Walk,"Beech Walk, Hoddesdon EN11 8NS",Hoddesdon,EN11 8NS,United Kingdom,GB,,htcpickleball@gmail.com,http://www.htcpickleball.co.uk/,https://www.facebook.com/htcpickleball,https://www.instagram.com/htcpickleball,,,https://www.google.com/maps?cid=1377791150514704418,,,,"Monday: 10am-5pm, Tuesday: 10am-5pm, Wednesday: 10am-5pm, Thursday: 10am-5pm, Friday: 10am-5pm, Saturday: 10am-5pm, Sunday: 10am-5pm",https://lh3.googleusercontent.com/gps-cs-s/AG0ilSwC312Xwvx4aCnQeV9RU5Cx8a2zIWbA_nraOx3Wlw0oHtaNGVX66wiFp0TCtvJuNrPNKfSGTtHGWA7yrfcs0d7WNipUBbh4Aa1KDoyLiDykyw1GpPwIsJbFL0u8HQjp4XF17qM,,"Wheelchair-accessible car park, Toilet"
Hollybush Tennis and Padel Centre,"Tennis club, Padel club, Padel court, Pickleball court, Tennis court",Hollybush Cl,"Hollybush Cl, Sevenoaks TN13 3XN",Sevenoaks,TN13 3XN,United Kingdom,GB,01959523377,tennisacademybookings@gmail.com,http://www.tennisacademy.org.uk/,https://www.facebook.com/tennisacademysevenoaks/,https://www.instagram.com/hollybushtennis,,,https://www.google.com/maps?cid=5509782865551780155,,4.3,15,"Monday: 7am-10pm, Tuesday: 7am-10pm, Wednesday: 7am-10pm, Thursday: 7am-10pm, Friday: 7am-10pm, Saturday: 7am-10pm, Sunday: 7am-10pm",https://lh3.googleusercontent.com/p/AF1QipNxYivYF9n5Swpa9gjQXRev-2zmhzUJeXseJosG,,"Wheelchair-accessible car park, Wheelchair-accessible entrance, Wheelchair-accessible toilet, Toilet, Wi-Fi, Swimming pool, On-site parking"
Hollycroft Tennis & Pickleball Courts,Tennis court,Shakespeare Dr,"Shakespeare Dr, Hinckley LE10 0BG",Hinckley,LE10 0BG,United Kingdom,GB,,,,,,,,https://www.google.com/maps?cid=13528192904540042688,,3.8,4,"Monday: 8am-10pm, Tuesday: 8am-10pm, Wednesday: 8am-10pm, Thursday: 8am-10pm, Friday: 8am-10pm, Saturday: 8am-10pm, Sunday: 8am-10pm",https://lh3.googleusercontent.com/gps-cs-s/AG0ilSx-2QWQ8DsOnpiwPVCDTCWhWSxo57n7fIUf0msO5a8Hz4Z4G-tQ4TA5dlxLry0SmVRhQGcw-Cycy-cf7xhPSyL3rWWYiGL1azAX2HZwcLSWoPfa9-0mYftGWfo-N0oCXew_F9o,,
Holt Padel Ltd,Sports club,Woodfield Rd,"Woodfield Rd, Holt NR25 6TX",Holt,NR25 6TX,United Kingdom,GB,,,http://holtpadel.co.uk/,,,,,https://www.google.com/maps?cid=12509829991446724475,,4.9,10,,https://lh3.googleusercontent.com/gps-cs-s/AG0ilSw0oBvOz2HKhD5lWNkr3GBcuquFA2_n1Dz3VwNxkkMfdWPOdagR90Ku4K7PzZBy4OGxmg4u8qnaXnFndcJMq0WOREV5mkEGmAUYmQ8tTyOQq2f9eUmVOHxJP-Qk8mbofOndWxB379XHQfry,,"Wheelchair-accessible car park, Toilet"
"Holt Sports Courts (Tennis, Netball, Pickleball)",Sports club,The St,"The St, Holt, Trowbridge BA14 6RS",Trowbridge,BA14 6RS,United Kingdom,GB,,,https://clubspark.lta.org.uk/HoltSportsCourts,,,,,https://www.google.com/maps?cid=17922341956120511173,,5,1,"Monday: 8am-10pm, Tuesday: 8am-10pm, Wednesday: 8am-10pm, Thursday: 8am-10pm, Friday: 8am-10pm, Saturday: 8am-10pm, Sunday: 8am-10pm",https://streetviewpixels-pa.googleapis.com/v1/thumbnail?panoid,,"Wheelchair-accessible car park, Wheelchair-accessible entrance, Wheelchair-accessible toilet, Toilet"
Horley Leisure Centre,"Leisure centre, Badminton court, Fitness centre, Gym, Gymnastics club, Pickleball court, Sports complex, Swimming pool, Swimming school, Weightlifting area",Anderson Way,"Anderson Way, Horley RH6 8SP",Horley,RH6 8SP,United Kingdom,GB,01293784075,horley.enquiries@gll.org,https://www.better.org.uk/leisure-centre/reigate-and-banstead/horley-leisure-centre?utm_source=google&utm_medium=organic&utm_campaign=google_my_business,https://www.facebook.com/betteruk/,https://www.instagram.com/better_uk/,,"https://twitter.com/better_uk, https://x.com/gll_uk",https://www.google.com/maps?cid=7490966032129056820,https://bookings.better.org.uk/location/horley-leisure-centre,4.1,488,"Monday: 6am-10pm, Tuesday: 6am-10pm, Wednesday: 6am-10pm, Thursday: 6am-10pm, Friday: 6am-10pm, Saturday: 8:30am-6pm, Sunday: 8:30am-6pm",https://lh3.googleusercontent.com/gps-cs-s/AG0ilSzFbm0xHPCxaHQ6CeqtxkFcqmcXws7QgTGy4WoBFsfH7YZUdjimNNwRxNdiaqX5Xk_tpQAouOtvfCc9PA3HPAcLrvZDmN9ljMwIM6lA2DHBtBRC2Sz7HG0gwTGFohcmUrZeRumW,"Modern community sports complex with a gym, 25-metre indoor swimming pool and sports hall.","Wheelchair-accessible car park, Wheelchair-accessible entrance, Free parking lot, On-site parking"
Houseofpadel,Sports club,Westwick St,"Westwick St, Norwich NR2 4SZ",Norwich,NR2 4SZ,United Kingdom,GB,07554430199,,https://www.thehouseofpadel.co.uk/,,,,,https://www.google.com/maps?cid=5087734674550152132,,,,,https://streetviewpixels-pa.googleapis.com/v1/thumbnail?panoid,,"Wheelchair-accessible car park, Toilet"
Hove Beach Park Tennis & Padel | Game4Padel,Sports club,Beach Park,"Beach Park, Brighton and Hove, Hove BN3 4FA",Hove,BN3 4FA,United Kingdom,GB,,info@game4padel.com,https://www.game4padel.com/hove-beach-park,https://www.facebook.com/game4padel,https://www.instagram.com/game4padel,,,https://www.google.com/maps?cid=11952429223423489306,https://www.game4padel.com/hove-beach-park,5,21,"Monday: 8am-10pm, Tuesday: 8am-10pm, Wednesday: 8am-10pm, Thursday: 8am-10pm, Friday: 8am-10pm, Saturday: 8am-10pm, Sunday: 8am-10pm",https://lh3.googleusercontent.com/gps-cs-s/AG0ilSzQA9746UK1D6MebfrAcShXO1iF9Q7nf0sF7KX_nfEzZh7Wb121CiofuDzIZLplHoqBQk9IJP_91FnvTJ6R21DiEjJWb95DyBhbJPV-8-jkwtQH7YK5DAs9dzg5Ham1M1UY5dnfkUiyja2-,,Toilet
Hugoôs Padel Coaching,"Padel club, Service establishment",,,,,,,07826802831,,https://www.nottscountyfc.co.uk/news/2023/september/padel-updates-151222/,,,,,https://www.google.com/maps?cid=16837632533896287900,https://www.nottscountyfc.co.uk/news/2023/september/padel-updates-151222/,5,136,"Monday: 7am-10:30pm, Tuesday: 7am-10:30pm, Wednesday: 7am-10:30pm, Thursday: 7am-10:30pm, Friday: 7am-10:30pm, Saturday: 7am-10:30pm, Sunday: 7am-10:30pm",https://lh3.googleusercontent.com/gps-cs-s/AG0ilSwCDspri3fD_yXZqB-k4J08Z4o0LHv3diEN8Dy93KsE4sCmmQRuVJGaVVUpAIApCklp0jMG-DJKOX2mnmjlQF4GeCeNg1nPMCkMDrs6ZyRmaXaC921E5mtJ9bWukAD3ZBxQ0zE9jWr8_4UO,,
Hurlands Pickleball + Padel Club,Pickleball court,"Trading Estate, 6","Trading Estate, 6, Farnham GU9 9NN",Farnham,GU9 9NN,United Kingdom,GB,,info@hurlands.com,https://hurlands.com/,https://www.facebook.com/p/hurlands-pickleball-padel-club-61578420546119,https://www.instagram.com/hurlandspickleballandpadel,,,https://www.google.com/maps?cid=269938056442833182,,,,,https://lh3.googleusercontent.com/gps-cs-s/AG0ilSxrMV1m_yMUoZ6Z-par7UEzpsMqrXxP1jjP0aYWsR0yZlhlDjnwKZnxIPfTna9nYeATClnLerjyiEXOCbiP2TRzk16J3QOyLyXFcKNn70bbZAwZQoNwTQtIOIuWWiZS35U_tN4Y00mHcXE0,,
Ignite Padel Cheshire Oaks,Padel club,Unit 2 Deans Rd,"Unit 2 Deans Rd, Ellesmere Port CH65 4DR",Ellesmere Port,CH65 4DR,United Kingdom,GB,01515597050,,https://www.ignitepadel.co.uk/,,https://www.instagram.com/ignitepadeluk,,,https://www.google.com/maps?cid=18028347005232911950,https://playtomic.io/tenant/0ce0d36f-9d1e-4c59-971d-ab23d0c77da3?utm_source=app_ios&utm_campaign=share,5,6,"Monday: 6am-12am, Tuesday: 6am-12am, Wednesday: 6am-12am, Thursday: 6am-12am, Friday: 6am-12am, Saturday: 6am-12am, Sunday: 6am-12am",https://lh3.googleusercontent.com/p/AF1QipPnJfQDYuKtX7Oi4GthQJWdCmI6IrrdB7sYbnpE,,"Wheelchair-accessible car park, Wheelchair-accessible entrance, Toilet"
Ignite Padel Speke,Padel club,Stirling Rd,"Stirling Rd, Speke, Liverpool L24 1AR",Liverpool,L24 1AR,United Kingdom,GB,01518291505,,https://www.ignitepadel.co.uk/,,https://www.instagram.com/ignitepadeluk,,,https://www.google.com/maps?cid=1087119754287389110,,3.6,5,"Monday: 6am-12am, Tuesday: 6am-12am, Wednesday: 6am-12am, Thursday: 6am-12am, Friday: 6am-12am, Saturday: 6am-12am, Sunday: 6am-12am",https://lh3.googleusercontent.com/gps-cs-s/AG0ilSw80lnzH1LvbVXdraEIj8kZNk06M7FDEetVibdRMeO2HpdgM1S12ryRnGc8S9Xu4EzyD6WBy0DTcjzEbGJ5idenLeJEkGH3256P_qAoZrVt3aVd1x7NVjrypAloiMgT4_iKggIXsJ7ZcbnS,,"Wheelchair-accessible car park, Wheelchair-accessible entrance, Toilet"
Ignite Padel West Derby,Padel club,Queens Dr,"Queens Dr, Stoneycroft, Liverpool L13 0AG",Liverpool,L13 0AG,United Kingdom,GB,01515599670,,https://ignitepadel.co.uk/,,https://www.instagram.com/ignitepadeluk,,,https://www.google.com/maps?cid=7013781243219531111,https://playtomic.com/clubs/ignite-padel,4.8,13,"Monday: 8am-9pm, Tuesday: 8am-9pm, Wednesday: 8am-9pm, Thursday: 8am-9pm, Friday: 8am-9pm, Saturday: 8am-9pm, Sunday: 8am-9pm",https://lh3.googleusercontent.com/gps-cs-s/AG0ilSyBU9fyTCRm6Sn_4f27Xco2n9Uf_ATQwy0D8L--F0do71lyRi2CXCPMYLI-urxxxdIiDyXR0st7pRsbWsbbLDE3qHjFCPG4frAg6Kc3NUt7SKDoCHIDr1LNSOBsoraCWYHOS3VCtHk8NPc,,"Wheelchair-accessible car park, Wheelchair-accessible entrance, Wheelchair-accessible toilet, Toilet"
Indoor padel epsom,Sports club,19 Blenheim Rd,"19 Blenheim Rd, Epsom KT19 9QQ",Epsom,KT19 9QQ,United Kingdom,GB,,,,,,,,https://www.google.com/maps?cid=7025538629234539427,,,,,https://streetviewpixels-pa.googleapis.com/v1/thumbnail?panoid,,"Wheelchair-accessible car park, Toilet"
InstantPadel @ Canada Water,Sports club,Deal Porters Way,"Deal Porters Way, London SE16 7LL",London,SE16 7LL,United Kingdom,GB,07503522664,,https://padelmates.se/,,,,,https://www.google.com/maps?cid=15228751705242678363,,2.8,42,"Monday: 6:30am-10pm, Tuesday: 6:30am-10pm, Wednesday: 6:30am-10pm, Thursday: 6:30am-10pm, Friday: 6:30am-10pm, Saturday: 8am-10pm, Sunday: 8am-10pm",https://lh3.googleusercontent.com/p/AF1QipPVPf6KgbJwiqROIT17OEUs2Vu7jfaCiVx4hFJx,,"On-site services, Toilet, Free parking lot"
Ipadel Ltd,Sports management and promotion,"Lane End, Little Common Ln","Lane End, Little Common Ln, Bletchingley, Redhill RH1 4QF",Redhill,RH1 4QF,United Kingdom,GB,07765403769,ian@ipadel.co.uk,https://ipadel.co.uk/,https://www.facebook.com/ipadeluk,,,https://twitter.com/ipadeluk,https://www.google.com/maps?cid=17887935384535450642,,,,"Monday: Open 24 hours, Tuesday: Open 24 hours, Wednesday: Open 24 hours, Thursday: Open 24 hours, Friday: Open 24 hours, Saturday: Open 24 hours, Sunday: Open 24 hours",https://lh3.googleusercontent.com/p/AF1QipOuL5FajqRGcAZifKXMbKJtSHhQMGmvqK4Q-YlY,,
Ipswich Padel | Game4Padel,Padel court,"Ipswich Padel, Henley Rd","Ipswich Padel, Henley Rd, Ipswich IP1 4NJ",Ipswich,IP1 4NJ,United Kingdom,GB,,,,,,,,https://www.google.com/maps?cid=4660340763690939752,,4.7,3,"Monday: 7am-9pm, Tuesday: 7am-9pm, Wednesday: 7am-9pm, Thursday: 7am-9pm, Friday: 7am-9pm, Saturday: 8am-7pm, Sunday: 8am-7pm",https://streetviewpixels-pa.googleapis.com/v1/thumbnail?panoid,,"Wheelchair-accessible car park, Wheelchair-accessible entrance, Debit cards"
Islington Tennis Centre and Gym,"Sports complex, Fitness centre, Gym, Leisure centre, Personal trainer, Pickleball court, Sauna, Tennis court, Tennis instructor","Islington Tennis Centre, Market Rd","Islington Tennis Centre, Market Rd, London N7 9PL",London,N7 9PL,United Kingdom,GB,02037936880,islingtontenniscentreandgym@gll.org,https://www.better.org.uk/leisure-centre/london/islington/islingtontc?utm_source=google&utm_medium=organic&utm_campaign=google_my_business,https://www.facebook.com/betteruk/,https://www.instagram.com/better_uk/,,"https://x.com/gll_uk, https://twitter.com/better_uk",https://www.google.com/maps?cid=16074925021096006162,,4.1,276,"Monday: 7am-11pm, Tuesday: 7am-11pm, Wednesday: 7am-11pm, Thursday: 7am-11pm, Friday: 7am-10pm, Saturday: 7am-10pm, Sunday: 7am-10pm",https://lh3.googleusercontent.com/p/AF1QipMtiByQ0U2fbsLKBH2zQBUqZW1eMq-GiJ4oQbSy,,"Wheelchair-accessible car park, Wheelchair-accessible entrance, Sauna, Credit cards, Debit cards, NFC mobile payments, Credit cards"
JB Corrie Padel,Fence contractor,Frenchmans Rd,"Frenchmans Rd, Petersfield GU32 3AP",Petersfield,GU32 3AP,United Kingdom,GB,01730237100,,https://corriepadel.co.uk/,,,,,https://www.google.com/maps?cid=9887066853108952066,,5,1,"Monday: 9am-5:30pm, Tuesday: 9am-5:30pm, Wednesday: 9am-5:30pm, Thursday: 9am-5:30pm, Friday: 9am-5:30pm, Saturday: Closed, Sunday: Closed",https://lh3.googleusercontent.com/p/AF1QipM-SPbgOcwTJf5TtKvdoey-Kq8qCxerTjTDdhFB,,
Just Padel Blackpool,Padel court,Squires Gate Ln,"Squires Gate Ln, Blackpool FY4 3RN",Blackpool,FY4 3RN,United Kingdom,GB,01253375744,info@justpadel.uk,https://justpadel.uk/,,https://www.instagram.com/justpadelpreston,,,https://www.google.com/maps?cid=6230696289444864501,,4.9,45,"Monday: Open 24 hours, Tuesday: Open 24 hours, Wednesday: Open 24 hours, Thursday: Open 24 hours, Friday: Open 24 hours, Saturday: Open 24 hours, Sunday: Open 24 hours",https://lh3.googleusercontent.com/p/AF1QipP2SXLL2ZjKTZtdYiViwcQugmr2qHmNwnclwfc,,"Wheelchair-accessible car park, Credit cards, Debit cards, NFC mobile payments"
Just Padel Bolton,Padel court,"Central Business Park, Nelson St","Central Business Park, Nelson St, Bolton BL3 2JW",Bolton,BL3 2JW,United Kingdom,GB,07414492394,info@justpadel.uk,https://justpadel.uk/,,https://www.instagram.com/justpadelpreston,,,https://www.google.com/maps?cid=15447062111043127244,,4.9,29,"Monday: Open 24 hours, Tuesday: Open 24 hours, Wednesday: Open 24 hours, Thursday: Open 24 hours, Friday: Open 24 hours, Saturday: Open 24 hours, Sunday: Open 24 hours",https://lh3.googleusercontent.com/p/AF1QipMK2j0xFAjpy0-VTIs1fdOJFVwGbIV46G_-WMl3,,"Credit cards, Debit cards"
Just Padel Preston,Padel court,Corporation St,"Corporation St, Preston PR1 2UQ",Preston,PR1 2UQ,United Kingdom,GB,01772237410,info@justpadel.uk,https://justpadel.uk/,,https://www.instagram.com/justpadelpreston,,,https://www.google.com/maps?cid=17554056343216419972,,4.7,109,"Monday: Open 24 hours, Tuesday: Open 24 hours, Wednesday: Open 24 hours, Thursday: Open 24 hours, Friday: Open 24 hours, Saturday: Open 24 hours, Sunday: Open 24 hours",https://lh3.googleusercontent.com/p/AF1QipNtl31X_G74vOfINX_9ikfDJe_t3k8fmM8x-USW,,"Wheelchair-accessible car park, Wheelchair-accessible entrance, Credit cards, Debit cards, NFC mobile payments"
Just Play Padel,Padel club,Box Tree Farm,"Box Tree Farm, Wennington, Lancaster LA2 8PA",Lancaster,LA2 8PA,United Kingdom,GB,,info@justplaypadel.co.uk,https://justplaypadel.co.uk/,https://www.facebook.com/profile.php,,,,https://www.google.com/maps?cid=5763829269995735570,,,,,https://streetviewpixels-pa.googleapis.com/v1/thumbnail?panoid,,Toilet
Kendal Leisure Centre,"Leisure centre, Badminton court, Basketball court, Fitness centre, Gym, Pickleball court, Sauna, Swimming pool, Swimming school, Weightlifting area",Burton Rd,"Burton Rd, Kendal LA9 7HX",Kendal,LA9 7HX,United Kingdom,GB,01539729777,kendal.leisure@gll.org,https://www.better.org.uk/leisure-centre/westmorland-and-furness/kendal?utm_source=google&utm_medium=organic&utm_campaign=google_my_business,https://www.facebook.com/betteruk/,https://www.instagram.com/better_uk/,,"https://twitter.com/better_uk, https://x.com/gll_uk",https://www.google.com/maps?cid=16760368898523837341,,4.1,455,"Monday: 6:30am-9:30pm, Tuesday: 6:30am-9:30pm, Wednesday: 6:30am-9:30pm, Thursday: 6:30am-9:30pm, Friday: 6:30am-9:30pm, Saturday: 7am-5:30pm, Sunday: 9am-5pm",https://lh3.googleusercontent.com/gps-cs-s/AG0ilSwXcrIzlNYSdJ170oEJKil4a4ekdousYi9Ndg04LwJKuN3E3wClsADA0cphg9TZMuqIqdaMSjnxt11Br7cDXBufrM4mSICTCi93Q3l9IqYrF1CzanHBGIJuKL1Ilne3XaKcbniXeQ,"Recreation hub with 25m swimming pool, indoor mixed-use sports hall and a 900-seat theatre venue.","Wheelchair-accessible car park, Wheelchair-accessible entrance, Sauna"
Kenilworth Pickleball Club,Sports club,Glasshouse Ln,"Glasshouse Ln, Kenilworth CV8 2QP",Kenilworth,CV8 2QP,United Kingdom,GB,07312819967,,https://www.facebook.com/profile.php?id=61559704230502,https://www.facebook.com/profile.php?id=61559704230502,,,,https://www.google.com/maps?cid=11466306340021445580,,,,,https://lh3.googleusercontent.com/p/AF1QipMwnGWtruQ3WlqxUk1GLV83f6n_W30U0IDhomBQ,,"Wheelchair-accessible car park, Wheelchair-accessible entrance, Toilet"
"Kenilworth Tennis, Squash & Croquet Club","Padel club, Croquet club, Squash club, Social club, Tennis club",Crackley Ln,"Crackley Ln, Kenilworth CV8 2JS",Kenilworth,CV8 2JS,United Kingdom,GB,01926852673,info@ktscc.co.uk,http://www.ktscc.co.uk/,"https://facebook.com/ktscc, https://www.facebook.com/ktscc/","https://www.instagram.com/ktscc1901, https://www.instagram.com/explore/locations/250050/kenilworth-tennis-squash-and-croquet-club",,,https://www.google.com/maps?cid=2315541517088394021,,4.5,70,"Monday: 6am-10pm, Tuesday: 6am-10pm, Wednesday: 6am-10pm, Thursday: 6am-10pm, Friday: 6am-10pm, Saturday: 6am-10:30pm, Sunday: 6am-10pm",https://lh3.googleusercontent.com/p/AF1QipOMko3PcrI3uIkexcDel-FpU8pruoUpSDiMdGQ-,,"On-site services, Wheelchair-accessible car park, Wheelchair-accessible entrance, Toilet, Clothing, Free parking lot, On-site parking"
Kensington Pickleball Club,Pickleball court,"School, Airlie Gardens","School, Airlie Gardens, London W8 7AF",London,W8 7AF,United Kingdom,GB,07990930895,info@kensingtonpickleballclub.co.uk,https://kensingtonpickleballclub.co.uk/,https://www.facebook.com/kensingtonpickleballclub,https://www.instagram.com/kensingtonpickleballclub,,,https://www.google.com/maps?cid=11350287055997912617,,4.3,24,"Monday: 5-9pm, Tuesday: 5-9pm, Wednesday: 5-9pm, Thursday: 5-9pm, Friday: 5-9pm, Saturday: 10am-6pm, Sunday: 10am-6pm",https://lh3.googleusercontent.com/gps-cs-s/AG0ilSwiIu3xg2bnYjS5zTLxneV8X36VlQey6KQk7ddB8TsFLtlZF4-iu7wFFKLSaQ0WuT5rSFXSMz_Fm-QWf17k3JFEUIXQFbGH7Jk7FKP3t8KYZ_0k3AX9_3ANz6kBtgWjp2Fn4tzFcA,,
Kg Padel Academy,"Coaching center, Service establishment",,,,,,,07429962605,hello@kgpadelacademy.com,https://kgpadelacademy.com/,,https://www.instagram.com/kgpadelacademy,,,https://www.google.com/maps?cid=8242681984311758389,,5,1,"Monday: 9am-5pm, Tuesday: 9am-10pm, Wednesday: 9am-10pm, Thursday: 9am-10pm, Friday: 9am-1pm, Saturday: Closed, Sunday: Closed",https://lh3.googleusercontent.com/p/AF1QipPgc3RSzZ6DA7UTFJyVl-d-MXmJYL4EaQ0ALuVY,,
Kore Padel,Padel club,47 Southwood Rd,"47 Southwood Rd, Whitstable CT5 2PW",Whitstable,CT5 2PW,United Kingdom,GB,,,,,,,,https://www.google.com/maps?cid=1932759843232834677,,,,,https://streetviewpixels-pa.googleapis.com/v1/thumbnail?panoid,,Toilet
Lakeside Padel Tennis,Padel court,Warren Rd,"Warren Rd, North Somercotes, Louth LN11 7RB",Louth,,United Kingdom,GB,01507358428,bookings@donamottparks.com,http://lakesidepark.co.uk/,https://www.facebook.com/donamottparks,,,,https://www.google.com/maps?cid=16149509389348302638,,,,"Monday: 9am-4:30pm, Tuesday: 9am-4:30pm, Wednesday: 9am-4:30pm, Thursday: 9am-4:30pm, Friday: 9am-5:30pm, Saturday: 9am-5pm, Sunday: 9am-4:30pm",https://lh3.googleusercontent.com/gps-cs-s/AG0ilSx2C8WAFdcPz19C4ixqOJndYhUqwRTBXt-vs3MteYFlaK8axzFojd05lmpd9EknBFi4p0VYizPucXaAcIMftUsN-4FmtscADcyIoo6Y8bcf1Q6XETSIN6FGiF1O6HqmmlnuCN1W,,"Wheelchair-accessible car park, Wheelchair-accessible entrance, Debit cards"
Last Sun Dance Climbing,"Rock climbing gym, Padel club",21 Felnex Cl,"21 Felnex Cl, Leeds LS9 0TN",Leeds,LS9 0TN,United Kingdom,GB,01132407832,info@lastsundance.com,http://lastsundance.com/,,https://www.instagram.com/lastsundance,,,https://www.google.com/maps?cid=17168060946661424351,,4.9,310,"Monday: 7am-10pm, Tuesday: 7am-10pm, Wednesday: 7am-10pm, Thursday: 7am-10pm, Friday: 7am-10pm, Saturday: 9am-8pm, Sunday: 9am-8pm",https://lh3.googleusercontent.com/p/AF1QipPdorWwVSITLki9qSeS3pbEwFG05oLZ1E0-ukaC,,"Wheelchair-accessible car park, Wheelchair-accessible entrance, LGBTQ+ friendly, Credit cards, Debit cards, NFC mobile payments, Credit cards, Free parking lot, On-site parking"
Last Sun Dance Padel Club,Rock climbing gym,22 Felnex Cl,"22 Felnex Cl, Leeds LS9 0TN",Leeds,LS9 0TN,United Kingdom,GB,01132407832,info@lastsundance.com,https://lastsundance.com/padel,,https://www.instagram.com/lastsundance,,,https://www.google.com/maps?cid=8674227962110287823,,5,3,"Monday: 7am-10pm, Tuesday: 7am-10pm, Wednesday: 7am-10pm, Thursday: 7am-10pm, Friday: 7am-10pm, Saturday: 8am-8pm, Sunday: 8am-8pm",https://lh3.googleusercontent.com/p/AF1QipOlnPo7ZzSaray2YIlGN-iDknZqJCgavEiEx6aU,,"Wheelchair-accessible car park, Credit cards, Debit cards, NFC mobile payments"
Leamington and Warwick Pickleball Club,"Sports club, Service establishment",,,,,,,,leamwarpickleball@gmail.com,https://www.picklers.co.uk/,https://www.facebook.com/,,,,https://www.google.com/maps?cid=6191503385378898620,,,,"Monday: Closed, Tuesday: 6-8pm, Wednesday: Closed, Thursday: 6-8pm, Friday: Closed, Saturday: Closed, Sunday: Closed",https://lh3.googleusercontent.com/p/AF1QipN2t6rVlctujGVfToXMYrZ69CpaRcrmlamgtQ_X,,
Lemon Pickleball Archway,Sports club,Hornsey Ln,"Hornsey Ln, London N6 5LY",London,N6 5LY,United Kingdom,GB,03300430528,info@lemonpickleball.com,https://www.lemonpickleball.com/,https://www.facebook.com/lemonpickleball,https://www.instagram.com/lemonpickleball,,https://twitter.com/lemonpickleball,https://www.google.com/maps?cid=3822394067909604088,,,,"Monday: Closed, Tuesday: Closed, Wednesday: Closed, Thursday: Closed, Friday: 7-9pm, Saturday: Closed, Sunday: Closed",,,Toilet
Lemon Pickleball East Finchley,Sports club,"Bishop Douglass R.C. High School, Hamilton Rd","Bishop Douglass R.C. High School, Hamilton Rd, London N2 0SQ",London,N2 0SQ,United Kingdom,GB,03300430528,info@lemonpickleball.com,https://lemonpickleball.com/,https://www.facebook.com/lemonpickleball,https://www.instagram.com/lemonpickleball,,https://twitter.com/lemonpickleball,https://www.google.com/maps?cid=9415937955690340347,,,,"Monday: Closed, Tuesday: 6-9pm, Wednesday: Closed, Thursday: 6-9pm, Friday: Closed, Saturday: Closed, Sunday: Closed",https://lh3.googleusercontent.com/p/AF1QipOuEB_fZ4XQnlNyBnyRQProbBeIdWHWnj9TK-Fr,,"Toilet, On-site parking"
Lemon Pickleball Enfield,Sports club,"Wren Academy, 3 Chace Village Rd","Wren Academy, 3 Chace Village Rd, Enfield EN2 8GH",Enfield,EN2 8GH,United Kingdom,GB,03300430528,info@lemonpickleball.com,https://lemonpickleball.com/,https://www.facebook.com/lemonpickleball,https://www.instagram.com/lemonpickleball,,https://twitter.com/lemonpickleball,https://www.google.com/maps?cid=9221224864754011350,,5,1,"Monday: Closed, Tuesday: Closed, Wednesday: 6:30-9:30pm, Thursday: Closed, Friday: Closed, Saturday: Closed, Sunday: Closed",https://lh3.googleusercontent.com/p/AF1QipPBRM8x-da5cqpEKhAigBPeXIKdQR17CK9bggS-,,"Toilet, On-site parking"
Lemon Pickleball Finchley,"Sports club, Pickleball court","Christ's College Finchley, E End Rd","Christ's College Finchley, E End Rd, London N2 0SE",London,N2 0SE,United Kingdom,GB,03300430528,info@lemonpickleball.com,https://www.lemonpickleball.com/,https://www.facebook.com/lemonpickleball,https://www.instagram.com/lemonpickleball,,https://twitter.com/lemonpickleball,https://www.google.com/maps?cid=8180754586611175844,https://lemonpickleball.com/index.php/booking/,5,9,"Monday: 5:30-9:30pm, Tuesday: 5:30-9:30pm, Wednesday: 5:30-9:30pm, Thursday: 6-8pm, Friday: Closed, Saturday: Closed, Sunday: 9:30am-8pm",https://lh3.googleusercontent.com/p/AF1QipOi4-3TOci8FydEEGq_oTLUtgm-K72OWI9Kn9m3,,"Toilet, Free parking lot"
Lemon Pickleball Hackney,Sports club,"Mossbourne VPA, Victoria Park Rd","Mossbourne VPA, Victoria Park Rd, London E9 7HD",London,E9 7HD,United Kingdom,GB,03300430528,info@lemonpickleball.com,https://lemonpickleball.com/,https://www.facebook.com/lemonpickleball,https://www.instagram.com/lemonpickleball,,https://twitter.com/lemonpickleball,https://www.google.com/maps?cid=17816885578690110978,,,,"Monday: 6:30-9:30pm, Tuesday: Closed, Wednesday: Closed, Thursday: 6:30-9:30pm, Friday: Closed, Saturday: Closed, Sunday: Closed",https://streetviewpixels-pa.googleapis.com/v1/thumbnail?panoid,,Free of charge street parking
Lemon Pickleball Hampstead,Sports club,"Royal Free Recreation Club, Fleet Rd","Royal Free Recreation Club, Fleet Rd, London NW3 2QG",London,NW3 2QG,United Kingdom,GB,03300430528,info@lemonpickleball.com,https://lemonpickleball.com/,https://www.facebook.com/lemonpickleball,https://www.instagram.com/lemonpickleball,,https://twitter.com/lemonpickleball,https://www.google.com/maps?cid=9975366061100260798,,,,"Monday: 11:30am-1pm / 4-6pm, Tuesday: 8:30-10am, Wednesday: 11:30am-2:30pm, Thursday: Closed, Friday: 9-10:30am, Saturday: Closed, Sunday: Closed",https://streetviewpixels-pa.googleapis.com/v1/thumbnail?panoid,,"Toilet, Paid street parking"
Lemon Pickleball Highgate,Sports club,"Highgate Wood School, Montenotte Rd","Highgate Wood School, Montenotte Rd, London N8 8RN",London,N8 8RN,United Kingdom,GB,03300430528,info@lemonpickleball.com,https://lemonpickleball.com/,https://www.facebook.com/lemonpickleball,https://www.instagram.com/lemonpickleball,,https://twitter.com/lemonpickleball,https://www.google.com/maps?cid=12776506896585279545,,4,1,"Monday: 7-9pm, Tuesday: Closed, Wednesday: 6-9pm, Thursday: 5-9pm, Friday: Closed, Saturday: 11:30am-2:30pm, Sunday: Closed",https://lh3.googleusercontent.com/p/AF1QipMZGissW4z6UaazhzGpWYkWpSfGOBgaIiiziYYG,,"Toilet, On-site parking"
Lemon Pickleball Hoxton,Sports club,"The Bridge Academy, Laburnum St","The Bridge Academy, Laburnum St, London E2 8BA",London,E2 8BA,United Kingdom,GB,03300430528,info@lemonpickleball.com,https://lemonpickleball.com/,https://www.facebook.com/lemonpickleball,https://www.instagram.com/lemonpickleball,,https://twitter.com/lemonpickleball,https://www.google.com/maps?cid=4645797947312803053,,5,1,"Monday: Closed, Tuesday: Closed, Wednesday: 6:30-9:30pm, Thursday: Closed, Friday: Closed, Saturday: Closed, Sunday: Closed",https://streetviewpixels-pa.googleapis.com/v1/thumbnail?panoid,,"Free of charge street parking, Paid street parking"
Lemon Pickleball Maida Vale,Sports club,"St Augustine's Sport Centre, Oxford Rd","St Augustine's Sport Centre, Oxford Rd, London NW6 5AW",London,NW6 5AW,United Kingdom,GB,03300430528,info@lemonpickleball.com,https://lemonpickleball.com/,https://www.facebook.com/lemonpickleball,https://www.instagram.com/lemonpickleball,,https://twitter.com/lemonpickleball,https://www.google.com/maps?cid=6540929201227957938,,,,"Monday: 6-8pm, Tuesday: Closed, Wednesday: Closed, Thursday: Closed, Friday: Closed, Saturday: Closed, Sunday: Closed",https://lh3.googleusercontent.com/p/AF1QipP_dzi5TXwoUCOugWjg-ALmpia4nSxTwJc_kY-m,,"Toilet, Paid street parking"
Lemon Pickleball Marylebone,Sports club,"King Soloman Academy, Penfold St","King Soloman Academy, Penfold St, London NW1 6RX",London,NW1 6RX,United Kingdom,GB,03300430528,info@lemonpickleball.com,https://lemonpickleball.com/,https://www.facebook.com/lemonpickleball,https://www.instagram.com/lemonpickleball,,https://twitter.com/lemonpickleball,https://www.google.com/maps?cid=15771796452557356334,,5,1,"Monday: Closed, Tuesday: Closed, Wednesday: Closed, Thursday: 6-9pm, Friday: Closed, Saturday: Closed, Sunday: Closed",https://streetviewpixels-pa.googleapis.com/v1/thumbnail?panoid,,"Toilet, Paid street parking"
Lemon Pickleball Mill Hill,Sports club,St James' Catholic High School,"St James' Catholic High School, London NW9 5PE",London,NW9 5PE,United Kingdom,GB,03300430528,info@lemonpickleball.com,https://lemonpickleball.com/,https://www.facebook.com/lemonpickleball,https://www.instagram.com/lemonpickleball,,https://twitter.com/lemonpickleball,https://www.google.com/maps?cid=18441091075265966446,,,,"Monday: 6-8pm, Tuesday: Closed, Wednesday: 6-9pm, Thursday: 6-9pm, Friday: Closed, Saturday: Closed, Sunday: Closed",https://streetviewpixels-pa.googleapis.com/v1/thumbnail?panoid,,Toilet
Lemon Pickleball Muswell Hill,Sports club,"Fortismere, Tetherdown","Fortismere, Tetherdown, London N10 1NE",London,N10 1NE,United Kingdom,GB,03300430528,info@lemonpickleball.com,http://www.lemonpickleball.com/,https://www.facebook.com/lemonpickleball,https://www.instagram.com/lemonpickleball,,https://twitter.com/lemonpickleball,https://www.google.com/maps?cid=5156302612503193897,https://lemonpickleball.com/index.php/booking/,5,1,"Monday: Closed, Tuesday: 7-9pm, Wednesday: Closed, Thursday: Closed, Friday: 7-9pm, Saturday: Closed, Sunday: Closed",https://lh3.googleusercontent.com/p/AF1QipOcHxh2ZkE0NgeLnnYtUroivBGMu_WUOJrX3Dg,,"Toilet, On-site parking"
Lemon Pickleball Swiss Cottage,Sports club,"UCL Academy, Adelaide Rd","UCL Academy, Adelaide Rd, London NW3 3AQ",London,NW3 3AQ,United Kingdom,GB,03300430528,info@lemonpickleball.com,https://lemonpickleball.com/,https://www.facebook.com/lemonpickleball,https://www.instagram.com/lemonpickleball,,https://twitter.com/lemonpickleball,https://www.google.com/maps?cid=12178060533888131190,,,,"Monday: Closed, Tuesday: 6:30-8:30pm, Wednesday: 6:30-8:30pm, Thursday: Closed, Friday: Closed, Saturday: Closed, Sunday: Closed",https://streetviewpixels-pa.googleapis.com/v1/thumbnail?panoid,,Free of charge street parking
Letôs Dink Pickleball Centre,Pickleball court,"Horsebridge Meadows, Maplebeck Rd","Horsebridge Meadows, Maplebeck Rd, Caunton, Newark NG23 6AS",Newark,NG23 6AS,United Kingdom,GB,01636636688,info@cauntontennisclub.co.uk,https://letsdink-uk.com/,https://www.facebook.com/letsdink,https://www.instagram.com/letsdink_pickleball,,,https://www.google.com/maps?cid=2173114975009605834,,,,,https://streetviewpixels-pa.googleapis.com/v1/thumbnail?panoid,,"On-site services, Wheelchair-accessible car park"
Littletons Tennis & Pickleball Club,"Tennis club, Pickleball court",Long Hyde Rd,"Long Hyde Rd, South Littleton, Evesham WR11 8TH",Evesham,WR11 8TH,United Kingdom,GB,,,https://clubspark.lta.org.uk/LittletonsTennisClub,,,,,https://www.google.com/maps?cid=2276973617575214588,,4.7,9,"Monday: 8am-10pm, Tuesday: 8am-10pm, Wednesday: 8am-10pm, Thursday: 8am-10pm, Friday: 8am-10pm, Saturday: 8am-10pm, Sunday: 8am-10pm",https://lh3.googleusercontent.com/p/AF1QipP3YMwSR-DmNMDcKx9zcn98Dsyzz9twtulI8pLa,,"Wheelchair-accessible car park, Wheelchair-accessible entrance, Wheelchair-accessible toilet, Gender-neutral toilets, Toilet, Free parking lot"
Liv Padel,Sports club,1 Avenue Cl,"1 Avenue Cl, Dorridge, Solihull B93 8LB",Solihull,B93 8LB,United Kingdom,GB,,,http://liv-padel.co.uk/,https://www.facebook.com/profile.php,https://www.instagram.com/livpadel1/profilecard/,https://www.linkedin.com/company/liv-padel,,https://www.google.com/maps?cid=1871132126922738077,,,,,https://streetviewpixels-pa.googleapis.com/v1/thumbnail?panoid,,"On-site services, Wheelchair-accessible car park"
Llanishen Leisure Centre,"Sports complex, Badminton court, Fitness centre, Gym, Pickleball court, Leisure centre, Squash court, Swimming pool, Swimming school",,"Ty-Glas Ave, Cardiff CF14 5EB",Cardiff,CF14 5EB,United Kingdom,GB,02922401200,llanishen@gll.org,https://www.better.org.uk/leisure-centre/cardiff/llanishen?utm_source=google&utm_medium=organic&utm_campaign=google_my_business,https://www.facebook.com/betteruk/,https://www.instagram.com/better_uk/,,"https://twitter.com/better_uk, https://x.com/gll_uk",https://www.google.com/maps?cid=428975404986485036,,3.9,605,"Monday: 6:30am-9:30pm, Tuesday: 6:30am-9:30pm, Wednesday: 6:30am-9:30pm, Thursday: 6:30am-9:30pm, Friday: 6:30am-7:30pm, Saturday: 7:30am-5:30pm, Sunday: 7:30am-5:30pm",https://lh3.googleusercontent.com/gps-cs-s/AG0ilSzizkbCQOdoczEnNfsM35262vxQEeFgezXBs7ptV03xiIs3vrrXZHP0EhFIOUC8YJVI56kAhvznahNULuAiP2Ej1flvi4TDoK7peN4qX053qO1Pdb2gs2amgISTeIPHKWDyGebYhw,,
LOCO Pickleball Kirkby LC,Sports club,,"Kirkby in Ashfield, Nottingham NG17 7DJ",Nottingham,,United Kingdom,GB,,locopickleball@yahoo.com,https://locopickleball.wixsite.com/notts,https://www.facebook.com/profile.php,https://www.instagram.com/loco.pickleball.notts,,,https://www.google.com/maps?cid=9467394069734277666,,3,2,"Monday: Closed, Tuesday: Closed, Wednesday: Closed, Thursday: Open 24 hours, Friday: Closed, Saturday: Closed, Sunday: Closed",https://streetviewpixels-pa.googleapis.com/v1/thumbnail?panoid,,"Wheelchair-accessible car park, Wheelchair-accessible entrance, Toilet"
LOCO Pickleball Lowdham,Sports club,7 Nottingham Rd,"7 Nottingham Rd, Lowdham, Nottingham NG14 7AL",Nottingham,NG14 7AL,United Kingdom,GB,,locopickleball@yahoo.com,https://locopickleball.wixsite.com/notts,https://www.facebook.com/profile.php,https://www.instagram.com/loco.pickleball.notts,,,https://www.google.com/maps?cid=7040689489951042094,,,,,https://streetviewpixels-pa.googleapis.com/v1/thumbnail?panoid,,
LOCO Pickleball Radcliffe-on-Trent,Sports club,"South Notts Academy, Off Glebe Ln, Cropwell Rd","South Notts Academy, Off Glebe Ln, Cropwell Rd, Radcliffe on Trent, Nottingham NG12 2FQ",Nottingham,NG12 2FQ,United Kingdom,GB,,locopickleball@yahoo.com,https://locopickleball.wixsite.com/notts,https://www.facebook.com/profile.php,https://www.instagram.com/loco.pickleball.notts,,,https://www.google.com/maps?cid=7040679083047452832,,,,,,,"Wheelchair-accessible car park, Toilet"
LOCO Pickleball Southwell,Sports club,"Leisure Center, Nottingham Rd","Leisure Center, Nottingham Rd, Southwell NG25 0LG",Southwell,NG25 0LG,United Kingdom,GB,,locopickleball@yahoo.com,https://locopickleball.wixsite.com/notts,https://www.facebook.com/profile.php,https://www.instagram.com/loco.pickleball.notts,,,https://www.google.com/maps?cid=16188386026477711800,,,,,https://streetviewpixels-pa.googleapis.com/v1/thumbnail?panoid,,
Lofthouse Padel Court Specialists,"Padel court, Construction Company, Tennis court construction company","Studio-B, Kings Ride","Studio-B, Kings Ride, Winkfield Row, Ascot SL5 7JR",Ascot,SL5 7JR,United Kingdom,GB,01256263130,contact@lofthousepadel.com,https://www.lofthousepadelcourtspecialists.co.uk/,,https://www.instagram.com/lofthousepadelcourtspecialists,https://www.linkedin.com/company/lofthouse-padel-court-specialists,,https://www.google.com/maps?cid=12284929737131922892,,,,"Monday: 8am-5pm, Tuesday: 8am-5pm, Wednesday: 8am-5pm, Thursday: 8am-5pm, Friday: 8am-5pm, Saturday: Closed, Sunday: Closed",https://lh3.googleusercontent.com/p/AF1QipN0Zf0pZ7sbjtuRdaDuuIzFfUKwulKvGAXiEDfF,,"Wheelchair-accessible car park, Credit cards, Debit cards"
London Sports Festival,"Padel court, Beach volleyball court, Sports management and promotion, Pickleball court, Table tennis facility",The Crescent,"The Crescent, London EC3N 2LY",London,EC3N 2LY,United Kingdom,GB,07483014722,hello@centrallondonalliance.com,https://www.londonsportsfestival.com/,https://www.facebook.com/people/london-sports-festival/61574219235654,https://www.instagram.com/londonsportsfestival,,,https://www.google.com/maps?cid=10292054250026093282,,,,,https://lh3.googleusercontent.com/p/AF1QipM7iYQoaC_feOA2JKu6zYJO5AcoGhq-YKRQHmvV,,"Wheelchair-accessible entrance, Wheelchair-accessible seating, Wheelchair-accessible toilet, Gender-neutral toilets"
Long Ashton Community Centre,"Community centre, Badminton court, Basketball court, Bowling club, Live music venue, Pickleball court, Playground, Sports complex, Tennis court, Wedding venue","Village Hall, Keedwell Hill","Village Hall, Keedwell Hill, Long Ashton, Bristol BS41 9DP",Bristol,BS41 9DP,United Kingdom,GB,01275393570,enquiries@lacc.info,http://lacc.info/,https://www.facebook.com/longashtoncommunitycentre,https://www.instagram.com/longashtoncommunitycentre,,,https://www.google.com/maps?cid=13028052605782914830,,4.5,210,"Monday: 8am-12am, Tuesday: 8am-12am, Wednesday: 8am-12am, Thursday: 8am-12am, Friday: 8am-12am, Saturday: 8am-12am, Sunday: 8am-12am",https://lh3.googleusercontent.com/p/AF1QipNiSX_m7Ks72XNsSzk2ufttLQGWYSCcKA8ZETIv,,"Wheelchair-accessible car park, Wheelchair-accessible entrance, Wheelchair-accessible toilet, Gender-neutral toilets, Toilet, Credit cards, Debit cards, Credit cards, Good for kids birthday, Has changing table(s), Kid-friendly activities"
Love Padel Clubs,"Padel club, Service establishment",,,,,,,,hello@lovepadelclubs.co.uk,https://www.lovepadelclubs.co.uk/,https://www.facebook.com/people/love-padel-clubs/61565396414860,https://www.instagram.com/lovepadelclubs,,,https://www.google.com/maps?cid=7625759028512576366,,,,,,,
Lowestoft Town Tennis and Pickleball Club,Club,"Sparrows Nest Gardens,, The Ravine","Sparrows Nest Gardens,, The Ravine, Lowestoft",Lowestoft,,United Kingdom,GB,,,http://www.clubspark.lta.org.uk/lowestofttowntennisclub,,,,,https://www.google.com/maps?cid=15564511481956448762,,4.7,7,,https://lh3.googleusercontent.com/gps-cs-s/AG0ilSwEFjCT499PezZsOu6KPRFVYFZ4o8fH08igrTP1kKqPYmbdk8_Wr6_RDvaJfAamr12WvUqcm0uy4DfVo9e4c0ZuCJ7wQCsE8a4wP1W0teCYppNp9SF-Kh369MtTlk81AP3cq74,,
Lowlu Sauna & Plunge @ The Padel Yard,Sauna,2 Armoury Way,"2 Armoury Way, London SW18 1SH",London,SW18 1SH,United Kingdom,GB,,hey@lowlu.co,https://www.lowlu.co/,,https://www.instagram.com/lowlu_sauna,,,https://www.google.com/maps?cid=8462343009134679394,,4.8,32,"Monday: 7am-9pm, Tuesday: 7am-9pm, Wednesday: 7am-9pm, Thursday: 7am-9pm, Friday: 7am-9pm, Saturday: 7am-9pm, Sunday: 7am-9pm",https://lh3.googleusercontent.com/gps-cs-s/AG0ilSwQEIZBsDPGIWjF5PreKJTMeTqEYaFQUvbw40lZgFOMI5z56hPfvy1WoPN1hHhvVN7yaiiP2gL5CexIb7jkD7-iOelqehRNfKeQUgFDC8nPyqdPfcLssY-YfGCc1mtcaBLsd8Cvjziz4Nk,,"Sauna, Toilet, Credit cards, Debit cards, NFC mobile payments, Free parking lot, On-site parking"
Lowther Gardens Padel & Tennis Centre - Fylde Tennis,Sports club,West Beach,"West Beach, Lytham Saint Annes FY8 5QQ",Lytham Saint Annes,FY8 5QQ,United Kingdom,GB,07957110403,,https://www.fyldetennis.com/,,,,,https://www.google.com/maps?cid=4026217096414937209,,5,1,"Monday: 8am-9pm, Tuesday: 8am-9pm, Wednesday: 8am-9pm, Thursday: 8am-9pm, Friday: 8am-9pm, Saturday: 9am-8pm, Sunday: 9am-8pm",https://lh3.googleusercontent.com/gps-cs-s/AG0ilSz3X0-qKl2T5jokYM81-isQqk4tHU4hWZ5c9BpniY1jJlfh1t-v21ZbJZB5pnifTR-pWejq453XSShAh65sMGVqu5l9Bf047z5QuZoHGv3q-GaLGNNQdeZTLZ7rzrWR6d7sKmgyzg,,"Wheelchair-accessible car park, Wheelchair-accessible entrance, Toilet"
Lowther Gardens Padel and Tennis Centre,"Tennis club, Events Venue","Lowther Pavilion Theatre, Lowther Terrace, West Beach","Lowther Pavilion Theatre, Lowther Terrace, West Beach, Lytham, Lytham St Annes, Trust FY8 5QQ",Trust,FY8 5QQ,United Kingdom,GB,07957110403,,http://srsportsservices.com/,,,,,https://www.google.com/maps?cid=6486780625205556117,,4.3,3,,https://lh3.googleusercontent.com/p/AF1QipMIgRyEreRxgb9CZcU9GDdB0bAiqfnyCJ4VIvUK,,"Wheelchair-accessible car park, Wheelchair-accessible entrance, Toilet"
LR Padel Club,Padel club,"Crilly Park, Spa Rd","Crilly Park, Spa Rd, Atherton, Manchester M46 9XG",Manchester,M46 9XG,United Kingdom,GB,07933093470,info@lrpadelclub.co.uk,https://lrpadelclub.co.uk/,,https://www.instagram.com/lrpadelclub,,,https://www.google.com/maps?cid=4617996654703140608,,4.5,6,"Monday: 9am-10pm, Tuesday: 9am-10pm, Wednesday: 9am-10pm, Thursday: 9am-10pm, Friday: 9am-10pm, Saturday: 7am-10pm, Sunday: 7am-10pm",https://lh3.googleusercontent.com/p/AF1QipMG8sxadTIdIaearFcNLUGiSK_LDAsNXl89GJCw,,Toilet
Macclesfield Pickleball Club,Sports club,Park Ln,"Park Ln, Macclesfield SK11 8JR",Macclesfield,SK11 8JR,United Kingdom,GB,,hello@maccpickleball.co.uk,https://maccpickleball.co.uk/,https://www.facebook.com/p/pickleball-at-macclesfield-tennis-club-100087348327086,,,,https://www.google.com/maps?cid=7743925320559358818,,,,"Monday: Open 24 hours, Tuesday: Open 24 hours, Wednesday: Open 24 hours, Thursday: Open 24 hours, Friday: Open 24 hours, Saturday: Open 24 hours, Sunday: Open 24 hours",https://lh3.googleusercontent.com/p/AF1QipN7yuqviqRC7VIdVAIRAmQuE6GpeTa8ufmdZq93,,Toilet
Macron Padel Hub,Sporting Goods Shop,"Unit E1, Bersham Enterprise Park, Colliery Rd","Unit E1, Bersham Enterprise Park, Colliery Rd, Rhostyllen, Wrexham LL14 4EG",Wrexham,LL14 4EG,United Kingdom,GB,01978355794,,https://www.mshwrexhampadel.co.uk/,,https://www.instagram.com/macronpadel.hub,,,https://www.google.com/maps?cid=9072962756135868217,,,,"Monday: 9am-5pm, Tuesday: 9am-5pm, Wednesday: 9am-5pm, Thursday: 9am-5pm, Friday: 9am-5pm, Saturday: Closed, Sunday: Closed",https://streetviewpixels-pa.googleapis.com/v1/thumbnail?panoid,,"Wheelchair-accessible car park, Quick visit, Credit cards, Debit cards, NFC mobile payments"
Mad Swans in The Mendips,"Hotel, Golf course, Golf driving range, Miniature golf course, Padel court, Pickleball court, Restaurant, Wedding venue",Marsh Ln,"Marsh Ln, Farrington Gurney, Bristol BS39 6TS",Bristol,BS39 6TS,United Kingdom,GB,01761451596,,http://madswans.com/,https://www.facebook.com/people/mad-swans/61573588752639,https://www.instagram.com/mad_swans,https://www.linkedin.com/company/mad-swans,,https://www.google.com/maps?cid=18243108142440051795,,4,35,,https://lh3.googleusercontent.com/p/AF1QipPfjxB3Wl2I_vgI-_mPlY5U2XsFmBjdPxJQGbM,,LGBTQ+ friendly
Manchester Padel Club,Padel club,St Ann's Rd N,"St Ann's Rd N, Heald Green, Gatley, Cheadle SK8 4RZ",Cheadle,SK8 4RZ,United Kingdom,GB,01619430954,hello@manchesterpadel.club,http://www.manchesterpadel.club/,,https://www.instagram.com/manchesterpadelclub,,,https://www.google.com/maps?cid=15324730924549099468,,4.8,46,"Monday: 7am-9pm, Tuesday: 7am-9pm, Wednesday: 7am-9pm, Thursday: 7am-9pm, Friday: 7am-9pm, Saturday: 7am-9pm, Sunday: 7am-9pm",https://lh3.googleusercontent.com/gps-cs-s/AG0ilSyQE8GUaX1CoyGsgdOZygNgvMOIabxJJydPrn-H1MfzAvkTXefCWk6GrdR44ufpVeQk6UuMXbaJRhKVKawnPhk4wN-p85ZFbu4mSp9lR84BbKAMB1joFXhHqojcjXH_04RrvCmD_pNZlAH_,,"Wheelchair-accessible car park, Wheelchair-accessible entrance, Wheelchair-accessible seating, Wheelchair-accessible toilet, Toilet, Wi-Fi, Swimming pool, Free of charge street parking, Free parking lot, On-site parking"
"Manydown Tennis, Padel and Pickleball Club","Padel club, Tennis club, Pickleball court",,"Wootton St Lawrence, Basingstoke RG23 8PE",Basingstoke,RG23 8PE,United Kingdom,GB,01256780212,info@edenbrookpartners.com,https://www.manydowntennis.co.uk/tennis/individual-coaching/,,,,,https://www.google.com/maps?cid=4017550064014672853,,4.4,20,"Monday: 5:30am-10pm, Tuesday: 5:30am-10pm, Wednesday: 5:30am-10pm, Thursday: 5:30am-10pm, Friday: 5:30am-10pm, Saturday: 5:30am-10pm, Sunday: 5:30am-10pm",https://lh3.googleusercontent.com/p/AF1QipOrOLVd-m4SlZksNH4Sc9hddzAL6sAwISEIV8-f,,"Wheelchair-accessible car park, Wheelchair-accessible entrance, Wheelchair-accessible toilet, Toilet"
Matt Graham Tennis & Padel Coaching,Tennis instructor,7 Fair Leas,"7 Fair Leas, Chesham HP5 2QW",Chesham,HP5 2QW,United Kingdom,GB,07775832913,,,,,,,https://www.google.com/maps?cid=15436559523251807368,,,,"Monday: 9am-7pm, Tuesday: 9am-7pm, Wednesday: 9am-7pm, Thursday: 9am-7pm, Friday: 9am-7pm, Saturday: 9am-1pm, Sunday: Closed",,,
Meadway Sports Centre,"Leisure centre, Badminton court, Fitness centre, Gym, Indoor playground, Pickleball court, Sports complex, Squash court, Swimming pool, Swimming school",,"Conwy Cl, Reading RG30 4BZ",Reading,RG30 4BZ,United Kingdom,GB,01183044077,meadway@gll.org,https://www.better.org.uk/leisure-centre/reading/meadway?utm_source=google&utm_medium=organic&utm_campaign=google_my_business,https://www.facebook.com/betteruk/,https://www.instagram.com/better_uk/,,"https://x.com/gll_uk, https://twitter.com/better_uk",https://www.google.com/maps?cid=1255789609609897643,,3.7,332,"Monday: 6:15am-10pm, Tuesday: 6:15am-10pm, Wednesday: 6:15am-10pm, Thursday: 6:15am-10pm, Friday: 6:15am-10pm, Saturday: 8:15am-6pm, Sunday: 8:15am-6pm",https://lh3.googleusercontent.com/gps-cs-s/AG0ilSzlVYNfapA50mdpf2ruHkmJMR9_JAba3DpylRgwdWwtsywhMkd9zaQ7SXGDL5Uu3kUr1MCBk8keLGZblNfSNu4_W8IhnF__MuiUe1FCQhVsP1UWfol2xnCxxRik6ddCMG7ZNkHaaD1GIrxK,,
ML Sports & Fitness Ltd,"Gym, Coaching center, Cricket club, Fitness centre, Pickleball court, Sauna, Football pitch, Sports complex, Squash court, Yoga studio",Mercury Rd,"Mercury Rd, Richmond DL10 4TQ",Richmond,DL10 4TQ,United Kingdom,GB,01748518714,info@mlsportsandfitness.co.uk,http://www.mlsportsandfitness.co.uk/,https://www.facebook.com/mlsportsandfitness,"https://www.instagram.com/ml_sportsandfitness/, https://www.instagram.com/ml_sportsandfitness",,,https://www.google.com/maps?cid=14492287994831610307,https://apps.apple.com/gb/app/ml-sports-and-fitness/id1589259738,4.8,18,"Monday: 6:30am-9:30pm, Tuesday: 6:30am-9:30pm, Wednesday: 6:30am-9:30pm, Thursday: 6:30am-9:30pm, Friday: 6:30am-9pm, Saturday: 9am-5pm, Sunday: 9am-3pm",https://lh3.googleusercontent.com/p/AF1QipOZC0YrxMZgBd2d4iZSrT5NFV3ZXm4uvKeDAEB1,,"Wheelchair-accessible car park, Wheelchair-accessible entrance, Wheelchair-accessible toilet, Sauna, Toilet, Credit cards, Debit cards, NFC mobile payments, Credit cards, Free of charge street parking, Free parking lot, On-site parking"
Montys Padel Coaching,Padel club,3 Longland Ln,"3 Longland Ln, Newark NG22 8HW",Newark,NG22 8HW,United Kingdom,GB,,,,,,,,https://www.google.com/maps?cid=2599342088812792981,,5,7,,,,Toilet
NET. Padel Club,Sports club,"Unit 4 & 5, Sadler Court, Thurleigh Rd","Unit 4 & 5, Sadler Court, Thurleigh Rd, Bedford MK44 2ET",Bedford,MK44 2ET,United Kingdom,GB,07771547010,,https://www.netpadel.co.uk/,https://www.facebook.com/wix,"https://www.instagram.com/net.padelbedford, https://www.instagram.com/wix",,,https://www.google.com/maps?cid=1800248512849598587,,,,"Monday: 6am-10pm, Tuesday: 6am-10pm, Wednesday: 6am-10pm, Thursday: 6am-10pm, Friday: 6am-10pm, Saturday: 6am-10pm, Sunday: 6am-10pm",https://lh3.googleusercontent.com/p/AF1QipOdkF6_eWxAn5PeUoPewKWDmPGqksGKiiYqX3lv,,
Nexo Padel,Padel club,388 Great Bolton St,"388 Great Bolton St, Blackburn BB2 3PX",Blackburn,BB2 3PX,United Kingdom,GB,07506202004,info@nexopadel.co.uk,https://www.nexopadel.co.uk/,,,,,https://www.google.com/maps?cid=5617569912784493027,https://playtomic.com/clubs/nexo-padel,,,,https://streetviewpixels-pa.googleapis.com/v1/thumbnail?panoid,,Toilet
Norfolk Padel,Padel court,"New Barn, Waterhouse Farm","New Barn, Waterhouse Farm, Fakenham NR21 0LA",Fakenham,NR21 0LA,United Kingdom,GB,01328314003,,https://www.norfolkpadel.co.uk/,,https://www.instagram.com/norfolkpadel,,,https://www.google.com/maps?cid=2678717660992080674,,5,12,"Monday: 6:30am-10pm, Tuesday: 6:30am-10pm, Wednesday: 6:30am-10pm, Thursday: 6:30am-10pm, Friday: 6:30am-10pm, Saturday: 6:30am-10pm, Sunday: 6:30am-10pm",https://lh3.googleusercontent.com/p/AF1QipMWndbBOcsiAcAl7LTFerok7IQ_JKboW4KWz2W3,,"Wheelchair-accessible car park, Wheelchair-accessible entrance, Credit cards, Debit cards, NFC mobile payments"
North Tyneside Pickleball,Pickleball court,"Parks Sports Centre, Howdon Rd","Parks Sports Centre, Howdon Rd, North Shields NE29 6TL",North Shields,NE29 6TL,United Kingdom,GB,,northtynesidepickleball@yahoo.com,https://northtynesidepickleball.co.uk/,https://www.facebook.com/ntynesidepickleball,https://www.instagram.com/northtynesidepickleball,,,https://www.google.com/maps?cid=4528186380259154088,,,,"Monday: 7:45-9:15pm, Tuesday: Closed, Wednesday: 8pm-12am, Thursday: 7:45-9:15pm, Friday: Closed, Saturday: Closed, Sunday: Closed",https://streetviewpixels-pa.googleapis.com/v1/thumbnail?panoid,,"Wheelchair-accessible car park, Debit cards, Free parking lot, On-site parking"
Northampton County Lawn Tennis Club,"Tennis club, Padel club",54B Church Way,"54B Church Way, Weston Favell, Northampton NN3 3BX",Northampton,NN3 3BX,United Kingdom,GB,07918844185,,https://clubspark.lta.org.uk/NorthamptonCountyLawnTennisClub,,,,,https://www.google.com/maps?cid=116665743665736385,,4.5,59,"Monday: 8am-10pm, Tuesday: 8am-10pm, Wednesday: 8am-10pm, Thursday: 8am-10pm, Friday: 8am-10pm, Saturday: 8am-10pm, Sunday: 8am-10pm",https://lh3.googleusercontent.com/p/AF1QipMilVG8GZu2rJcf7BoQeOpkZq0L2HeLffpuNKca,,"On-site services, Wheelchair-accessible car park, Wheelchair-accessible entrance, Wheelchair-accessible toilet, Toilet, On-site parking"
Northern Souls Pickleball,"Sports club, Service establishment",,,,,,,07599148255,,,,,,,https://www.google.com/maps?cid=7703242644072274423,,5,3,"Monday: 6-8pm, Tuesday: Closed, Wednesday: Closed, Thursday: 7:30-9:30pm, Friday: Closed, Saturday: Closed, Sunday: Closed",https://lh3.googleusercontent.com/p/AF1QipNeqQJSQ2bMZYQhKETVPNJrgTYGsXo9OaLr12ZY,,
Northwich Padel,Sports club,7F46+GC,"7F46+GC, Northwich CW8 4DL",Northwich,,United Kingdom,GB,,,,,,,,https://www.google.com/maps?cid=15250180296628170839,,5,1,,https://streetviewpixels-pa.googleapis.com/v1/thumbnail?panoid,,"Wheelchair-accessible car park, Toilet"
Notleys Padel Club,Padel court,Witham Rd,"Witham Rd, Black Notley, Witham CM8 1ST",Witham,CM8 1ST,United Kingdom,GB,,,https://notleyspadelclub.co.uk/,,,,,https://www.google.com/maps?cid=11257193734808712573,,5,5,"Monday: 8am-10pm, Tuesday: 8am-10pm, Wednesday: 8am-10pm, Thursday: 8am-10pm, Friday: 8am-10pm, Saturday: 8am-10pm, Sunday: 8am-10pm",https://lh3.googleusercontent.com/p/AF1QipMDf11dPu7ZAh8CiRDK-uZVy7NHksVOhAqGlcD-,,
Nottingham Padel Centre,Sports club,Iremonger Rd,"Iremonger Rd, Nottingham NG2 3HJ",Nottingham,NG2 3HJ,United Kingdom,GB,01159529000,,https://nottinghampadelcentre.com/en,,,,,https://www.google.com/maps?cid=18366576808998337400,https://nottinghampadelcentre.com/en/bookings,4.6,44,"Monday: 7am-10pm, Tuesday: 7am-10pm, Wednesday: 7am-10pm, Thursday: 7am-10pm, Friday: 7am-10pm, Saturday: 7am-10pm, Sunday: 7am-10pm",https://lh3.googleusercontent.com/gps-cs-s/AG0ilSyQ9YSZaSCCpd9EYL2mmBFxDfkT_-2IPH9qafjGLOSFF8PsDE2XiUOUOqv27ikISkEbb8VhYhbGc47ZAkeC5HLETZzJbGD0_ETfPXqHgI-pMi8YVbu-BiVJ2nGnov0MbZSKwGMYVg,,"Wheelchair-accessible car park, Wheelchair-accessible entrance, Wheelchair-accessible toilet, Toilet"
Novanta Padel,Sports accessories wholesaler,"1B, William Blake House, Bridge Ln","1B, William Blake House, Bridge Ln, London SW11 3AD",London,SW11 3AD,United Kingdom,GB,07774103185,,,,,,,https://www.google.com/maps?cid=1540905503298315960,,5,1,,https://streetviewpixels-pa.googleapis.com/v1/thumbnail?panoid,,
Novor,"Padel club, Outdoor sports shop",124 City Rd,"124 City Rd, London EC1V 2NX",London,EC1V 2NX,United Kingdom,GB,,info@novor.co.uk,https://www.novor.co.uk/,https://www.facebook.com/novorpadel,https://www.instagram.com/novor_padel,"https://www.linkedin.com/in/geoffrey-fourie-, https://www.linkedin.com/in/ryan-staveley-31b18b155",,https://www.google.com/maps?cid=13365449415289955349,,4.9,18,"Monday: Open 24 hours, Tuesday: Open 24 hours, Wednesday: Open 24 hours, Thursday: Open 24 hours, Friday: Open 24 hours, Saturday: Open 24 hours, Sunday: Open 24 hours",https://lh3.googleusercontent.com/gps-cs-s/AG0ilSywBsIstVEu-D2vAGPmQMB4NxwJw38zm5PVgl4OOmzYUXJOLMq_hj8NQd2RLA8uqvGGNFE3KYQjCNeXX4-P-CGW0rC0CW3czXf2ib5mctRRDduTFdhu8ihx60W7N5ZGGxXof6XOYg,,"Delivery, Credit cards, Debit cards, NFC mobile payments"
OMNI Padel,Padel club,Astwood Business Park,"Astwood Business Park, Astwood Bank, Redditch B96 6HH",Redditch,B96 6HH,United Kingdom,GB,01527742545,,https://padelmates.se/club/omnipadel,,,,,https://www.google.com/maps?cid=5530043528916763079,,4.6,5,"Monday: 7am-10pm, Tuesday: 7am-10pm, Wednesday: 7am-10pm, Thursday: 7am-10pm, Friday: 7am-10pm, Saturday: 7am-10pm, Sunday: 7am-10pm",https://lh3.googleusercontent.com/p/AF1QipNYGejSS2mt6g1bpR1BMU3iKng5SsiLCttbrrRk,,"On-site services, Wheelchair-accessible car park, Wheelchair-accessible entrance, Wheelchair-accessible seating, Wheelchair-accessible toilet, Toilet, Wi-Fi, LGBTQ+ friendly, Transgender safe space, On-site parking"
On Point Padel,Tennis court construction company,"The Old Print Works, 4A Canon St","The Old Print Works, 4A Canon St, Kettering NN16 8RE",Kettering,NN16 8RE,United Kingdom,GB,01536234925,info@onpointpadel.co.uk,https://www.onpointpadel.co.uk/,https://www.facebook.com/onpointpadel,https://www.instagram.com/onpointpadel_uk,,,https://www.google.com/maps?cid=323207996395945924,,,,"Monday: 9am-5pm, Tuesday: 9am-5pm, Wednesday: 9am-5pm, Thursday: 9am-5pm, Friday: 9am-5pm, Saturday: Closed, Sunday: Closed",https://streetviewpixels-pa.googleapis.com/v1/thumbnail?panoid,,
Oxfordshire Pickleball Club - Carterton,Sports club,Broadshires Way,"Broadshires Way, Carterton OX18 1AA",Carterton,OX18 1AA,United Kingdom,GB,,vijay@oxfordshirepickleball.com,https://www.oxfordshirepickleball.com/,https://www.facebook.com/oxfordshirepickleball,https://www.instagram.com/oxfordshirepickleball,,,https://www.google.com/maps?cid=9788666572095875828,,,,,https://lh3.googleusercontent.com/p/AF1QipMeICiFYDTwm5zX8F5m19ebzMLzLQX6rwiqyUHy,,
Oxfordshire Pickleball Club - Charlbury,Sports club,Charlbury community centre,"Charlbury community centre, Charlbury, Chipping Norton OX7 3PQ",Chipping Norton,OX7 3PQ,United Kingdom,GB,,vijay@oxfordshirepickleball.com,https://oxfordshirepickleball.com/,https://www.facebook.com/oxfordshirepickleball,https://www.instagram.com/oxfordshirepickleball,,,https://www.google.com/maps?cid=2729501523036119658,,5,36,"Monday: 9am-1pm, Tuesday: 2-4pm, Wednesday: 10am-12pm, Thursday: 9am-1pm, Friday: 9:30-11:30am, Saturday: 9-11am, Sunday: Closed",https://lh3.googleusercontent.com/p/AF1QipPSFkt4ZvY5NWHN5RVLr7AzDV5JTEHNJOLBhaWX,,"On-site services, Wheelchair-accessible car park, Wheelchair-accessible entrance, Toilet, Wi-Fi"
Oxfordshire Pickleball Club - Witney,Sports club,"Henry Box School Gym, Church Grn","Henry Box School Gym, Church Grn, Witney OX28 4AX",Witney,OX28 4AX,United Kingdom,GB,,vijay@oxfordshirepickleball.com,https://oxfordshirepickleball.com/,https://www.facebook.com/oxfordshirepickleball,https://www.instagram.com/oxfordshirepickleball,,,https://www.google.com/maps?cid=4456540253997614565,,5,2,"Monday: Closed, Tuesday: Closed, Wednesday: Closed, Thursday: Closed, Friday: Closed, Saturday: 1-3pm, Sunday: Closed",https://lh3.googleusercontent.com/p/AF1QipPSedQughGImSi_iVHK8inQOIgKslqBeM0YkKFm,,"Wheelchair-accessible car park, Wheelchair-accessible entrance, Toilet"
Pace Padel,Sports club,Beech Ave,"Beech Ave, Taverham, Norwich NR8 6HP",Norwich,NR8 6HP,United Kingdom,GB,,,http://www.pacepadel.co.uk/,,,,,https://www.google.com/maps?cid=7587013832220664217,,5,1,"Monday: 8am-11pm, Tuesday: 8am-11pm, Wednesday: 8am-11pm, Thursday: 8am-11pm, Friday: 8am-11pm, Saturday: 8am-10pm, Sunday: 8am-9pm",https://lh3.googleusercontent.com/gps-cs-s/AG0ilSzwj2qEr34ta75YcFKc7oVVLkfbhETgRuPFHOsmPOTZpL9VmEo0FLf47gbJrzmN-s1jwBzaHAnblzihasUvtuvEYYEj9cBki_ND2Di0g8JnxUvEtEPxkMI4NoljzWBxB4eXzitkWTVhLDs,,"Wheelchair-accessible car park, Toilet"
Padel,Sports club,London Rd,"London Rd, Shenley, Radlett WD7 9EN",Radlett,WD7 9EN,United Kingdom,GB,,,,,,,,https://www.google.com/maps?cid=11982489376782656893,,4,4,"Monday: 7am-11pm, Tuesday: 7am-11pm, Wednesday: 7am-11pm, Thursday: 7am-11pm, Friday: 7am-11pm, Saturday: 7am-11pm, Sunday: 7am-11pm",https://lh3.googleusercontent.com/gps-cs-s/AG0ilSxVXnuecq2WQ8piOzfO3qsJgwoOIwQPCloSpZgaZXijlz8siJOFifA3xu4Ma1-7PksXeHTk4j6ZeD0Zs6YeBo_0Y0pdBkqdTiOiSSzwE5mSWZT33jWIla1uktCYkHaKpM-g8hc,,"Wheelchair-accessible car park, Wheelchair-accessible entrance, Toilet"
Padel - Bannatyne Health Club Ingleby Barwick,Padel court,Myton Rd,"Myton Rd, Thornaby, Stockton-on-Tees TS17 0WA",Stockton-on-Tees,TS17 0WA,United Kingdom,GB,01642766447,,https://www.bannatyne.co.uk/health-club/ingleby-barwick/padel-courts,https://www.facebook.com/thebannatynegroup,https://www.instagram.com/thebannatynegroup,,https://twitter.com/bannatyne,https://www.google.com/maps?cid=726686816794506196,,,,,https://lh3.googleusercontent.com/p/AF1QipPktDf3iDs7r9dFNDjPM9Xw6WPQl42JpgiaZgi7,,"Wheelchair-accessible car park, Wheelchair-accessible entrance, Credit cards, Debit cards, NFC mobile payments"
Padel & Co,Padel court,Heritage Rd,"Heritage Rd, Batley WF17 7NZ",Batley,WF17 7NZ,United Kingdom,GB,07351440334,hello@padelco.club,http://www.padelco.club/,https://www.facebook.com/padelco.club,,,,https://www.google.com/maps?cid=1458790515020522503,https://playtomic.com/clubs/padel-co,4.2,15,"Monday: 6am-1am, Tuesday: 6am-1am, Wednesday: 6am-1am, Thursday: 6am-1am, Friday: 6am-1am, Saturday: 6am-1am, Sunday: 6am-1am",https://lh3.googleusercontent.com/gps-cs-s/AG0ilSxhRR9FmfWu5f6x-qHwfSJO5WBDnJ6m33dSHIbd5dXDsBJjqk-Ob0AhbacmpM1oip6OA_WQ7EHqTLn8STdzrBw-Onx2jYnZ9Q_a3pVHY4VR6lv-52IYGZMLki_mTRhCdCEc74HFQRp_l2Ko,,"On-site services, Wheelchair-accessible car park, Wheelchair-accessible entrance, Credit cards, Debit cards, Credit cards, Free parking lot, On-site parking"
Padel + Play,Padel club,"Unit 8, Bromyard Business Park, Bromyard Rd","Unit 8, Bromyard Business Park, Bromyard Rd, Worcester WR2 5XU",Worcester,WR2 5XU,United Kingdom,GB,01905671605,admin@padelandplay.co.uk,https://padelandplay.co.uk/,,,,,https://www.google.com/maps?cid=9576345059525724296,https://playtomic.com/clubs/padel-play-worcester,4.9,19,"Monday: 7am-11pm, Tuesday: 7am-11pm, Wednesday: 7am-11pm, Thursday: 7am-11pm, Friday: 7am-11pm, Saturday: 7am-11pm, Sunday: 7am-11pm",https://lh3.googleusercontent.com/p/AF1QipMoowYd7munKWrRnQ5l2A2Vuz8IfJEd8MCHHA-V,,"Wheelchair-accessible car park, Wheelchair-accessible entrance, Wheelchair-accessible toilet, Toilet, Wi-Fi, Free parking lot, On-site parking"
Padel 123,Sports club,Childerditch Ln,"Childerditch Ln, Warley, Brentwood CM13 3FD",Brentwood,CM13 3FD,United Kingdom,GB,07973117427,info@padel123.co.uk,http://www.padel123.co.uk/,https://www.facebook.com/brentwoodpadelclub,,,,https://www.google.com/maps?cid=3205764262642631702,,5,37,"Monday: 7am-10pm, Tuesday: 7am-10pm, Wednesday: 7am-10pm, Thursday: 7am-10pm, Friday: 7am-10pm, Saturday: 7am-10pm, Sunday: 7am-10pm",https://lh3.googleusercontent.com/p/AF1QipM-9w5ecrb4pRfPu0k7ZuHzU9XcdlDkTMXi-GGW,,"Wheelchair-accessible car park, Wheelchair-accessible entrance, Wheelchair-accessible toilet, Toilet, Wi-Fi, LGBTQ+ friendly"
Padel 16,Sports club,GJ55+X2,"GJ55+X2, Worsley, Manchester M28 2RZ",Manchester,,United Kingdom,GB,,,https://playtomic.com/clubs/padel-16,https://www.facebook.com/playtomic.io,,https://www.linkedin.com/company/playtomic,,https://www.google.com/maps?cid=15602116425806617617,,3,2,,https://lh3.googleusercontent.com/gps-cs-s/AG0ilSxD3pU2IV3KzlxbxN8QTXbdQb3kIyccprfPLuNA97kEwOm8kynOxqbEvratdAfsvHorg1PMWhvvBID3YrxluWZqVstzK6RBB38lAdz1vcAtPqFQ7vqsNph0xH4scOD5164l5nMCwyBZzIr8,,"Wheelchair-accessible car park, Wheelchair-accessible entrance, Toilet"
Padel 4 Everyone,Padel court,Central Park Leisure Centre,"Central Park Leisure Centre, Romford RM3 9DJ",Romford,RM3 9DJ,United Kingdom,GB,,,https://playtomic.com/clubs/padel4everyone-harold-hill-central-park,https://www.facebook.com/playtomic.io,,https://www.linkedin.com/company/playtomic,,https://www.google.com/maps?cid=18117869603655107191,,4.4,8,"Monday: 8am-10pm, Tuesday: 8am-10pm, Wednesday: 8am-10pm, Thursday: 8am-10pm, Friday: 8am-10pm, Saturday: 7am-10pm, Sunday: 7am-10pm",https://lh3.googleusercontent.com/gps-cs-s/AG0ilSzD174e1MzEoSHwPbnpgMipxuxbH02JUAWGbc9xwoZq_HLMKJAXiYZO0vPGr1A9ClHFY8asbbqND2VKe4V1zgYqjbAPaQPwKclKv4yP3CbQ6oBjLRYigtfCYtjLlWsPkfj7ukWYzbyWaZTF,,"Wheelchair-accessible car park, Wheelchair-accessible entrance, Credit cards, Debit cards, NFC mobile payments"
Padel Addict,Sporting Goods Shop,Thame Rd,"Thame Rd, Longwick, Princes Risborough HP27 9SN",Princes Risborough,HP27 9SN,United Kingdom,GB,01844872707,,https://www.padeladdict.co.uk/,,,,,https://www.google.com/maps?cid=3277697666471183504,,,,,https://lh3.googleusercontent.com/p/AF1QipP39RSJNLJ6AmtBesFbjWiERReqeLh6lTcoSyHM,,"Wheelchair-accessible car park, Credit cards, Debit cards, NFC mobile payments"
Padel Affair Tower Hill,"Padel club, Padel court",Tower Hl Ter,"Tower Hl Ter, London EC3N 4EE",London,EC3N 4EE,United Kingdom,GB,,hello@padelaffair.com,https://www.padelaffair.com/tower-hill-terrace,https://www.facebook.com/profile.php,,https://www.linkedin.com/company/padel-affair,,https://www.google.com/maps?cid=18260496408003439277,https://www.londonsportsfestival.com/padel,3.2,15,"Monday: 8am-8:45pm, Tuesday: 8am-8:45pm, Wednesday: 8am-8:45pm, Thursday: 8am-8:45pm, Friday: 8am-8:45pm, Saturday: 8am-8:45pm, Sunday: 8am-8:45pm",https://lh3.googleusercontent.com/p/AF1QipN9TWd3BG1nrl58dSqK1cVh1vB5fgXI-2p5uVVk,,"On-site services, Credit cards"
Padel Box Bermondsey,Sports complex,"British Wharf, Ilderton Rd, Rollins St","British Wharf, Ilderton Rd, Rollins St, London SE15 1EP",London,SE15 1EP,United Kingdom,GB,07307314600,hello@padelbox.club,https://www.padelbox.club/,,,,,https://www.google.com/maps?cid=13467759104449484877,,4.8,74,"Monday: 7am-11pm, Tuesday: 7am-11pm, Wednesday: 7am-11pm, Thursday: 7am-11pm, Friday: 7am-11pm, Saturday: 7am-11pm, Sunday: 7am-11pm",https://lh3.googleusercontent.com/gps-cs-s/AG0ilSxFXIKxxDY4caYKgalzXiNC168hWa51kRKA2-sOOka4IIwbvmZKceNGhu9ra0K2CGmpJiZqwM63ylBi3H35kuvi5XSF1i2cesktlcld8iImFYpF9PTF9u8zgBoIEAVT1Lv3bZI4HdK_RPKy,,"On-site services, Wheelchair-accessible car park, Wheelchair-accessible entrance, Credit cards, Debit cards, NFC mobile payments, On-site parking"
Padel Central,Sports club,56 Warburton Ln,"56 Warburton Ln, Partington, Manchester M31 4BU",Manchester,M31 4BU,United Kingdom,GB,07990909205,info@hub.com,https://padel-central.co.uk/,,,https://www.linkedin.com/company/padel-central-uk,,https://www.google.com/maps?cid=15991222186689833997,,4.3,11,,https://streetviewpixels-pa.googleapis.com/v1/thumbnail?panoid,,"Wheelchair-accessible car park, Toilet"
PADEL CO,Shop,"Unit 25, Moat House Square","Unit 25, Moat House Square, Wetherby LS23 7FB",Wetherby,LS23 7FB,United Kingdom,GB,01138805029,sales@padel-co.co.uk,https://padel-co.co.uk/,https://www.facebook.com/profile.php,,,,https://www.google.com/maps?cid=10546414887452766064,,,,"Monday: 10am-4pm, Tuesday: 10am-4pm, Wednesday: 10am-4pm, Thursday: 10am-4pm, Friday: 10am-4pm, Saturday: Closed, Sunday: Closed",https://lh3.googleusercontent.com/p/AF1QipO9LzJWnWkpKpf_bVQKAX8eYctbhpFKFw3HcpUm,,"Delivery, Credit cards, Debit cards, NFC mobile payments"
Padel Coach Davide,"Coaching center, Service establishment",,,,,,,07925849407,,https://www.instagram.com/coachdavidepdl/,,https://www.instagram.com/coachdavidepdl/,,,https://www.google.com/maps?cid=16391912686790074414,,5,20,"Monday: 7am-10pm, Tuesday: 7am-10pm, Wednesday: 7am-10pm, Thursday: 7am-10pm, Friday: 7am-10pm, Saturday: 8am-9pm, Sunday: 8am-9pm",,,
Padel Court Tapnell Farm,Sports club,"‚ùí Tapnell Farm House, Newport Rd","‚ùí Tapnell Farm House, Newport Rd, Yarmouth PO41 0YJ",Yarmouth,PO41 0YJ,United Kingdom,GB,01983758722,,https://tapnellfarm.com/play/padel-court-at-tapnell-farm,https://www.facebook.com/tapnellfarmpark,https://www.instagram.com/tapnellfarmpark,,,https://www.google.com/maps?cid=5274513607175945479,,5,1,"Monday: 7am-10pm, Tuesday: 7am-10pm, Wednesday: 7am-10pm, Thursday: 7am-10pm, Friday: 7am-10pm, Saturday: 7am-10pm, Sunday: 7am-10pm",,,"Wheelchair-accessible car park, Toilet"
Padel District - Waltham Abbey,Padel club,112 Brooker Rd,"112 Brooker Rd, Waltham Abbey EN9 1JH",Waltham Abbey,EN9 1JH,United Kingdom,GB,34648210365,padeldistrictuk@gmail.com,https://padeldistrictuk.com/,,,,,https://www.google.com/maps?cid=16570665373503058358,https://playtomic.io/tenant/5ccd5197-0083-411e-9e7f-de0a418c5b69?,4.7,67,"Monday: 7am-11pm, Tuesday: 7am-11pm, Wednesday: 7am-11pm, Thursday: 7am-11pm, Friday: 7am-11pm, Saturday: 7am-11pm, Sunday: 7am-11pm",https://lh3.googleusercontent.com/gps-cs-s/AG0ilSwJBS_QfnPldwP8a4ikwYpX6RvYoF7MgkgFpsJBokLjKqwmbG8MIfAES9ZxDMUASZhVIKlnFwhWUIacmyhuc6IPsNhsUnk_7DVLrlJ0yju36dGUIZDngPwxr71L_tRCc315iDMC,,"On-site services, Wheelchair-accessible car park, Wheelchair-accessible entrance, Wheelchair-accessible seating, Wheelchair-accessible toilet, Toilet, Free parking lot"
Padel Drive,"Sports school, Personal trainer",1 Barrow Rd,"1 Barrow Rd, Bristol BS5 0HU",Bristol,BS5 0HU,United Kingdom,GB,07842106363,contact@padeldrive.co.uk,https://padeldrivers.com/,,,,,https://www.google.com/maps?cid=17821228021855822256,,5,38,"Monday: 6-9pm, Tuesday: 6-9pm, Wednesday: Closed, Thursday: 6-9pm, Friday: 9am-5pm, Saturday: Closed, Sunday: Closed",https://lh3.googleusercontent.com/p/AF1QipN5n4hcCrYnpc38K1JcCXWOtCZipMDYWBs3RRjL,,
Padel Evolution,Sports club,Joes Rd,"Joes Rd, Sudbury CO10 0QB",Sudbury,CO10 0QB,United Kingdom,GB,07920486545,,https://padelevolution.org/,https://www.facebook.com/profile.php,,,,https://www.google.com/maps?cid=8201388289404371701,,,,,https://streetviewpixels-pa.googleapis.com/v1/thumbnail?panoid,,"On-site services, On-site parking"
Padel Home,Padel court,20 Wenlock Rd,"20 Wenlock Rd, London N1 7GU",London,N1 7GU,United Kingdom,GB,07889807619,,https://www.padel-home.com/,,,,,https://www.google.com/maps?cid=2962318653629960734,,,,"Monday: 9am-6pm, Tuesday: 9am-6pm, Wednesday: 9am-6pm, Thursday: 9am-6pm, Friday: 9am-6pm, Saturday: Closed, Sunday: Closed",https://streetviewpixels-pa.googleapis.com/v1/thumbnail?panoid,,
Padel Hub Fleet,Padel club,"Unit 3, Beacon Hill Logistics Park, Beacon Hill Rd","Unit 3, Beacon Hill Logistics Park, Beacon Hill Rd, Church Crookham, Fleet GU52 8DY",Fleet,GU52 8DY,United Kingdom,GB,07960512927,,https://www.padelhub.uk/fleet,,,,,https://www.google.com/maps?cid=7473621236423162831,https://playtomic.com/clubs/the-padel-hub-gu52-fleet,4.9,12,"Monday: 8am-11pm, Tuesday: 8am-11pm, Wednesday: 8am-11pm, Thursday: 8am-11pm, Friday: 8am-11pm, Saturday: 8am-10pm, Sunday: 9am-10pm",https://lh3.googleusercontent.com/gps-cs-s/AG0ilSyIaJ07rMUnFRY2eAUqOr2qIUb_wYsKeIALw1v4QLjdVkixYdYJ5qNCs0pQO9V-BMtFcm5LlUHIHFARr4EZ0J-l9SnVT0fJy_Hkh02ig2Ft5GwREh_dnzzYZVC0-KrdfcTiSkEvqz35Oo7p,,"Wheelchair-accessible car park, Wheelchair-accessible entrance, Toilet, Wi-Fi, Free parking lot"
Padel Inn Radcliffe,Sports club,"7, Globe Industrial Estate, Darbyshire St","7, Globe Industrial Estate, Darbyshire St, Radcliffe, Manchester M26 2TA",Manchester,M26 2TA,United Kingdom,GB,07915301054,info@padelinn.co.uk,https://padelinn.co.uk/,,,,,https://www.google.com/maps?cid=17654555717480580197,https://playtomic.io/tenant/7ef51427-9cf3-4f79-8f46-64fcebed327a?utm_source=app_ios&utm_campaign=share,5,2,"Monday: 6am-12am, Tuesday: 6am-12am, Wednesday: 6am-12am, Thursday: 6am-12am, Friday: 6am-12am, Saturday: 6am-12am, Sunday: 6am-12am",https://lh3.googleusercontent.com/p/AF1QipMmklNrEiNmAEYw0mj763e4Ii3ZRhQmoY16fFfm,,
Padel Installation UK,Padel court,"Apartment 55, Worsley Mill, 10 Blantyre St","Apartment 55, Worsley Mill, 10 Blantyre St, Manchester M15 4LG",Manchester,M15 4LG,United Kingdom,GB,07889649707,,https://www.padelinstall.uk/,,,,,https://www.google.com/maps?cid=5256621209164702495,,,,"Monday: 9am-7pm, Tuesday: 9am-7pm, Wednesday: 9am-7pm, Thursday: 9am-7pm, Friday: 9am-7pm, Saturday: 9am-7pm, Sunday: Closed",https://streetviewpixels-pa.googleapis.com/v1/thumbnail?panoid,,"Credit cards, Debit cards"
Padel Ipswich,"Padel club, Padel court",30 White House Rd,"30 White House Rd, Ipswich IP1 5LT",Ipswich,IP1 5LT,United Kingdom,GB,,info@padelipswich.co.uk,https://padelipswich.co.uk/,https://www.facebook.com/profile.php,,,,https://www.google.com/maps?cid=3122615415475770571,,5,12,"Monday: 5-10pm, Tuesday: 5-10pm, Wednesday: 5-10pm, Thursday: 5-10pm, Friday: 5-10pm, Saturday: 8am-10pm, Sunday: 8am-10pm",https://lh3.googleusercontent.com/p/AF1QipNz0VwQ-2vkNfocobPmo5SOLytCZDcDvxMbFGLM,,"Wheelchair-accessible car park, Wheelchair-accessible entrance, Wheelchair-accessible toilet, Toilet, Free of charge street parking, Free parking lot"
Padel Maidenhead,Sports club,"Pavilion, Padel, Braywick Rd","Pavilion, Padel, Braywick Rd, Maidenhead SL6 1BN",Maidenhead,SL6 1BN,United Kingdom,GB,01628947595,,https://padelberkshire.com/,https://www.facebook.com/profile.php,,,https://twitter.com/padelberkshire,https://www.google.com/maps?cid=10229980321874446548,,4.6,47,"Monday: 7am-11pm, Tuesday: 7am-11pm, Wednesday: 7am-11pm, Thursday: 7am-11pm, Friday: 7am-11pm, Saturday: 7am-11pm, Sunday: 7am-11pm",https://lh3.googleusercontent.com/gps-cs-s/AG0ilSwLTht1Paqlz6edyyB7v9sB7VMo7i-teaFvMDfG5M1BqwRN9IBqiezaT2SQ11zGGSfjNTukhgBLEbhvM-tDr1547x4PKtcZXJa1ACnBE7zD96A5iA-H-xtgCREQYp9E9SYnAPZ7thpPbLAu,,"Wheelchair-accessible car park, Wheelchair-accessible entrance, Wheelchair-accessible toilet, Toilet, On-site parking"
Padel Master Doncaster,Sports club,"Unit 1, centurion retail park, York Rd","Unit 1, centurion retail park, York Rd, Doncaster DN5 9TP",Doncaster,DN5 9TP,United Kingdom,GB,,info@padelmasteruk.com,https://www.padelmasteruk.com/,https://www.facebook.com/profile.php,,,,https://www.google.com/maps?cid=10309379428504677841,,,,,https://lh3.googleusercontent.com/p/AF1QipMderuSSyYnXWdMhzTjXuEb7xUQsierWiSMWap8,,"On-site services, Wheelchair-accessible car park, Wheelchair-accessible entrance, Wheelchair-accessible toilet, Toilet, Wi-Fi, LGBTQ+ friendly, Transgender safe space, Free parking lot"
Padel Mix Ltd,Event management company,17 Pittville Cres,"17 Pittville Cres, Cheltenham GL52 2QZ",Cheltenham,GL52 2QZ,United Kingdom,GB,07971662162,info@padelmix.co.uk,http://www.padelmix.co.uk/,https://www.facebook.com/profile.php,https://www.instagram.com/wix,,,https://www.google.com/maps?cid=13758386422920700496,,5,11,"Monday: 9am-6pm, Tuesday: 9am-6pm, Wednesday: 9am-6pm, Thursday: 9am-6pm, Friday: 9am-6pm, Saturday: 9am-6pm, Sunday: 9am-6pm",https://lh3.googleusercontent.com/p/AF1QipNx4kLFSYXZzTlk7iFMM06EmyNOW1vs61JGaaDe,,
Padel Padel - Eltham,Padel club,"Former Police Station, 20 Well Hall Rd","Former Police Station, 20 Well Hall Rd, London SE9 6SF",London,SE9 6SF,United Kingdom,GB,,info@padel-padel.uk,https://padel-padel.uk/,,https://www.instagram.com/_padelpadel,,,https://www.google.com/maps?cid=1337383865101073867,,5,2,,https://lh3.googleusercontent.com/p/AF1QipNy7Lait2FLkYAfDlP0K8V-oU5cRVE8_nbv3yoK,,"Wheelchair-accessible car park, Gender-neutral toilets, Toilet"
Padel Parx,Sports club,40 Pottery Rd,"40 Pottery Rd, Wigan WN3 5AA",Wigan,WN3 5AA,United Kingdom,GB,,wigan@padelparx.co.uk,https://padelparx.co.uk/,,,,,https://www.google.com/maps?cid=4529855227287552088,,5,5,"Monday: 7am-10pm, Tuesday: 7am-10pm, Wednesday: 7am-10pm, Thursday: 7am-10pm, Friday: 7am-10pm, Saturday: 7am-10pm, Sunday: 7am-10pm",https://streetviewpixels-pa.googleapis.com/v1/thumbnail?panoid,,"Wheelchair-accessible car park, Toilet"
Padel Pass Luton,Padel club,"Venue 360, 20 Gipsy Ln","Venue 360, 20 Gipsy Ln, Luton LU1 3JH",Luton,LU1 3JH,United Kingdom,GB,07926962532,support@padelpass.co.uk,https://padelpass.co.uk/,,,https://www.linkedin.com/in/padel-pass-2233b42b9,https://x.com/padelpassuk,https://www.google.com/maps?cid=16089074215433266753,,5,70,"Monday: 6am-11pm, Tuesday: 6am-11pm, Wednesday: 6am-11pm, Thursday: 6am-11pm, Friday: 6am-11pm, Saturday: 8am-11pm, Sunday: 8am-11pm",https://lh3.googleusercontent.com/gps-cs-s/AG0ilSwTqUu6Chd5zd6ZcQm-28MLTF9nQMCIC0DaC7kj1M2pgbRKIua0B__nZVlVFHHdHq_GcZieyfsWxJev_Dz7WJWOsBvU4l-8-jnTKCUJ544l5QO70yh69v51W-p0FnQixf4NFlmL7ZnvtRU,,"On-site services, Wheelchair-accessible car park, Wheelchair-accessible toilet, Toilet, Free parking lot, On-site parking"
Padel People Basingstoke,Padel court,"Victory Hill, Winterthur Way","Victory Hill, Winterthur Way, Basingstoke RG21 6SZ",Basingstoke,RG21 6SZ,United Kingdom,GB,01865347313,info@padelpeople.co.uk,https://www.padelpeople.co.uk/,,,,,https://www.google.com/maps?cid=15481037706564193513,,4.7,10,"Monday: 6am-11pm, Tuesday: 6am-11pm, Wednesday: 6am-11pm, Thursday: 6am-11pm, Friday: 6am-11pm, Saturday: 6am-11pm, Sunday: 6am-11pm",https://lh3.googleusercontent.com/gps-cs-s/AG0ilSzxhSwrVm_7vhIYG6PAIrfuOeBq5YJ4bPnoZnPJxI_Xe_238mjfU6rvngq4QDqTd5u3BLLHJe1oAs3NCaT8P_2wx9jbn0ffFKkDMARaNaoh1FcGmoRjHUN6UyiQYPOeb_N-7ZQLl2DmOL_O,,"Wheelchair-accessible car park, Credit cards, Debit cards, NFC mobile payments"
Padel People Corsham,Padel club,21 Leafield Way,"21 Leafield Way, Corsham SN13 9SW",Corsham,SN13 9SW,United Kingdom,GB,07777559826,info@padelpeople.co.uk,https://www.padelpeople.co.uk/,,,,,https://www.google.com/maps?cid=18083323617489916349,,5,2,,https://lh3.googleusercontent.com/p/AF1QipPZYDDopW2u-xldN9k4M_9PV-waAjF2w5wnVYk7,,Wheelchair-accessible car park
Padel People Sedlescombe,Padel court,"Golf Club, Kent St","Golf Club, Kent St, Sedlescombe, Battle TN33 0SG",Battle,TN33 0SG,United Kingdom,GB,01865347313,info@padelpeople.co.uk,https://www.padelpeople.co.uk/,,,,,https://www.google.com/maps?cid=5699588330707553321,,5,6,"Monday: 6am-11pm, Tuesday: 6am-11pm, Wednesday: 6am-11pm, Thursday: 6am-11pm, Friday: 6am-11pm, Saturday: 6am-11:30pm, Sunday: 6am-11pm",https://lh3.googleusercontent.com/p/AF1QipNeqMi33VvlJOZ07axeFp2M8XTZElLsMaPuzeaX,,"Wheelchair-accessible car park, Debit cards"
Padel People Shepton Mallet,"Sports club, Fitness centre, Padel club, Padel court, Racketball Club, Sports complex",Unit 1,"Unit 1, Evercreech, Shepton Mallet BA4 6LX",Shepton Mallet,BA4 6LX,United Kingdom,GB,01865347313,info@padelpeople.co.uk,https://www.padelpeople.co.uk/,,,,,https://www.google.com/maps?cid=4253305304059356545,https://playtomic.io/tenant/18d99acc-7bad-46c8-a52f-2ac911db3854?utm_campaign=share&utm_source=app_ios,5,8,"Monday: 5am-12am, Tuesday: 5am-12am, Wednesday: 5am-12am, Thursday: 5am-12am, Friday: 5am-12am, Saturday: 5am-12am, Sunday: 5am-12am",https://lh3.googleusercontent.com/p/AF1QipMVrZXdE85pxLUOeExjNm-h1nDAJqapeGnRCIVN,,"On-site services, Wheelchair-accessible car park, Toilet, Wi-Fi, On-site parking"
Padel People Wimbledon,Padel court,83A Plough Ln,"83A Plough Ln, London SW17 0RF",London,SW17 0RF,United Kingdom,GB,,,https://playtomic.io/tenant/4256b5d8-8d35-45bb-8c6d-e425afe94692?utm_medium=share&utm_source=app_ios,https://www.facebook.com/playtomic.io,,https://www.linkedin.com/company/playtomic,,https://www.google.com/maps?cid=8267222354179637957,,4.1,10,"Monday: 6am-10pm, Tuesday: 6am-10pm, Wednesday: 6am-10pm, Thursday: 6am-10pm, Friday: 6am-10pm, Saturday: 8am-10pm, Sunday: 8am-10pm",https://lh3.googleusercontent.com/gps-cs-s/AG0ilSx6a0od2yHu4YO6KePeeecXDTJZ1WbFtqRkdkEZpCmJdE8oulLUn61iJ0BWsvhVoKVHSQN0r2F-9RMVEnhsm7skxOWfvIwLVUS9JLGbdEIAgLHhjX0bswOmjiFnA7UVQOz1XMLRQg,,"Credit cards, Debit cards, NFC mobile payments"
Padel Perfomance GB,"Personal trainer, Service establishment",,,,,,,07951213091,,,,,,,https://www.google.com/maps?cid=12208397801000264941,,,,"Monday: 7:30am-7pm, Tuesday: 7:30am-5pm, Wednesday: 7:30am-6:30pm, Thursday: 8am-5pm, Friday: 7am-5pm, Saturday: Closed, Sunday: 7:30am-7pm",,,
Padel Pingpong Ltd,Sporting Goods Shop,Abney Hall,"Abney Hall, Stockport SK8 2PD",Stockport,SK8 2PD,United Kingdom,GB,01615071299,,https://www.padelpingponguk.co.uk/,,,,,https://www.google.com/maps?cid=2511413142804605887,,,,"Monday: 9am-5:30pm, Tuesday: 9am-5:30pm, Wednesday: 9am-5:30pm, Thursday: 9am-5:30pm, Friday: 9am-5:30pm, Saturday: Closed, Sunday: Closed",https://lh3.googleusercontent.com/p/AF1QipM7IaIeMcoaoahQBKi8elFMNllgL3Pjzu53OTrl,,"Credit cards, Debit cards, NFC mobile payments"
Padel Planet,"Sports club, Service establishment",,,,,,,07810885177,padelplanetshop@gmail.com,https://padel-planet.ueniweb.com/?utm_campaign=gmb,,,,,https://www.google.com/maps?cid=3649155812876053439,,,,"Monday: Open 24 hours, Tuesday: Open 24 hours, Wednesday: Open 24 hours, Thursday: Open 24 hours, Friday: Open 24 hours, Saturday: Open 24 hours, Sunday: Open 24 hours",https://lh3.googleusercontent.com/p/AF1QipPiidAvor8xdRRKnOkKxzuIGg-hjcsW-L29RohK,,
Padel Pod,"Padel club, Padel court, Sports club",Tivoli Rd,"Tivoli Rd, London N8 8RE",London,N8 8RE,United Kingdom,GB,,,https://padelmates.se/club/padelbox,,,,,https://www.google.com/maps?cid=817115710224890529,https://padelmates.se/club/padelbox,4.2,9,"Monday: 8am-8pm, Tuesday: 8am-8pm, Wednesday: 8am-8pm, Thursday: 8am-8pm, Friday: 8am-8pm, Saturday: 8am-8pm, Sunday: 8am-8pm",https://lh3.googleusercontent.com/p/AF1QipPO3fZn3TxgWnynnstzIAS57oA99ibjqrvOU10d,,Toilet
Padel Power,Padel club,"Unit 1, Kingsfield Business Park, Gladstone Rd","Unit 1, Kingsfield Business Park, Gladstone Rd, Northampton NN5 7PP",Northampton,NN5 7PP,United Kingdom,GB,07595250776,info@latinotype.com,https://padelpower.uk/,https://www.facebook.com/padelpoweruk,,,,https://www.google.com/maps?cid=15211151030180748738,,5,2,,https://lh3.googleusercontent.com/p/AF1QipO_JnHK4vYB9PDJ-WC27T53qxrkZXQOSINPkZLm,,"On-site services, Wheelchair-accessible car park, Wheelchair-accessible entrance, Wheelchair-accessible toilet, Toilet, LGBTQ+ friendly, Transgender safe space, Free parking lot, On-site parking"
Padel Project UK,Sports club,"15 Kean St, Greater","15 Kean St, Greater, London WC2B 4AZ",London,WC2B 4AZ,United Kingdom,GB,,adam@padelprojectuk.com,https://padelprojectuk.com/contact,,,https://www.linkedin.com/company/padelprojectuk,,https://www.google.com/maps?cid=12881553940858051203,,,,,https://streetviewpixels-pa.googleapis.com/v1/thumbnail?panoid,,Toilet
Padel Project UK - Darlington,Padel club,"RFC, Grange Rd, Blackwell Meadows","RFC, Grange Rd, Blackwell Meadows, Darlington DL1 5NR",Darlington,DL1 5NR,United Kingdom,GB,07418939175,adam@padelprojectuk.com,https://padelprojectuk.com/darlington,,,https://www.linkedin.com/company/padelprojectuk,,https://www.google.com/maps?cid=12245869091887647039,https://padelprojectuk.com/darlington,4.4,10,"Monday: 8am-10pm, Tuesday: 8am-10pm, Wednesday: 8am-10pm, Thursday: 8am-10pm, Friday: 8am-10pm, Saturday: 8am-10pm, Sunday: 8am-10pm",https://lh3.googleusercontent.com/p/AF1QipNE_NVbVF9cRPLnwMnG5CWodUcLDLDOCrE8sdfa,,"Wheelchair-accessible car park, Wheelchair-accessible entrance, Toilet, Free parking lot, On-site parking"
Padel Project UK - Lowther Gardens,Padel club,"Lowther Terrace, West Beach","Lowther Terrace, West Beach, Lytham St Annes, Lytham Saint Annes FY8 5QQ",Lytham Saint Annes,FY8 5QQ,United Kingdom,GB,07738239379,adam@padelprojectuk.com,https://padelprojectuk.com/,,,https://www.linkedin.com/company/padelprojectuk,,https://www.google.com/maps?cid=15428309016279809401,https://padelprojectuk.com/lowther-gardens,4.5,28,"Monday: 8am-9pm, Tuesday: 8am-9pm, Wednesday: 8am-9pm, Thursday: 8am-9pm, Friday: 8am-9pm, Saturday: 8am-8pm, Sunday: 9am-8pm",https://lh3.googleusercontent.com/p/AF1QipMDJ6FhsJzz_58JjraU5nHbMMYiFJveRmegpJbE,,"Wheelchair-accessible car park, Wheelchair-accessible entrance, Toilet"
Padel Project UK - Potters Bar,Padel club,"Old Owen's Sports Ground, Coopers Ln","Old Owen's Sports Ground, Coopers Ln, Potters Bar EN6 4NF",Potters Bar,EN6 4NF,United Kingdom,GB,07418975734,guy@padelprojectuk.com,https://padelprojectuk.com/potters-bar,,,https://www.linkedin.com/company/padelprojectuk,,https://www.google.com/maps?cid=3779476251461627541,https://padelprojectuk.com/potters-bar,4.3,12,"Monday: 8am-10pm, Tuesday: 8am-10pm, Wednesday: 8am-10pm, Thursday: 8am-10pm, Friday: 8am-10pm, Saturday: 8am-10pm, Sunday: 8am-10pm",https://lh3.googleusercontent.com/p/AF1QipOa46EFx5NBiqxcnq7UkYpf20UFw3jB2SmJNq8K,,"Wheelchair-accessible car park, Wheelchair-accessible entrance, Toilet"
Padel Project UK - South Shields,Padel club,Dean Rd,"Dean Rd, Westoe, South Shields NE33 4EA",South Shields,NE33 4EA,United Kingdom,GB,07884546954,adam@padelprojectuk.com,https://padelprojectuk.com/,,,https://www.linkedin.com/company/padelprojectuk,,https://www.google.com/maps?cid=16820279399005665312,,,,"Monday: 8am-10pm, Tuesday: 8am-10pm, Wednesday: 8am-10pm, Thursday: 8am-10pm, Friday: 8am-10pm, Saturday: 8am-10pm, Sunday: 8am-10pm",https://lh3.googleusercontent.com/p/AF1QipPm8MbKFrnlFNv2PBZ_a_SUOwAWUf6YS788o-gW,,"Wheelchair-accessible car park, Toilet, Free parking lot, On-site parking"
Padel Project UK - Worthing,Sports club,"RFC, The Rugby Park, Worthing, Roundstone Ln","RFC, The Rugby Park, Worthing, Roundstone Ln, Angmering, Littlehampton BN16 4AX",Littlehampton,BN16 4AX,United Kingdom,GB,07435058644,ryan@padelprojectuk.com,https://padelprojectuk.com/worthing,,,https://www.linkedin.com/company/padelprojectuk,,https://www.google.com/maps?cid=14771704276679263728,https://padelprojectuk.com/worthing,5,2,"Monday: 7:30am-10pm, Tuesday: 7:30am-10pm, Wednesday: 7:30am-10pm, Thursday: 7:30am-10pm, Friday: 7:30am-10pm, Saturday: 7:30am-10pm, Sunday: 7:30am-10pm",https://lh3.googleusercontent.com/p/AF1QipOTPzgaoTeGSDMdYcptpoJqvjQ_ND5MOU7L--DP,,"Wheelchair-accessible car park, Toilet, On-site parking"
Padel Punto,"Padel club, Service establishment",,,,,,,01732247008,hello@padelpunto.co.uk,https://padelpunto.co.uk/,https://facebook.com/padelpuntouk,,,,https://www.google.com/maps?cid=5154906205887763074,,,,"Monday: Open 24 hours, Tuesday: Open 24 hours, Wednesday: Open 24 hours, Thursday: Open 24 hours, Friday: Open 24 hours, Saturday: Open 24 hours, Sunday: Closed",,,
Padel racket repair fixing service,"Padel club, Service establishment",,,,,,,07410171100,,,,,,,https://www.google.com/maps?cid=7387577391722164072,,5,4,"Monday: 10am-5pm, Tuesday: 10am-5pm, Wednesday: 10am-5pm, Thursday: 10am-5pm, Friday: 10am-5pm, Saturday: Closed, Sunday: Closed",,,
padel republic wallasey,Padel court,16 Kelvinside,"16 Kelvinside, Wallasey CH44 7JY",Wallasey,CH44 7JY,United Kingdom,GB,01514534414,,https://playtomic.com/clubs/padel-republic-wallasey,https://www.facebook.com/playtomic.io,,https://www.linkedin.com/company/playtomic,,https://www.google.com/maps?cid=11834536203549168034,https://playtomic.com/clubs/padel-republic-wallasey,5,3,"Monday: 7am-11pm, Tuesday: 7am-11pm, Wednesday: 7am-11pm, Thursday: 7am-11pm, Friday: 7am-11pm, Saturday: 7am-11pm, Sunday: 7am-11pm",https://lh3.googleusercontent.com/p/AF1QipNy5_aoXCHORGYvelg6NbUve4ajRWJ6s8f5FD94,,"On-site services, Gender-neutral toilets, Credit cards, Debit cards, NFC mobile payments, Credit cards"
Padel Shack,Sporting Goods Shop,"Brantham Mill, Ind est","Brantham Mill, Ind est, Brantham, Manningtree CO11 1QT",Manningtree,CO11 1QT,United Kingdom,GB,01206808014,info@padelshack.com,https://www.padelshack.com/,https://www.facebook.com/padelshackuk,,,,https://www.google.com/maps?cid=9860791512273295833,,5,2,"Monday: 9am-5pm, Tuesday: 9am-5pm, Wednesday: 9am-5pm, Thursday: 9am-5pm, Friday: 9am-5pm, Saturday: 9am-5pm, Sunday: Closed",https://streetviewpixels-pa.googleapis.com/v1/thumbnail?panoid,,"Delivery, Credit cards, Debit cards, NFC mobile payments, Credit cards, Free parking lot"
Padel Shed,"Padel club, Padel court",Wakefield Rd,"Wakefield Rd, Tandem, Huddersfield HD5 0AL",Huddersfield,HD5 0AL,United Kingdom,GB,01484261101,,https://www.padelshedclub.com/,https://www.facebook.com/padelshed,,,,https://www.google.com/maps?cid=11840553921408526789,,4.6,14,"Monday: 6am-11pm, Tuesday: 6am-11pm, Wednesday: 6am-11pm, Thursday: 6am-11pm, Friday: 6am-11pm, Saturday: 7am-10pm, Sunday: 7am-10pm",https://lh3.googleusercontent.com/p/AF1QipPFGvhoOYZiN-ou8-8t-pmtuSjKr0JqX78sNAns,,"Wheelchair-accessible car park, Wheelchair-accessible entrance, Wheelchair-accessible seating, Wheelchair-accessible toilet, Toilet, Wi-Fi, Free parking lot, On-site parking"
Padel Sheds,"Padel club, Cafe, Coffee shop, Padel court","Unit 1, Matrix Court","Unit 1, Matrix Court, Chester CH1 4QX",Chester,CH1 4QX,United Kingdom,GB,,,https://www.padelsheds.com/,https://www.facebook.com/profile.php,,,,https://www.google.com/maps?cid=6423701602767876417,https://playtomic.com/clubs/padel-sheds-chester,4.9,18,"Monday: 8am-10:30pm, Tuesday: 8am-10:30pm, Wednesday: 8am-10:30pm, Thursday: 8am-10:30pm, Friday: 8am-10:30pm, Saturday: 8am-10:30pm, Sunday: 8am-10:30pm",https://lh3.googleusercontent.com/p/AF1QipOoHhaaD80F2LI9dBrzL-22v2drgS1D_rKvGPCo,,"On-site services, Wheelchair-accessible car park, Wheelchair-accessible entrance, Wheelchair-accessible seating, Wheelchair-accessible toilet, Gender-neutral toilets, Toilet, Wi-Fi, Free of charge street parking, Free parking lot, On-site parking"
Padel Shift,Padel club,,"Elkstone, Studios GL53 9PQ",Studios,GL53 9PQ,United Kingdom,GB,,hello@padelshift.com,https://padelshift.com/,https://www.facebook.com/profile.php,,https://www.linkedin.com/company/padel-shift,,https://www.google.com/maps?cid=18218545837595738614,,5,11,"Monday: 6:59am-10pm, Tuesday: 6:59am-10pm, Wednesday: 6:59am-10pm, Thursday: 6:59am-10pm, Friday: 6:59am-10pm, Saturday: 6:59am-10pm, Sunday: 6:59am-10pm",https://lh3.googleusercontent.com/p/AF1QipMDmIgxrG4hr0csGlgWVkwg39j5UITzZ5KHBbWa,,"Wheelchair-accessible car park, Wheelchair-accessible entrance, Toilet"
Padel Shift,"Padel court, Padel club, Sports club",Daylesford Farm,"Daylesford Farm, Moreton-in-Marsh GL56 0YG",Moreton-in-Marsh,GL56 0YG,United Kingdom,GB,,hello@padelshift.com,http://padelshift.com/,https://www.facebook.com/profile.php,,https://www.linkedin.com/company/padel-shift,,https://www.google.com/maps?cid=14692795125586224174,http://padelshift.com/book-a-court,4.9,28,"Monday: 7am-9pm, Tuesday: 7am-9pm, Wednesday: 7am-9pm, Thursday: 7am-9pm, Friday: 7am-9pm, Saturday: 7am-9pm, Sunday: 7am-9pm",https://lh3.googleusercontent.com/p/AF1QipP2nksp8Wyw1ogcbEuQiZlFfzoualTbKexEfEaQ,,"Wheelchair-accessible car park, Credit cards, Debit cards, NFC mobile payments"
Padel Social Club - Earls Court,"Padel club, Bar, Padel court, Sauna",Empress Pl,"Empress Pl, London SW6 1TT",London,SW6 1TT,United Kingdom,GB,07393545770,info@padelsocial.club,https://padelsocial.club/pages/earls-court,,,,,https://www.google.com/maps?cid=3946470162888346897,,4.7,98,"Monday: 7am-11pm, Tuesday: 7am-11pm, Wednesday: 7am-11pm, Thursday: 7am-11pm, Friday: 7am-11pm, Saturday: 7am-11pm, Sunday: 7am-11pm",https://lh3.googleusercontent.com/p/AF1QipMWAxv6PeLIiQAmtdWk98Of9n4dnuzHpb-ydlnx,,"On-site services, Wheelchair-accessible car park, Wheelchair-accessible entrance, Sauna, Gender-neutral toilets, Toilet"
Padel Social Club - The O2,"Padel club, Padel court",Peninsula Square,"Peninsula Square, London SE10 0DX",London,SE10 0DX,United Kingdom,GB,07516732454,info@padelsocial.club,https://padelsocial.club/pages/the-o2,,,,,https://www.google.com/maps?cid=8239565204258592944,,4.1,38,"Monday: 12-11pm, Tuesday: 12-11pm, Wednesday: 12-11pm, Thursday: 12-11pm, Friday: 8am-11pm, Saturday: 8am-11pm, Sunday: 8am-11pm",https://lh3.googleusercontent.com/p/AF1QipPXyj_QYDgEmKJZjnOt5I9Y6DMN8RK3Czi0Au1N,,"On-site services, Wheelchair-accessible entrance, Toilet"
Padel Social House,Sports club,40 Salthouse Rd,"40 Salthouse Rd, Northampton NN4 7EX",Northampton,NN4 7EX,United Kingdom,GB,,,,,,,,https://www.google.com/maps?cid=1204096308878192673,,,,"Monday: 7am-11pm, Tuesday: 7am-11pm, Wednesday: 7am-11pm, Thursday: 7am-11pm, Friday: 7am-11pm, Saturday: 7am-11pm, Sunday: 7am-11pm",https://lh3.googleusercontent.com/p/AF1QipObhEgC_1M9H0WvkO82Kmo1cJIo3ForwY75_BuQ,,"Wheelchair-accessible car park, Toilet"
Padel Studios,"Padel club, Massage therapist, Pilates studio","Padel Studios, Unit B6 Paragon Way","Padel Studios, Unit B6 Paragon Way, Exhall, Coventry CV7 9QS",Coventry,CV7 9QS,United Kingdom,GB,07577481589,info@padelstudios.co.uk,https://padelstudios.co.uk/,,,,,https://www.google.com/maps?cid=10465123296423119364,,4.7,23,"Monday: 6am-2am, Tuesday: 6am-2am, Wednesday: 6am-2am, Thursday: 6am-2am, Friday: 6am-2am, Saturday: 6am-2am, Sunday: 6am-2am",https://lh3.googleusercontent.com/gps-cs-s/AG0ilSy1sPN2wiy5ZMfJyrFgguyMoR1a5TbweTvwJcncmQjmpFZ8FOzJbQzMIIer-wD1BRCkind9e_MtNihKp1EhcEYegC8V4DkweQDywWOtzWmciQJZkevK_SqV5xZXIt1Ihpd5JLFluv3EkXA1,,"On-site services, Wheelchair-accessible car park, Wheelchair-accessible entrance, Wheelchair-accessible seating, Wheelchair-accessible toilet, Toilet, Wi-Fi, Free parking lot"
Padel T - Corby,Padel club,Jimmy Kane Wy,"Jimmy Kane Wy, Corby NN17 2FB",Corby,NN17 2FB,United Kingdom,GB,01536407851,contact@padelt.co.uk,https://www.padelt.co.uk/,,,,https://www.x.com/p4delt,https://www.google.com/maps?cid=874069615740452953,https://clubspark.lta.org.uk/CorbyTennisCentre/Booking/BookByDate#?date=2025-03-24&role=guest,5,6,"Monday: 10am-10pm, Tuesday: 10am-9pm, Wednesday: 10am-9pm, Thursday: 2-9pm, Friday: 10am-7:30pm, Saturday: 10am-5:30pm, Sunday: 10am-5:30pm",https://lh3.googleusercontent.com/p/AF1QipOXo9vFh61SdiMk1YZQYpSDpAcPO3PBkgV0mGdR,,"On-site services, Wheelchair-accessible car park, Toilet, Free parking lot, On-site parking"
Padel T - Ilkeston,Padel club,"Rutland Sports Park, W End Dr","Rutland Sports Park, W End Dr, Ilkeston DE7 5GH",Ilkeston,DE7 5GH,United Kingdom,GB,01159302033,contact@padelt.co.uk,https://www.padelt.co.uk/,,,,https://www.x.com/p4delt,https://www.google.com/maps?cid=14670684217419387421,,5,7,"Monday: 6:30am-10pm, Tuesday: 6:30am-10pm, Wednesday: 6:30am-10pm, Thursday: 6:30am-10pm, Friday: 6:30am-9pm, Saturday: 8am-5pm, Sunday: 8am-5pm",https://lh3.googleusercontent.com/p/AF1QipOa-m0AtSfyvBqtN-zvwQc-D4U65-2kmkrM8Kjs,,"Wheelchair-accessible car park, Toilet, LGBTQ+ friendly, On-site parking"
Padel Tattenhall,Sports club,,"Tattenhall, Chester CH3 9QF",Chester,,United Kingdom,GB,,,,,,,,https://www.google.com/maps?cid=9697053218521830772,,,,,https://streetviewpixels-pa.googleapis.com/v1/thumbnail?panoid,,"Wheelchair-accessible car park, Toilet"
Padel Tennis,Sports complex,Soskin Dr,"Soskin Dr, Stantonbury Fields, Stantonbury, Milton Keynes MK14 6DT",Milton Keynes,MK14 6DT,United Kingdom,GB,,hello@sportyscholars.com,https://www.sportyscholars.com/padel-tennis,"https://www.facebook.com/, https://www.facebook.com/sportyscholars",https://www.instagram.com/sportyscholarsuk,,,https://www.google.com/maps?cid=14842462097952016577,,2.9,18,"Monday: 7am-9pm, Tuesday: 7am-9pm, Wednesday: 7am-9pm, Thursday: 7am-9pm, Friday: 7am-9pm, Saturday: 7am-9pm, Sunday: 7am-9pm",https://lh3.googleusercontent.com/p/AF1QipMzEVGQtKNVv20LpwNtK9oWQhl5dSZI28YQfcTZ,,"Wheelchair-accessible car park, Wheelchair-accessible entrance, Debit cards, NFC mobile payments, Free of charge street parking, Free parking lot, On-site parking"
Padel Tennis at The Barns at Wellington,Padel club,The Barns at Wellington,"The Barns at Wellington, Reading RG7 2BT",Reading,RG7 2BT,United Kingdom,GB,01256648470,barnsinfo@wellington.co.uk,http://wellingtonpadel.co.uk/,https://www.facebook.com/thebarnsatwellington,https://www.instagram.com/thebarnsatwellington,,,https://www.google.com/maps?cid=1051731141114997257,,2.5,2,"Monday: 7am-9:30pm, Tuesday: 7am-9:30pm, Wednesday: 7am-9:30pm, Thursday: 7am-9:30pm, Friday: 7am-9:30pm, Saturday: 8am-8pm, Sunday: 8am-8pm",https://lh3.googleusercontent.com/p/AF1QipNqnayXzEAOH3aopIMRLPfBy4iLZDDg_lZvTY8u,,"Wheelchair-accessible car park, Wheelchair-accessible entrance, Wheelchair-accessible toilet, Toilet"
Padel Tennis Courts,Tennis court,Trevose Golf & Country Club,"Trevose Golf & Country Club, Constantine Bay, Padstow PL28 8JB",Padstow,PL28 8JB,United Kingdom,GB,,,,,,,,https://www.google.com/maps?cid=13827956263192430787,,,,,https://streetviewpixels-pa.googleapis.com/v1/thumbnail?panoid,,
Padel Tourney,Software company,102 Campbell Rd,"102 Campbell Rd, London E3 4EA",London,E3 4EA,United Kingdom,GB,07843795373,,,,,,,https://www.google.com/maps?cid=3767564478259930679,,,,,https://lh3.googleusercontent.com/p/AF1QipPh5adic2WQFs8GA-KQ8qe7wLpAZ_1PduaC84y4,,
Padel Tree Arkley,Padel club,Brickfield Ln,"Brickfield Ln, Barnet EN5 3LD",Barnet,EN5 3LD,United Kingdom,GB,07502659999,,,,,,,https://www.google.com/maps?cid=17916747354228287214,,4.5,8,"Monday: 8am-10pm, Tuesday: 8am-10pm, Wednesday: 8am-10pm, Thursday: 8am-10pm, Friday: 8am-10pm, Saturday: 8am-10pm, Sunday: 8am-10pm",,,Toilet
Padel Tree Finchley,Padel club,Summers Ln,"Summers Ln, London N12 0PD",London,N12 0PD,United Kingdom,GB,07830942520,,,,,,,https://www.google.com/maps?cid=18392169254124394971,,4.1,12,"Monday: 6am-11pm, Tuesday: 6am-11pm, Wednesday: 6am-11pm, Thursday: 6am-11pm, Friday: 6am-11pm, Saturday: 6am-11pm, Sunday: 6am-11pm",https://streetviewpixels-pa.googleapis.com/v1/thumbnail?panoid,,Toilet
Padel Tree Metropolitan Bushey,Padel club,Aldenham Rd,"Aldenham Rd, Bushey WD23 2TR",Bushey,WD23 2TR,United Kingdom,GB,07830942520,info@padel-tree.com,https://padel-tree.com/,https://www.facebook.com/profile.php,,http://www.linkedin.com/in/dylan-shawyer-padeltree,,https://www.google.com/maps?cid=2737574906141217158,,,,"Monday: 8am-10pm, Tuesday: 8am-10pm, Wednesday: 8am-10pm, Thursday: 8am-10pm, Friday: 8am-10pm, Saturday: 8am-10pm, Sunday: 8am-10pm",,,Toilet
Padel Up,Sports club,"Opus Park, Lockheed Cl","Opus Park, Lockheed Cl, Stockton-on-Tees TS18 3BP",Stockton-on-Tees,TS18 3BP,United Kingdom,GB,,support@padel-up.co.uk,https://www.padel-up.co.uk/,https://www.facebook.com/profile.php,,,,https://www.google.com/maps?cid=16470577368474897145,,4.8,16,"Monday: 6am-11pm, Tuesday: 6am-11pm, Wednesday: 6am-11pm, Thursday: 6am-11pm, Friday: 6am-11pm, Saturday: 7am-11pm, Sunday: 7am-10pm",https://lh3.googleusercontent.com/gps-cs-s/AG0ilSyvvxacgzDZuNL2SiFv7pNS7bCGbbkYJBTUNng4XvKcfV2yurSOIZTrTO-nJrGwkMM_EFsg7hHamqM1EpZnZFUo4GqN9A6DezJkL_6nqNs1XGwkix-JJJIOTE8EHTFQRcPIV3VPziEtcSOH,,"On-site services, Wheelchair-accessible car park, Wheelchair-accessible entrance, Toilet, On-site parking"
Padel Up - Tyneside,Sports club,"Unit 2A, Metro Riverside Park","Unit 2A, Metro Riverside Park, Gateshead NE11 9DJ",Gateshead,NE11 9DJ,United Kingdom,GB,,support@padel-up.co.uk,https://www.padel-up.co.uk/,https://www.facebook.com/profile.php,,,,https://www.google.com/maps?cid=9991485484484825426,,,,"Monday: 6am-11pm, Tuesday: 6am-11pm, Wednesday: 6am-11pm, Thursday: 6am-11pm, Friday: 6am-11pm, Saturday: 7am-11pm, Sunday: 7am-10pm",,,
Padel Vault,Padel club,"Unit 2, Velocity, Roebuck Way","Unit 2, Velocity, Roebuck Way, Milton Keynes MK5 8HL",Milton Keynes,MK5 8HL,United Kingdom,GB,,danny@thepadelvault.uk,http://www.padelvault.uk/,,https://www.instagram.com/thepadelvaultuk,,,https://www.google.com/maps?cid=12554160897009443509,,,,,https://lh3.googleusercontent.com/p/AF1QipOp-_-ilyXEf5xY3X_YFBMVcAQhHSfhKfGS2DPb,,"Wheelchair-accessible car park, Toilet, Free parking lot, On-site parking"
Padel Vibes Ltd,Sporting Goods Shop,"Unit A, 82 James Carter Rd","Unit A, 82 James Carter Rd, Mildenhall, Suffolk IP28 7DE",Suffolk,IP28 7DE,United Kingdom,GB,,,http://padelvibes.co.uk/,https://www.facebook.com/profile.php,,https://www.linkedin.com/company/padelvibes,https://twitter.com/padelvibes,https://www.google.com/maps?cid=3934309171535034649,,,,,https://streetviewpixels-pa.googleapis.com/v1/thumbnail?panoid,,"Credit cards, Debit cards, NFC mobile payments"
Padel Warehouse 52,Padel club,"Unit 11, G5 Industrial Park","Unit 11, G5 Industrial Park, Wolverhampton WV4 6FG",Wolverhampton,WV4 6FG,United Kingdom,GB,,hello@padelwarehouse52.co.uk,https://www.padelwarehouse52.co.uk/,,,,,https://www.google.com/maps?cid=11298451019295233631,https://playtomic.com/clubs/padel-warehouse-52,,,"Monday: 6am-11pm, Tuesday: 6am-11pm, Wednesday: 6am-11pm, Thursday: 6am-11pm, Friday: 6am-11pm, Saturday: 6am-11pm, Sunday: 6am-11pm",https://lh3.googleusercontent.com/p/AF1QipOOefBszF7zE3_Pj0rUvOwxQvor3Ov8v4naY2pP,,"Gender-neutral toilets, Toilet, Free parking lot, On-site parking"
Padel West London by Padel Affair,Padel court,Tentelow Ln,"Tentelow Ln, Southall UB2 4LW",Southall,UB2 4LW,United Kingdom,GB,07399770059,hello@padelaffair.com,https://www.padelaffair.com/?utm_source=google&utm_medium=map&utm_campaign=gmb,https://www.facebook.com/profile.php,,https://www.linkedin.com/company/padel-affair,,https://www.google.com/maps?cid=2961526133361975909,https://playtomic.io/padel-west-london-padel-affair/b598e44d-6c0d-4f62-a653-430681908c36,3.3,8,"Monday: 7am-8pm, Tuesday: 7am-8pm, Wednesday: 7am-8pm, Thursday: 7am-8pm, Friday: 7am-8pm, Saturday: 7am-8pm, Sunday: 7am-8pm",https://lh3.googleusercontent.com/p/AF1QipPLBvsVcjHf2ArVhqR51EQ2MaQYiZDD1vQiZx7D,,"Credit cards, Debit cards, NFC mobile payments"
Padel X Padel Courts,Padel court,282J+G2,"282J+G2, Moreton-in-Marsh GL56 9NW",Moreton-in-Marsh,,United Kingdom,GB,,,https://todenhambarn.padelx.club/en,,,,,https://www.google.com/maps?cid=8145448551007664602,,,,"Monday: 7am-10pm, Tuesday: 7am-10pm, Wednesday: 7am-10pm, Thursday: 7am-10pm, Friday: 7am-10pm, Saturday: 8am-10pm, Sunday: 8am-10pm",,,
Padel Yard parking entrance,Car Park,8 Swandon Way,"8 Swandon Way, London SW18 1SH",London,SW18 1SH,United Kingdom,GB,,,,,,,,https://www.google.com/maps?cid=8834415752866545304,,3.7,3,,https://streetviewpixels-pa.googleapis.com/v1/thumbnail?panoid,,
Padel Zone,Padel club,5 Hunting Gate,"5 Hunting Gate, Hitchin SG4 0TJ",Hitchin,SG4 0TJ,United Kingdom,GB,07721085104,info@padel-zone.co.uk,https://www.padel-zone.co.uk/,https://www.facebook.com/people/padel-zone/61573578122793/#,,,,https://www.google.com/maps?cid=17587691923342880249,,4.9,15,"Monday: 6am-12am, Tuesday: 6am-12am, Wednesday: 6am-12am, Thursday: 6am-12am, Friday: 6am-12am, Saturday: 6am-12am, Sunday: 6am-12am",https://lh3.googleusercontent.com/gps-cs-s/AG0ilSxxf-TWc-Xif0A4DhaSr4yCoC1jCzGJUH2MMOdwrs9534-3EEbeTABeriwHLCf6r9gcQLU1_B6pIP-NnQCAaYvgfsv7RAguIDZQPQxPtqbD6qhpTRQzA8JFsu6sQtRMuEs7joaavNJHUx1N,,"Wheelchair-accessible car park, Wheelchair-accessible entrance, Wheelchair-accessible seating, Wheelchair-accessible toilet, Toilet, On-site parking"
Padel4all Bracknell,Sports club,"Leisure Centre, Padel4all, Bagshot Rd","Leisure Centre, Padel4all, Bagshot Rd, Bracknell RG12 9SE",Bracknell,RG12 9SE,United Kingdom,GB,01344203070,,https://padel4all.com/bracknell/,,,,,https://www.google.com/maps?cid=2173235595226346191,,5,2,,https://lh3.googleusercontent.com/p/AF1QipO205ixixkLDWYNA6Om9zz2NEZwKNq39NwpqIWc,,"On-site services, Wheelchair-accessible car park, Wheelchair-accessible entrance, Gender-neutral toilets, Toilet, Wi-Fi, On-site parking"
"Padel4all Bristol, Lockleaze",Padel club,Bonnington Walk,"Bonnington Walk, Lockleaze, Bristol BS7 9XF",Bristol,BS7 9XF,United Kingdom,GB,01174051530,,http://padel4all.com/lockleaze,,,,,https://www.google.com/maps?cid=17334767465076400398,https://play.padel4all.com/lockleaze/book/,4.7,83,"Monday: 8am-10pm, Tuesday: 8am-10pm, Wednesday: 8am-10pm, Thursday: 8am-10pm, Friday: 8am-10pm, Saturday: 8am-9:30pm, Sunday: 8am-9:30pm",https://lh3.googleusercontent.com/p/AF1QipO3GQ5h2XNiIXyJ0Ik6rqYfDF4hVqeA70SlqARh,,"On-site services, Wheelchair-accessible car park, Wheelchair-accessible entrance, Wheelchair-accessible toilet, Toilet"
"Padel4all Eastbourne, Saffrons",Padel club,"The Saffrons Sports Club, Compton Pl Rd","The Saffrons Sports Club, Compton Pl Rd, Eastbourne BN21 1EA",Eastbourne,BN21 1EA,United Kingdom,GB,01323701530,,https://padel4all.com/eastbourne/,,,,,https://www.google.com/maps?cid=285014316755892001,,5,6,"Monday: 8am-10pm, Tuesday: 8am-10pm, Wednesday: 8am-10pm, Thursday: 8am-10pm, Friday: 8am-10pm, Saturday: 8am-8pm, Sunday: 8am-8pm",https://lh3.googleusercontent.com/p/AF1QipOcRul6zhK2OUaYC08r9bUgD5sNhaiNAyip9XBk,,"On-site services, Wheelchair-accessible car park, Wheelchair-accessible entrance, Wheelchair-accessible toilet, Toilet"
"Padel4all Southend, Garon Park",Padel club,Eastern Ave,"Eastern Ave, Southend-on-Sea SS2 4FA",Southend-on-Sea,SS2 4FA,United Kingdom,GB,01702683040,,https://padel4all.com/garon-park,,,,,https://www.google.com/maps?cid=6757326398284820186,,4.9,36,"Monday: 6am-11:30pm, Tuesday: 6am-11:30pm, Wednesday: 6am-11:30pm, Thursday: 6am-11:30pm, Friday: 6am-11:30pm, Saturday: 6am-11pm, Sunday: 6am-11pm",https://lh3.googleusercontent.com/p/AF1QipPrL9myY4KTLDm0lJhJjxQ7pyIPi9gl98KFQhIU,,"On-site services, Wheelchair-accessible car park, Wheelchair-accessible entrance, Wheelchair-accessible toilet, Toilet, Wi-Fi"
"Padel4all Swindon, Basset Down",Padel club,"Basset Down Golf Complex, Hay Ln","Basset Down Golf Complex, Hay Ln, Swindon SN4 9QW",Swindon,SN4 9QW,United Kingdom,GB,01793251130,,https://padel4all.com/basset-down,,,,,https://www.google.com/maps?cid=4862572777480599909,,4.9,85,"Monday: 8am-10pm, Tuesday: 8am-10pm, Wednesday: 8am-10pm, Thursday: 8am-10pm, Friday: 8am-10pm, Saturday: 8am-8pm, Sunday: 8am-8pm",https://lh3.googleusercontent.com/p/AF1QipNlUz3YtdolXUzA5BsTaJDeWopIXHskwDQEwz8R,,"On-site services, Wheelchair-accessible car park, Wheelchair-accessible entrance, Wheelchair-accessible toilet, Toilet, Wi-Fi"
PadelAve,Sporting Goods Shop,"Unit 4 Broughton Ct, Broughton St","Unit 4 Broughton Ct, Broughton St, Cheetham Hill, Manchester M8 8NN",Manchester,M8 8NN,United Kingdom,GB,07847150520,info@padelave.com,https://padelave.com/,,,,,https://www.google.com/maps?cid=3797850075799162449,,4.3,6,"Monday: 10am-6pm, Tuesday: 10am-5pm, Wednesday: 10am-6pm, Thursday: 10am-6pm, Friday: 10am-6pm, Saturday: 10am-2pm, Sunday: Closed",https://lh3.googleusercontent.com/p/AF1QipPBD3Ra9PU4SqdnyZuaATyG2tR0eTMeEQhjk5Ri,,"Delivery, Wheelchair-accessible car park, Wheelchair-accessible entrance, Wheelchair-accessible seating, Wheelchair-accessible toilet, Assistive hearing loop (no), Wi-Fi, Wi-Fi, LGBTQ+ friendly, Transgender safe space, Appointment required, Electronics, Credit cards, Debit cards, NFC mobile payments, Credit cards, Free of charge street parking, Free parking lot, On-site parking"
Padelball,,"82 Guild Rd, Greater","82 Guild Rd, Greater, London SE7 8HW",London,SE7 8HW,United Kingdom,GB,02079460612,,,,,,,https://www.google.com/maps?cid=3039987402373511003,,,,,https://streetviewpixels-pa.googleapis.com/v1/thumbnail?panoid,,
Padelbreaks365,Sport tour agency,124 City Rd,"124 City Rd, London EC1V 2NX",London,EC1V 2NX,United Kingdom,GB,02039166321,martin@padelbreaks365.com,https://www.padelbreaks365.com/,https://www.facebook.com/padelbreaks365,,,,https://www.google.com/maps?cid=16436373854833757551,,5,10,"Monday: 8am-6pm, Tuesday: 8am-6pm, Wednesday: 8am-6pm, Thursday: 8am-6pm, Friday: 8am-6pm, Saturday: 10am-4pm, Sunday: 10am-4pm",https://lh3.googleusercontent.com/gps-cs-s/AG0ilSwMSHZ7IoO1iDXIp6j9tVN7ZKMUnfPhjXLhrFQI7yDBv8OoOTIHRoRSYZO-4YvhL6mmpQRtna_HQ8Q4Xsvo7HNWg1TANYxKa5hRBYui3TOQj1PzjQIXhBIdMKETO1aoWlP8GXXo7nYbimM,,
Padelfit Academy,"Physical Fitness Programme, Service establishment, Padel club",,,,,,,01242472584,,https://www.padelfitacademy.co.uk/,,,,,https://www.google.com/maps?cid=17688186326030381894,,,,"Monday: 6am-8pm, Tuesday: 6am-8pm, Wednesday: 6am-8pm, Thursday: 6am-8pm, Friday: 6am-8pm, Saturday: 6am-8pm, Sunday: Closed",https://lh3.googleusercontent.com/p/AF1QipNWseLDZyz6yJRjTGwFWQdNaDXoKIXM17QluZWi,,
PadelHaus Fort Dunlop,Sports club,Fort Pkwy,"Fort Pkwy, Birmingham B24 9FD",Birmingham,B24 9FD,United Kingdom,GB,07967658282,info@padelhaus.co.uk,https://padelhaus.co.uk/,https://facebook.com/padelhausuk,,,,https://www.google.com/maps?cid=4897915291582061190,,4,4,"Monday: 7am-1am, Tuesday: 7am-1am, Wednesday: 7am-1am, Thursday: 7am-1am, Friday: 7am-1am, Saturday: 7am-1am, Sunday: 7am-1am",https://streetviewpixels-pa.googleapis.com/v1/thumbnail?panoid,,"Wheelchair-accessible car park, Wheelchair-accessible entrance, Toilet"
PadelHQ.co.uk,"Sporting Goods Shop, Sportswear Shop","Unit 1, Greatbridge Business Park","Unit 1, Greatbridge Business Park, Romsey SO51 0HA",Romsey,SO51 0HA,United Kingdom,GB,02380017474,support@padelhq.co.uk,https://padelhq.co.uk/,https://www.facebook.com/padelhq.co.uk,,,,https://www.google.com/maps?cid=4403616855254513254,,4.9,62,"Monday: 9am-4pm, Tuesday: 9am-4pm, Wednesday: 9am-4pm, Thursday: 9am-4pm, Friday: 9am-4pm, Saturday: Closed, Sunday: Closed",https://lh3.googleusercontent.com/gps-cs-s/AG0ilSxwssmRfYUlEoGO9alHwEMYhYTazqyu1gwrgchVoMPB75dCO-VM0foYMEVWtj-EuGZLZGgNNdOcbZ-2-9o3pOgJItb8UVTTb6uplyxVV0PRlnSXNQF_-FlzDM2BtrET9kyfVNrP9dLds1XY,,"Delivery, In-store pick-up, In-store shopping, Credit cards, Debit cards, Credit cards, On-site parking"
PADELHUB Crawley,Padel club,Unit 4 Link 23,"Unit 4 Link 23, Haywards Heath RH17 5JS",Haywards Heath,RH17 5JS,United Kingdom,GB,07594174730,,https://www.padelhub.uk/,"https://www.facebook.com/thepadelhubuk/, https://www.facebook.com/thepadelhubuk",https://www.instagram.com/thepadelhub_uk,https://www.linkedin.com/company/the-padel-hub,,https://www.google.com/maps?cid=8066972667731346699,,3.2,45,"Monday: 7am-11pm, Tuesday: 7am-11pm, Wednesday: 7am-11pm, Thursday: 7am-11pm, Friday: 7am-11pm, Saturday: 8am-10pm, Sunday: 9am-10pm",https://lh3.googleusercontent.com/p/AF1QipOx1Zh6uslrXOazqzHdIDDPPws4CO6iuhglwVlM,,"On-site services, Wheelchair-accessible car park, Wheelchair-accessible entrance, Wheelchair-accessible seating, Wheelchair-accessible toilet, Toilet, Free of charge street parking"
PADELHUB Epsom,Padel club,"The Padel Hub, 7-8 Blenheim Rd","The Padel Hub, 7-8 Blenheim Rd, Epsom KT19 9BE",Epsom,KT19 9BE,United Kingdom,GB,07498566372,,https://www.padelhub.uk/,"https://www.facebook.com/thepadelhubuk, https://www.facebook.com/thepadelhubuk/",https://www.instagram.com/thepadelhub_uk,https://www.linkedin.com/company/the-padel-hub,,https://www.google.com/maps?cid=3420907796741856187,,3.4,23,"Monday: 7am-11pm, Tuesday: 7am-11pm, Wednesday: 7am-11pm, Thursday: 7am-11pm, Friday: 7am-11pm, Saturday: 7am-10pm, Sunday: 8:30am-10pm",https://lh3.googleusercontent.com/gps-cs-s/AG0ilSznzCqykWsnHVwG4NR1CezLVANLjC-RahZHC_rfD40spoY7MvmTSoBuywDAOh91UgDOxNRyzWf1CjJQxAosfEFNMXdmSZOAydxUi9adnVbTwNqswq85gNZQDy24IIEO28S2T_OU,,"On-site services, Wheelchair-accessible car park, Wheelchair-accessible entrance, Wheelchair-accessible toilet, Toilet, Free parking lot"
PADELHUB North London,Padel club,"The Padel Hub North, Unit 4 Downland Cl","The Padel Hub North, Unit 4 Downland Cl, London N20 9LB",London,N20 9LB,United Kingdom,GB,07985770112,,https://www.padelhub.uk/,"https://www.facebook.com/thepadelhubuk, https://www.facebook.com/thepadelhubuk/",https://www.instagram.com/thepadelhub_uk,https://www.linkedin.com/company/the-padel-hub,,https://www.google.com/maps?cid=18278822106169774559,,4.4,56,"Monday: 7am-11pm, Tuesday: 7am-11pm, Wednesday: 7am-11pm, Thursday: 7am-11pm, Friday: 7am-11pm, Saturday: 8am-10pm, Sunday: 9am-10pm",https://lh3.googleusercontent.com/p/AF1QipOWfOUjhpY_uMl0GhrkW_Pssi2So14f2HeRDX_g,,"On-site services, Wheelchair-accessible car park, Wheelchair-accessible entrance, Toilet, Free parking lot"
PADELHUB Reading,Padel club,"Forbury Industrial Park, 4 Kenavon Dr","Forbury Industrial Park, 4 Kenavon Dr, Reading RG1 3DH",Reading,RG1 3DH,United Kingdom,GB,07932935876,,https://www.padelhub.uk/,"https://www.facebook.com/thepadelhubuk, https://www.facebook.com/thepadelhubuk/",https://www.instagram.com/thepadelhub_uk,https://www.linkedin.com/company/the-padel-hub,,https://www.google.com/maps?cid=9418892141477093570,,4.1,56,"Monday: 7am-11pm, Tuesday: 7am-11pm, Wednesday: 7am-11pm, Thursday: 7am-11pm, Friday: 7am-11pm, Saturday: 8am-10pm, Sunday: 8am-10pm",https://lh3.googleusercontent.com/p/AF1QipOqtf-gumb6jlN4PZY8MWSuJXPu6noTFQVM5tqo,,"On-site services, Wheelchair-accessible car park, Wheelchair-accessible entrance, Toilet, Free of charge street parking"
PADELHUB Slough,"Padel club, Sports club, Sports complex",Unit 1 Albion Cl,"Unit 1 Albion Cl, Slough SL2 5DT",Slough,SL2 5DT,United Kingdom,GB,07931073067,,https://padelhub.uk/,"https://www.facebook.com/thepadelhubuk, https://www.facebook.com/thepadelhubuk/",https://www.instagram.com/thepadelhub_uk,https://www.linkedin.com/company/the-padel-hub,,https://www.google.com/maps?cid=5888079013321998899,,4.6,74,"Monday: 8am-11pm, Tuesday: 8am-11pm, Wednesday: 8am-11pm, Thursday: 8am-11pm, Friday: 8am-11pm, Saturday: 7am-11pm, Sunday: 7am-10pm",https://lh3.googleusercontent.com/gps-cs-s/AG0ilSxMNedMlznSwFKhA-txP2BX5imkrPl__9M4JZ2q0H1LAV8Ynwa-7unk64cTiJ3qG03Lz8edrx2I4pRx5MyRuYPmVoOg074_0VTG6z4FM52JC4k_OQ2Om2rKLOH7e1KUaMoxPctw2g,,"On-site services, Wheelchair-accessible car park, Wheelchair-accessible entrance, Wheelchair-accessible seating, Wheelchair-accessible toilet, Assistive hearing loop (no), Toilet, LGBTQ+ friendly, Transgender safe space"
PADELHUB Southampton,Padel club,"Unit A1 & A2, Adanac Trade Park, Adanac Dr","Unit A1 & A2, Adanac Trade Park, Adanac Dr, Southampton SO16 0AU",Southampton,SO16 0AU,United Kingdom,GB,07535412066,,https://www.padelhub.uk/,"https://www.facebook.com/thepadelhubuk, https://www.facebook.com/thepadelhubuk/",https://www.instagram.com/thepadelhub_uk,https://www.linkedin.com/company/the-padel-hub,,https://www.google.com/maps?cid=2636710480916231888,,5,51,"Monday: 8am-11pm, Tuesday: 8am-11pm, Wednesday: 8am-11pm, Thursday: 8am-11pm, Friday: 8am-11pm, Saturday: 8am-10pm, Sunday: 9am-10pm",https://lh3.googleusercontent.com/gps-cs-s/AG0ilSxtPQOQCNLGpgYi-fY-5PVjG9Sb7ht0HMs0A8gyeOBGv-BUeViOz_vqxUF-NKCHm6xjYpkW7i586MLMwdToKuQMVVPp81V4QOsuewLkZxpi-DpgM8ZvOc1wtnffhbfEG9O-B4z-t2w0vZVT,,"On-site services, Wheelchair-accessible car park, Wheelchair-accessible entrance, Wheelchair-accessible toilet, Toilet, Wi-Fi, LGBTQ+ friendly, Free parking lot, On-site parking"
PADELHUB Tunbridge Wells,Padel club,"Unit 1 C, Tavis House, Chapman Way","Unit 1 C, Tavis House, Chapman Way, Tunbridge Wells TN2 3EF",Tunbridge Wells,TN2 3EF,United Kingdom,GB,07498559731,,https://www.padelhub.uk/,"https://www.facebook.com/thepadelhubuk/, https://www.facebook.com/thepadelhubuk",https://www.instagram.com/thepadelhub_uk,https://www.linkedin.com/company/the-padel-hub,,https://www.google.com/maps?cid=10903489256535856143,,5,3,,https://lh3.googleusercontent.com/gps-cs-s/AG0ilSw8-8wjOHeSx3vCAI13W6PsKH6JW4gLjeiZWUTWdN5DmzQGPFhGnFgXugAM2V-H0XXznVK3G3N9yHby20gmwmfAA7x-QXLmpP4N-dDWVxabWbZmNxMovvyuBDL8mG2VXJ0r0ayo5VfcS9Y,,"On-site services, Free parking lot"
PadelMagic UK,Sports accessories wholesaler,4 Shieling Ct,"4 Shieling Ct, Corby NN18 9QD",Corby,NN18 9QD,United Kingdom,GB,02081912365,hello@padelmagic.co.uk,https://www.padelmagic.co.uk/,https://www.facebook.com/padelmagicuk,,https://www.linkedin.com/company/padelmagicuk,,https://www.google.com/maps?cid=15231111273988664555,,,,"Monday: 9am-5pm, Tuesday: 9am-5pm, Wednesday: 9am-5pm, Thursday: 9am-5pm, Friday: 9am-5pm, Saturday: Closed, Sunday: Closed",https://lh3.googleusercontent.com/p/AF1QipNrQuPurEG1LalrSBddHuCzwReH08TZvTPeg0Cd,,"Wheelchair-accessible car park, Toilet, Credit cards, Debit cards"
Padels Up,Padel club,Banky Ln,"Banky Ln, Urmston, Sale M33 5SL",Sale,M33 5SL,United Kingdom,GB,,,https://www.padelsup.co.uk/,,,,,https://www.google.com/maps?cid=7631419728258624882,,,,,https://streetviewpixels-pa.googleapis.com/v1/thumbnail?panoid,,
Padelspeed,"Tennis Shop, Padel club, Padel court","House Of Sport, Clos Parc Morgannwg","House Of Sport, Clos Parc Morgannwg, Cardiff CF11 8AW",Cardiff,CF11 8AW,United Kingdom,GB,03333399196,coaching@padelspeed.com,https://padelspeed.com/,https://www.facebook.com/ukpadel,,,https://x.com/squashspeed,https://www.google.com/maps?cid=12041785561122542277,,4.8,20,"Monday: 10:30am-2:30pm, Tuesday: 10:30am-2:30pm, Wednesday: Closed, Thursday: 10:30am-2:30pm, Friday: 10:30am-2:30pm, Saturday: 10:30am-2:30pm, Sunday: Closed",https://lh3.googleusercontent.com/gps-cs-s/AG0ilSyJ4jNy7mDgXAazUsq9OsAb7jXaOZRbysprVS7MmRVv5VAKltuT3Mf-JC1Hw671b1yMND32w8ydfjQ35yqNeHicBojI93UU3C3nAvMfAymN5gBaHMLLwggMfzE88JljCLxPF9WstuwQJ61Q,,"Delivery, On-site services, Wheelchair-accessible toilet, Credit cards, Debit cards, NFC mobile payments, Credit cards, Free of charge street parking, On-site parking"
PadelStars Bournemouth,Sports club,"PadelStars Bournemouth, Forest Links Rd","PadelStars Bournemouth, Forest Links Rd, Ferndown BH22 9PH",Ferndown,BH22 9PH,United Kingdom,GB,,info@padelstars.co.uk,https://padelstars.co.uk/padelstars-bournemouth/,https://www.facebook.com/padelstarsuk,,https://www.linkedin.com/company/padelstars-uk,,https://www.google.com/maps?cid=11519679370224802050,,5,3,,https://lh3.googleusercontent.com/p/AF1QipP_lAcXJPom7a3pRKDKvNUQV4jiQEEzA-QdhH1p,,"On-site services, Wheelchair-accessible car park, Wheelchair-accessible entrance, Wheelchair-accessible toilet, Toilet"
PadelStars Bracknell,Sports club,"GolfPlex, Wood Ln","GolfPlex, Wood Ln, Bracknell RG42 4EX",Bracknell,RG42 4EX,United Kingdom,GB,07356102808,,https://padelstars.co.uk/padelstars-bracknell/,https://www.facebook.com/padelstarsuk,,https://www.linkedin.com/company/padelstars-uk,,https://www.google.com/maps?cid=920471068342626480,,4.9,19,"Monday: 8am-10pm, Tuesday: 8am-10pm, Wednesday: 8am-10pm, Thursday: 8am-10pm, Friday: 8am-10pm, Saturday: 8am-10pm, Sunday: 8am-10pm",https://lh3.googleusercontent.com/gps-cs-s/AG0ilSwOm-ZIKpP_bOlukk9hZxeoPHq41a3DTNROe9rmfaU5cnxdiinT9KZmsRQtEJtbdMOag8JkJYaggdSXsYHvlZr3Y_ldtErMxwDrp3BuNgGiIEjw3ozOmrYXuXA9jDxmnsOEzS8nijf_qVHA,,"Wheelchair-accessible car park, Wheelchair-accessible entrance, Wheelchair-accessible toilet, Toilet"
PadelStars Egham,Sports club,"Achieve Lifestyle, PadelStars, Vicarage Rd","Achieve Lifestyle, PadelStars, Vicarage Rd, Egham TW20 8NL",Egham,TW20 8NL,United Kingdom,GB,07356102821,egham@padelstars.co.uk,https://padelstars.co.uk/padelstars-egham/,https://www.facebook.com/padelstarsuk,,https://www.linkedin.com/company/padelstars-uk,,https://www.google.com/maps?cid=5666348145467422019,,,,"Monday: 7am-10pm, Tuesday: 7am-10pm, Wednesday: 7am-10pm, Thursday: 7am-10pm, Friday: 7am-10pm, Saturday: 7am-10pm, Sunday: 7am-10pm",https://lh3.googleusercontent.com/p/AF1QipPWDzv-FNdJL0ampPPLap1ZRdypqoTBnNUAGEyI,,"Wheelchair-accessible car park, Wheelchair-accessible entrance, Wheelchair-accessible toilet, Toilet"
PadelStars Folkestone,Fitness centre,"Three Hills Sports Park, PadelStars, Cheriton Rd","Three Hills Sports Park, PadelStars, Cheriton Rd, Folkestone CT19 5JU",Folkestone,CT19 5JU,United Kingdom,GB,07356102810,info@padelstars.co.uk,https://padelstars.co.uk/padelstars-folkestone/,https://www.facebook.com/padelstarsuk,,https://www.linkedin.com/company/padelstars-uk,,https://www.google.com/maps?cid=5796608805785996886,,4.2,5,"Monday: 8am-10pm, Tuesday: 8am-10pm, Wednesday: 8am-10pm, Thursday: 8am-10pm, Friday: 8am-10pm, Saturday: 8am-9pm, Sunday: 8am-9pm",https://lh3.googleusercontent.com/p/AF1QipN7rb_lu88uruugI8eOZ9vhD5FKFu3hCtinXzU,,"On-site services, Wheelchair-accessible car park, Wheelchair-accessible entrance, Toilet, Credit cards, Debit cards, NFC mobile payments, Good for kids"
PadelStars Reading,Sports club,"County Sports Club, Berkshire, Sonning Ln","County Sports Club, Berkshire, Sonning Ln, Reading RG4 6ST",Reading,RG4 6ST,United Kingdom,GB,,,https://www.padelstars.co.uk/,https://www.facebook.com/padelstarsuk,,https://www.linkedin.com/company/padelstars-uk,,https://www.google.com/maps?cid=12750704167757075880,,3.5,2,"Monday: 6am-10:30pm, Tuesday: 6am-10:30pm, Wednesday: 6am-10:30pm, Thursday: 6am-10:30pm, Friday: 6am-10:30pm, Saturday: 6am-10:30pm, Sunday: 6am-10:30pm",https://streetviewpixels-pa.googleapis.com/v1/thumbnail?panoid,,"Wheelchair-accessible car park, Toilet"
PadelStars Southampton,Sports club,"PadelStars, Stoneham Ln","PadelStars, Stoneham Ln, Eastleigh SO50 9HT",Eastleigh,SO50 9HT,United Kingdom,GB,07356102807,,https://padelstars.co.uk/padelstars-southampton/,https://www.facebook.com/padelstarsuk,,https://www.linkedin.com/company/padelstars-uk,,https://www.google.com/maps?cid=8401507577698481586,,4.9,89,"Monday: 7am-10pm, Tuesday: 7am-10pm, Wednesday: 7am-10pm, Thursday: 7am-10pm, Friday: 7am-10pm, Saturday: 7am-10pm, Sunday: 7am-10pm",https://lh3.googleusercontent.com/gps-cs-s/AG0ilSyXnDuOQMYwHIcwBfXQZ8BKUwVRgf-4b0E7DrWVhdWrBf1pqT9fgF99dZsZjB1e9dmpWLs2GxZVptmulVQknwyOV4mc5YvwiuDw4x-3EZHMkyiqG54FmCipewezudzS-DkM2zkNKJiTF4iT,,"Wheelchair-accessible car park, Wheelchair-accessible entrance, Toilet"
PadelStars St Albans,Sports club,Batchwood Golf and Sports Centre,"Batchwood Golf and Sports Centre, St Albans AL3 5XA",St Albans,AL3 5XA,United Kingdom,GB,,,https://www.padelstars.co.uk/,https://www.facebook.com/padelstarsuk,,https://www.linkedin.com/company/padelstars-uk,,https://www.google.com/maps?cid=2877819124145285075,,4.6,10,"Monday: 8am-9pm, Tuesday: 8am-9pm, Wednesday: 8am-9pm, Thursday: 8am-9pm, Friday: 8am-9pm, Saturday: 8am-6pm, Sunday: 8am-6pm",https://lh3.googleusercontent.com/gps-cs-s/AG0ilSwftJTK6_WOIRz83zt90xTiL1aOZgINTclcG4rOx5mezO_U0cH0STfaVzSPM1P5qXcnn86Qe_yu342DuMK5kq9-TM8gKw5YPSQMV9W3-d_YDf6LXd61_dnFxsbPLsB_PB9IjAaiQk6tN7TB,,"Wheelchair-accessible car park, Wheelchair-accessible entrance, Wheelchair-accessible toilet, Toilet"
PadelStars UK,Sports club,Forest Rd,"Forest Rd, Denmead, Waterlooville PO7 6XP",Waterlooville,PO7 6XP,United Kingdom,GB,,,http://www.padelstars.co.uk/,https://www.facebook.com/padelstarsuk,,https://www.linkedin.com/company/padelstars-uk,,https://www.google.com/maps?cid=16704879886975259402,,,,,https://streetviewpixels-pa.googleapis.com/v1/thumbnail?panoid,,"Wheelchair-accessible car park, Toilet"
PadelUpClub,"Padel club, Service establishment",,,,,,,07904011702,,,,,,,https://www.google.com/maps?cid=13521036281206144971,,,,,,,
PadelwithPeter Coaching,"Padel club, Padel court, Personal trainer, Tennis instructor","Unit 1, Lodge Causeway Trading Estate","Unit 1, Lodge Causeway Trading Estate, Fishponds, Bristol BS16 3JB",Bristol,BS16 3JB,United Kingdom,GB,,,,,,,,https://www.google.com/maps?cid=11771989807663982519,,,,,https://lh3.googleusercontent.com/p/AF1QipPvlmzPPEIEVTeB1MQHXsXwgq3mdnwKJMRiZXJv,,"Wheelchair-accessible seating, Wheelchair-accessible toilet, Toilet, Wi-Fi, Swimming pool, LGBTQ+ friendly, Transgender safe space"
Padium Canary Wharf,"Padel club, Padel court, Sports club",10 Bank St,"10 Bank St, Canary Wharf Estate, London E14 4DE",London,E14 4DE,United Kingdom,GB,07950852054,hello@padium.com,http://www.padium.com/,https://www.facebook.com/padiumuk,,https://www.linkedin.com/company/padium,,https://www.google.com/maps?cid=7974691383373750641,,4.8,684,"Monday: 6am-12am, Tuesday: 6am-12am, Wednesday: 6am-12am, Thursday: 6am-12am, Friday: 6am-12am, Saturday: 6am-12am, Sunday: 6am-12am",https://lh3.googleusercontent.com/p/AF1QipNROZG-_M3p-7yGYOVWWK9QO4Bp1RYNcf6Zu2Cd,,"On-site services, Wheelchair-accessible entrance, Wheelchair-accessible toilet, Toilet, Wi-Fi, Swimming pool"
Padium Cardiff,Padel club,"Unit E&F, Cardiff Bay Retail Park, Ferry Rd","Unit E&F, Cardiff Bay Retail Park, Ferry Rd, Cardiff CF11 0JR",Cardiff,CF11 0JR,United Kingdom,GB,,hello@padium.com,https://padium.com/,https://www.facebook.com/padiumuk,,https://www.linkedin.com/company/padium,,https://www.google.com/maps?cid=8367754758221974671,,,,,https://lh3.googleusercontent.com/p/AF1QipMJOV-gA1t2jGPx2N7XiOkQB37eFiMBe8TnzoqS,,Toilet
Pala Padel London,Sportswear Shop,141 Salcott Rd,"141 Salcott Rd, London SW11 6DG",London,SW11 6DG,United Kingdom,GB,07538047849,,https://www.palapadelco.co.uk/?utm_source=google&utm_medium=wix_google_business_profile&utm_campaign=9523835068220923410,,,,,https://www.google.com/maps?cid=10671526360714497534,,,,,https://streetviewpixels-pa.googleapis.com/v1/thumbnail?panoid,,"Wheelchair-accessible entrance, Quick visit, Credit cards, Debit cards, NFC mobile payments"
PALETA CTG,"Clothing Shop, Padel club",47 Fairfield St,"47 Fairfield St, London SW18 1DX",London,SW18 1DX,United Kingdom,GB,,shop@paletactg.com,https://www.paletactg.com/,https://www.facebook.com/paletactg,,,https://x.com/paletactg,https://www.google.com/maps?cid=6285519694606839188,,,,"Monday: Open 24 hours, Tuesday: Open 24 hours, Wednesday: Open 24 hours, Thursday: Open 24 hours, Friday: Open 24 hours, Saturday: Open 24 hours, Sunday: Open 24 hours",https://streetviewpixels-pa.googleapis.com/v1/thumbnail?panoid,,"Credit cards, Debit cards, NFC mobile payments"
Park Sports Chiswick Tennis & Pickleball,"Tennis club, Cafe, Dog cafe, Netball club, Pickleball court, Tennis court, Tennis instructor, Tennis Shop","Park Sports Chiswick A4, Chiswick House Grounds, Great West Rd","Park Sports Chiswick A4, Chiswick House Grounds, Great West Rd, Chiswick, London W4 3EP",London,W4 3EP,United Kingdom,GB,02072241625,chiswick@parksports.co.uk,https://parksports.co.uk/venues/chiswick?utm_source=google&utm_medium=organic&utm_campaign=googlebusiness,https://www.facebook.com/parksportsuk,,https://www.linkedin.com/company/parksports,,https://www.google.com/maps?cid=10395613303605585951,,4.3,38,"Monday: 7am-9pm, Tuesday: 7am-9pm, Wednesday: 7am-9pm, Thursday: 7am-9pm, Friday: 7am-9pm, Saturday: 8am-4pm, Sunday: 8am-4pm",https://lh3.googleusercontent.com/p/AF1QipNaS79ajwrpbzmfzuoMnWf-uk6yHKR2HLAuAl0,,"On-site services, Wheelchair-accessible car park, Wheelchair-accessible entrance, Wheelchair-accessible seating, Toilet, Wi-Fi, LGBTQ+ friendly, Transgender safe space, Paid parking lot"
Park Sports Hyde Park,"Padel club, Dog cafe, Lawn bowls club, Sports club, Padel court, Football pitch, Table tennis facility, Tennis club, Tennis court, Tennis instructor","Hyde Park, Park Sports, S Carriage Dr","Hyde Park, Park Sports, S Carriage Dr, London W2 2UH",London,W2 2UH,United Kingdom,GB,02072241625,hyde@parksports.co.uk,https://parksports.co.uk/venues/hyde-park?utm_source=google&utm_medium=organic&utm_campaign=googlebusiness,https://www.facebook.com/parksportsuk,,https://www.linkedin.com/company/parksports,,https://www.google.com/maps?cid=15274762954425457846,,4.3,509,"Monday: 7am-9pm, Tuesday: 7am-9pm, Wednesday: 7am-9pm, Thursday: 7am-9pm, Friday: 7am-9pm, Saturday: 7am-9pm, Sunday: 7am-9pm",https://lh3.googleusercontent.com/p/AF1QipMmXji1Y2ia1CxaPrKcaav_XHGa8RsmBgL3QzPe,,"On-site services, Wheelchair-accessible car park, Wheelchair-accessible entrance, Wheelchair-accessible seating, Wheelchair-accessible toilet, Toilet, Wi-Fi, LGBTQ+ friendly, Transgender safe space"
Park Sports Lammas Park,"Sports club, Cafe, Dog cafe, Padel court, Football club, Football pitch, Tennis club, Tennis court, Tennis instructor, Tennis Shop","Park Sports Lammas Park, Ealing, Culmington Rd, Greater","Park Sports Lammas Park, Ealing, Culmington Rd, Greater, London W13 9NJ",London,W13 9NJ,United Kingdom,GB,02072241625,lammas@parksports.co.uk,https://parksports.co.uk/venues/lammas-park?utm_source=google&utm_medium=organic&utm_campaign=googlebusiness,https://www.facebook.com/parksportsuk,,https://www.linkedin.com/company/parksports,,https://www.google.com/maps?cid=17457760957204204005,https://parksports.co.uk/venues/lammas-park,4.2,125,"Monday: 8am-9pm, Tuesday: 8am-9pm, Wednesday: 8am-9pm, Thursday: 8am-9pm, Friday: 8am-9pm, Saturday: 8am-9pm, Sunday: 8am-9pm",https://lh3.googleusercontent.com/p/AF1QipO4VWw2jO9D1UOLkccN0Ck3hdbbLPsEk8S9aAx_,,"On-site services, Wheelchair-accessible entrance, Wheelchair-accessible seating, Toilet, Wi-Fi, LGBTQ+ friendly, Transgender safe space"
Park Sports The Regentôs Park,"Padel club, Cafe, Dog cafe, Tennis club, Padel court, Tennis court, Tennis instructor, Tennis Shop","The Regent's Park, Park Sports, York Bridge, Inner Cir","The Regent's Park, Park Sports, York Bridge, Inner Cir, London NW1 4NU",London,NW1 4NU,United Kingdom,GB,02072241625,regents@parksports.co.uk,https://parksports.co.uk/venues/regents-park?utm_source=google&utm_medium=organic&utm_campaign=googlebusiness,https://www.facebook.com/parksportsuk,,https://www.linkedin.com/company/parksports,,https://www.google.com/maps?cid=9943856245330185609,,4.4,408,"Monday: 7am-9pm, Tuesday: 7am-9pm, Wednesday: 7am-9pm, Thursday: 7am-9pm, Friday: 7am-9pm, Saturday: 7am-9pm, Sunday: 7am-9pm",https://lh3.googleusercontent.com/p/AF1QipP_FTYlsbDA9oyx3sCbXhGJLq_N5ThDlzkkjcoG,"Public tennis centre with 12 hard courts (8 floodlit), a sports shop, changing rooms and a cafe.","On-site services, Wheelchair-accessible car park, Wheelchair-accessible entrance, Wheelchair-accessible seating, Wheelchair-accessible toilet, Toilet, Wi-Fi, LGBTQ+ friendly, Transgender safe space"
PDL Padel United - Bushey,Padel club,"Bushey Grove Leisure Centre, Aldenham Rd","Bushey Grove Leisure Centre, Aldenham Rd, Bushey WD23 2TD",Bushey,WD23 2TD,United Kingdom,GB,07307678432,,https://www.padeluniteduk.com/,https://www.facebook.com/padeluniteduk,,,,https://www.google.com/maps?cid=17735284807026947204,,3.8,6,"Monday: 7am-10pm, Tuesday: 7am-10pm, Wednesday: 7am-10pm, Thursday: 7am-10pm, Friday: 7am-10pm, Saturday: 8am-7pm, Sunday: 8am-10pm",https://streetviewpixels-pa.googleapis.com/v1/thumbnail?panoid,,"Wheelchair-accessible car park, Wheelchair-accessible entrance, Toilet"
PDL Padel United - Chelmsford,Padel club,,"Great Baddow, recreation CM2 9RL",recreation,CM2 9RL,United Kingdom,GB,07960716465,,https://padeluniteduk.com/chelmsford-padel-club-2/,https://www.facebook.com/padeluniteduk,,,,https://www.google.com/maps?cid=7838625182412939544,,4.5,6,"Monday: 8am-10pm, Tuesday: 8am-10pm, Wednesday: 8am-10pm, Thursday: 8am-10pm, Friday: 8am-10pm, Saturday: 8am-10pm, Sunday: 9am-5pm",https://lh3.googleusercontent.com/gps-cs-s/AG0ilSxmhyfURifunr6nEgCRfXemoYpus46KJJuIddIADaSpfmvJRF_V4k3yow9WnF4QX8Xb4ULkdK93qI-ktOjpef_p0ZCD5oKOyjElmCk8yyPnL4Dj4IJI9rA21DHV9dRdzd1LklpCWabyiObE,,"On-site services, Wheelchair-accessible car park, Wheelchair-accessible entrance, Toilet"
PDL Padel United - Colchester,Sports club,Eudo Rd,"Eudo Rd, Colchester CO2 7XE",Colchester,CO2 7XE,United Kingdom,GB,07960716465,,https://padeluniteduk.com/colchester/,https://www.facebook.com/padeluniteduk,,,,https://www.google.com/maps?cid=14481392803884891206,,4.6,9,"Monday: 9:30am-9pm, Tuesday: 9:30am-9pm, Wednesday: 9:30am-9pm, Thursday: 9:30am-9pm, Friday: 9:30am-9pm, Saturday: 9:30am-7pm, Sunday: 9:30am-7pm",https://lh3.googleusercontent.com/p/AF1QipPsqBFw2PpFK1QKn7pf5I_RoofpvGyPWmXwu2WG,,"Wheelchair-accessible car park, Wheelchair-accessible entrance, Toilet"
PDL Padel United - Maldon,Padel club,Padel United,"Padel United, Maldon CM9 5UR",Maldon,CM9 5UR,United Kingdom,GB,07960716465,,http://www.padeluniteduk.com/,https://www.facebook.com/padeluniteduk,,,,https://www.google.com/maps?cid=8524062006130081474,,4.9,39,"Monday: 8am-10pm, Tuesday: 8am-10pm, Wednesday: 8am-10pm, Thursday: 8am-10pm, Friday: 8am-10pm, Saturday: 8am-10pm, Sunday: 8am-10pm",https://lh3.googleusercontent.com/gps-cs-s/AG0ilSzphBUrSGfBclY4ab_5t8A1KP7Fh7ct1x0CxF8BylnoyPmWhQdq-PSsYRhn32VkCW1gnqct_s6dOp-9R5odDsjJFHGWet0be-RR3NfsRHRsYNTxHq45Jr6gDM4jGDFR2ZG5VdlwSw,,"Wheelchair-accessible car park, Wheelchair-accessible entrance, Toilet"
PDL Padel United - Plymouth,Padel club,"university, marjon","university, marjon, Plymouth PL6 8BH",Plymouth,PL6 8BH,United Kingdom,GB,07307678432,,http://www.padeluniteduk.com/,https://www.facebook.com/padeluniteduk,,,,https://www.google.com/maps?cid=2894223194128154807,,5,3,,https://streetviewpixels-pa.googleapis.com/v1/thumbnail?panoid,,"Wheelchair-accessible car park, Toilet"
PDL Padel United - Stansted,Sports club,"Leisure Centre, Forest Hall Road Romeera","Leisure Centre, Forest Hall Road Romeera, Stansted CM24 8TZ",Stansted,CM24 8TZ,United Kingdom,GB,07960716465,,https://www.padeluniteduk.com/,https://www.facebook.com/padeluniteduk,,,,https://www.google.com/maps?cid=3685513187974655629,,,,,,,Toilet
PDL Padel United - Torquay,Padel club,Chestnut Ave,"Chestnut Ave, Torquay TQ2 5LZ",Torquay,TQ2 5LZ,United Kingdom,GB,,,https://www.padeluniteduk.com/,https://www.facebook.com/padeluniteduk,,,,https://www.google.com/maps?cid=10876807534021233953,,5,6,"Monday: 9am-7pm, Tuesday: 9am-7pm, Wednesday: 9am-7pm, Thursday: 9am-7pm, Friday: 9am-7pm, Saturday: 9am-7pm, Sunday: 9am-7pm",https://lh3.googleusercontent.com/gps-cs-s/AG0ilSzTrgnEtaj1h4s0rhZIehwlIplwooF1wxoNIGBYVCruoIe0EvUdEOLNGAMnsgK10s3McXe6TJeodjTZZR6mtf5KH6F9rxEA8DXguGCpmsUEiD_i7biSxh2S8VfdyJq56YCoWMKh33dLimw,,"Wheelchair-accessible car park, Wheelchair-accessible entrance, Toilet"
PDL Padel United - Wirral,Padel club,Port Sunlight Lawn Tennis Club,"Port Sunlight Lawn Tennis Club, Bromborough, Wirral CH62 3QX",Wirral,CH62 3QX,United Kingdom,GB,,,https://www.padeluniteduk.com/,https://www.facebook.com/padeluniteduk,,,,https://www.google.com/maps?cid=2141214067855340710,,4.4,7,"Monday: 8am-10pm, Tuesday: 8am-10pm, Wednesday: 8am-10pm, Thursday: 8am-10pm, Friday: 8am-10pm, Saturday: 8am-10pm, Sunday: 8am-10pm",,,"Wheelchair-accessible car park, Wheelchair-accessible entrance, Toilet"
Peak Pickleball Sheffield,"Sports complex, Cafe, Sports club",220 Newhall Rd,"220 Newhall Rd, Sheffield S9 2QL",Sheffield,S9 2QL,United Kingdom,GB,,peakpickleballsheffield@gmail.com,https://www.peakpickleballsheffield.co.uk/,https://www.facebook.com/peakpickleballsheffield,,,,https://www.google.com/maps?cid=11586464249814590901,,5,24,"Monday: 4-9pm, Tuesday: 10am-9pm, Wednesday: 10am-9pm, Thursday: 11am-9pm, Friday: 10am-9pm, Saturday: 9am-6pm, Sunday: 9am-6pm",https://lh3.googleusercontent.com/p/AF1QipOXMzJH0bYHcr8xpCg_Ddh5esbcHVfkh82z0T5n,,"On-site services, Wheelchair-accessible car park, Wheelchair-accessible entrance, Wheelchair-accessible toilet, Assistive hearing loop (no), Gender-neutral toilets, Credit cards, Free of charge street parking, On-site parking"
Pearce Padel,Padel club,Marsh Ln,"Marsh Ln, Bristol BS39 6TS",Bristol,BS39 6TS,United Kingdom,GB,07904061301,stephenfpearce@googlemail.com,https://bookwhen.com/pearcepadel,https://www.facebook.com/profile.php,,,,https://www.google.com/maps?cid=7076803788511988539,,,,"Monday: 8am-9pm, Tuesday: 8am-9pm, Wednesday: 8am-9pm, Thursday: 8am-9pm, Friday: 8am-9pm, Saturday: 8am-8pm, Sunday: 8am-8pm",https://lh3.googleusercontent.com/p/AF1QipO71UulDpWWjXbGBBjnKenrl9UGY7kzZIpkRBSd,,"Wheelchair-accessible car park, Toilet"
Pendle Padel Club,Sports club,1 Lindred Rd,"1 Lindred Rd, Brierfield, Nelson BB9 5SR",Nelson,BB9 5SR,United Kingdom,GB,07926903325,,https://www.pendlepadelclub.co.uk/,,,,,https://www.google.com/maps?cid=7212888644782818090,https://playtomic.com/,4.9,12,"Monday: 6am-12am, Tuesday: 6am-12am, Wednesday: 6am-12am, Thursday: 6am-12am, Friday: 6am-12am, Saturday: 6am-12am, Sunday: 6am-12am",https://lh3.googleusercontent.com/p/AF1QipN5XnzobkfqyzpyED9IoRv_dk49gemC-YKkWMFi,,"Wheelchair-accessible car park, Toilet, Wi-Fi, Free of charge street parking, On-site parking"
Performance Padel,Padel court,Unit 1 Caxton Rd,"Unit 1 Caxton Rd, Fulwood, Preston PR2 9ZB",Preston,PR2 9ZB,United Kingdom,GB,07900167435,info@performancepadelclubs.co.uk,https://performancepadelclubs.co.uk/,,,https://www.linkedin.com/company/performance-padel-clubs/,,https://www.google.com/maps?cid=5040564265381462415,,5,32,"Monday: 6am-11pm, Tuesday: 6am-11pm, Wednesday: 6am-11pm, Thursday: 6am-11pm, Friday: 6am-11pm, Saturday: 6am-11pm, Sunday: 6am-11pm",https://lh3.googleusercontent.com/p/AF1QipMNI_Cke72-SZN4_G8zm3Bi17mxAl5Budqy6Q_e,,"Wheelchair-accessible car park, Credit cards, Debit cards"
PH Padel,Sporting Goods Shop,12 Bush Hill,"12 Bush Hill, London EN1 2HB",London,EN1 2HB,United Kingdom,GB,02088193149,,https://www.ph-tennis.co.uk/padel,,,,,https://www.google.com/maps?cid=17063937452560484983,,5,8,"Monday: 10am-6pm, Tuesday: 10am-6pm, Wednesday: 10am-6pm, Thursday: 10am-6pm, Friday: 10am-6pm, Saturday: 9am-4pm, Sunday: Closed",https://lh3.googleusercontent.com/p/AF1QipMbq4eyNfelrdp3lKwEAwMkC6gAV3wdzWwVYHEt,,"Delivery, In-store pick-up, In-store shopping, Credit cards, Debit cards, NFC mobile payments, Credit cards"
Phoenix Fitness Centre and Janet Adegoke Swimming Pool,"Leisure centre, Badminton court, Basketball court, Fitness centre, Gym, Pickleball court, Public swimming pool, Sports complex, Swimming pool, Swimming school",Bloemfontein Rd,"Bloemfontein Rd, London W12 7DB",London,W12 7DB,United Kingdom,GB,02087354900,phoenix@gll.org,https://www.better.org.uk/leisure-centre/london/hammersmith-and-fulham/phoenix-fitness-centre-and-janet-adegoke-swimming-pool?utm_source=google&utm_medium=organic&utm_campaign=google_my_business,https://www.facebook.com/betteruk/,https://www.instagram.com/better_uk/,,"https://x.com/gll_uk, https://twitter.com/better_uk",https://www.google.com/maps?cid=16650363067120985046,,3.7,515,"Monday: 6:30am-9:30pm, Tuesday: 6:30am-9:30pm, Wednesday: 6:30am-9:30pm, Thursday: 6:30am-9:30pm, Friday: 6:30am-9:30pm, Saturday: 8am-5pm, Sunday: 8am-5pm",https://lh3.googleusercontent.com/p/AF1QipN1rNGbsrnRWdgdOX9pFbDyJRytM16HiwLh2ztm,,"On-site services, Wheelchair-accessible car park, Wheelchair-accessible entrance"
PICKLEBALL CENTRAL UK,Tennis court,"Tipton Sports Academy, Wednesbury Oak Rd","Tipton Sports Academy, Wednesbury Oak Rd, Tipton DY4 0BS",Tipton,DY4 0BS,United Kingdom,GB,07528346176,pickleballcentraluk@gmail.com,http://pickleballcentraluk.com/,https://www.facebook.com/shrewsburypickleball,,,,https://www.google.com/maps?cid=4377604526770134564,,,,,https://streetviewpixels-pa.googleapis.com/v1/thumbnail?panoid,,
PICKLEBALL CENTRAL UK,Tennis court,"VW ACTIVE LEISURE CENTRE, Aldersley Rd","VW ACTIVE LEISURE CENTRE, Aldersley Rd, Aldersley, Wolverhampton WV6 9NW",Wolverhampton,WV6 9NW,United Kingdom,GB,07528346176,pickleballcentraluk@gmail.com,http://pickleballcentraluk.com/,https://www.facebook.com/shrewsburypickleball,,,,https://www.google.com/maps?cid=11941716533411622686,,,,,,,
PICKLEBALL CENTRAL UK,Tennis court,"LANGLEY SCHOOL, THE, Duce Dr","LANGLEY SCHOOL, THE, Duce Dr, Telford TF4 3JS",Telford,TF4 3JS,United Kingdom,GB,07528346176,pickleballcentraluk@gmail.com,http://pickleballcentraluk.com/,https://www.facebook.com/shrewsburypickleball,,,,https://www.google.com/maps?cid=7333566740875985822,,,,,https://streetviewpixels-pa.googleapis.com/v1/thumbnail?panoid,,
PICKLEBALL CENTRAL UK,Tennis court,"CHESWARDINE PARISH HALL, Podmore Rd","CHESWARDINE PARISH HALL, Podmore Rd, Market Drayton TF9 2RS",Market Drayton,TF9 2RS,United Kingdom,GB,07528346176,pickleballcentraluk@gmail.com,http://pickleballcentraluk.com/,https://www.facebook.com/shrewsburypickleball,,,,https://www.google.com/maps?cid=14425915842135977837,,,,,https://streetviewpixels-pa.googleapis.com/v1/thumbnail?panoid,,
PICKLEBALL CENTRAL UK,Tennis court,"MAURICE CHANDLER LEISURE CENTRE, Warrant Rd","MAURICE CHANDLER LEISURE CENTRE, Warrant Rd, Market Drayton TF9",Market Drayton,TF9,United Kingdom,GB,07528346176,pickleballcentraluk@gmail.com,http://pickleballcentraluk.com/,https://www.facebook.com/shrewsburypickleball,,,,https://www.google.com/maps?cid=6355047803364120253,,,,,https://lh3.googleusercontent.com/gps-cs-s/AG0ilSxvAoE0HQqQ2zeMDsXSLDBdTo5SseQbkV3fBuxB5hqT-bNJmTHD3bs_NRr71IoszLp5EwNlgAbztmNePKt2lVGO3CBvjqkK6aLwYNm2I6srs_FlEyu_q6_HKcT6AhkvkUt2mH4,,Wheelchair-accessible car park
PICKLEBALL CENTRAL UK,Tennis court,Shrewsbury Rd,"Shrewsbury Rd, Bomere Heath, Shrewsbury SY4 3PD",Shrewsbury,SY4 3PD,United Kingdom,GB,07528346176,pickleballcentraluk@gmail.com,http://pickleballcentraluk.com/,https://www.facebook.com/shrewsburypickleball,,,,https://www.google.com/maps?cid=12951285145624055324,,,,,https://streetviewpixels-pa.googleapis.com/v1/thumbnail?panoid,,
PICKLEBALL CENTRAL UK,Tennis court,,"218 Sundorne Rd, Shrewsbury SY1 4RG",Shrewsbury,SY1 4RG,United Kingdom,GB,07528346176,pickleballcentraluk@gmail.com,http://pickleballcentraluk.com/,https://www.facebook.com/shrewsburypickleball,,,,https://www.google.com/maps?cid=2305096169050075237,,,,,,,
Pickleball Coalville,Gym,Stephenson Way,"Stephenson Way, Coalville LE67 3FE",Coalville,LE67 3FE,United Kingdom,GB,01530382950,info@pickleballcoalville.co.uk,https://pickleballcoalville.co.uk/,"https://www.facebook.com/, https://www.facebook.com/profile.php",,,,https://www.google.com/maps?cid=3873153452985791947,,,,"Monday: Closed, Tuesday: Closed, Wednesday: 7-9pm, Thursday: Closed, Friday: 6-7pm, Saturday: 8:30-9:30am, Sunday: Closed",https://lh3.googleusercontent.com/p/AF1QipOZbUa4WMgm9jKBuyapFvUxdy-M8pPRM3ii_lK4,,"On-site services, Online classes (no), Wheelchair-accessible car park, Toilet, Swimming pool, Shower, Free parking lot"
Pickleball Complete,Sporting Goods Shop,"Knaves Ash House, Church Rd","Knaves Ash House, Church Rd, Canterbury CT3 4JT",Canterbury,CT3 4JT,United Kingdom,GB,01227860348,,https://pickleballcomplete.co.uk/,,,,,https://www.google.com/maps?cid=10675209448688466530,,5,3,"Monday: 9am-5pm, Tuesday: 9am-5pm, Wednesday: 9am-5pm, Thursday: 9am-5pm, Friday: 9am-5pm, Saturday: Closed, Sunday: Closed",https://streetviewpixels-pa.googleapis.com/v1/thumbnail?panoid,,"Wheelchair-accessible car park, Quick visit, Credit cards, Debit cards, NFC mobile payments, Credit cards"
Pickleball Doncaster,Pickleball court,Unit 16 Shaw Wood Way,"Unit 16 Shaw Wood Way, Doncaster DN2 5TB",Doncaster,DN2 5TB,United Kingdom,GB,01302731360,pickleballdoncaster@gmail.com,https://pickleballdoncaster.co.uk/,,,,,https://www.google.com/maps?cid=5843768381511911586,,5,7,"Monday: 9am-9pm, Tuesday: 9am-9pm, Wednesday: 9am-9pm, Thursday: 9am-9pm, Friday: 9am-9pm, Saturday: 10am-4pm, Sunday: 10am-4pm",https://lh3.googleusercontent.com/gps-cs-s/AG0ilSwMgXFXq9JprZFT5lT4h4sns0NiiwpF8CIHKu4RLUa689h-x5A_3uqQf96dnpoHr06-TH_6w3wE1wZA1zIIsV3PutRxjrqWVlV2Q2sU8oXwScwv-cbwxXM8BjJk2AECqADeaW7jiw,,"Wheelchair-accessible car park, Wheelchair-accessible entrance, Credit cards, Debit cards"
Pickleball Leicester,Sports club,"Kenwood Rd, Carisbrooke Rd","Kenwood Rd, Carisbrooke Rd, Leicester LE2 3PF",Leicester,LE2 3PF,United Kingdom,GB,07305187820,pickleball4leicester@gmail.com,https://www.pickleball-leicester.com/,,,,,https://www.google.com/maps?cid=6975484863551955572,,,,"Monday: 9am-9:30pm, Tuesday: 9am-9:30pm, Wednesday: 9am-9:30pm, Thursday: 9am-9:30pm, Friday: 9am-9:30pm, Saturday: 9am-9:30pm, Sunday: 9am-9:30pm",https://lh3.googleusercontent.com/gps-cs-s/AG0ilSx2no9MRYvopKEiTNi-b2bKAMAhPzY99miuTXMB9EsEBO3wKKsUDKNOx2uZ4l5vv-OJMy4viRBDZL9ZqzIMDgPES5ZtJxjbtPQUXuFOmpEIavNcWu7hUltomuJB2fKNVYpY7-74qw,,Toilet
Pickleball Liverpool,"Coaching center, Service establishment",,,,,,,07480733330,info@pickleball-liverpool.co.uk,https://www.pickleball-liverpool.co.uk/?utm_source=google&utm_medium=wix_google_business_profile&utm_campaign=6097991431170194406,"https://www.facebook.com/wix, https://www.facebook.com/liverpoolpickleball","https://www.instagram.com/liverpoolpickleball, https://www.instagram.com/wix",,,https://www.google.com/maps?cid=10388088485015262640,,5,4,"Monday: 5:30-7pm, Tuesday: 10-11:30am, Wednesday: 10-11am, Thursday: 5-8pm, Friday: Closed, Saturday: Closed, Sunday: Closed",https://lh3.googleusercontent.com/p/AF1QipNoeRWVQIFnyCbRBfYD__QG2CA4d1IoaxQV3v9F,,
PIckleball Moonfleet,Badminton club,Fleet Rd,"Fleet Rd, Weymouth DT3 4ED",Weymouth,DT3 4ED,United Kingdom,GB,07970674778,,,,,,,https://www.google.com/maps?cid=9868702705473105132,,,,Tuesday: 10am-4pm,,,"Wheelchair-accessible car park, Wheelchair-accessible entrance, Toilet"
Pickleball Nottingham,Sports club,"Club, Mapperley Park Tennis, Carisbrooke Dr","Club, Mapperley Park Tennis, Carisbrooke Dr, Nottingham NG3 5DS",Nottingham,NG3 5DS,United Kingdom,GB,07768514707,pickleballnottingham@gmail.com,https://pickleballnottingham.com/,https://www.facebook.com/pickleballnottingham,,,https://x.com/pickleballnotts,https://www.google.com/maps?cid=4301771694133165269,,4.9,42,"Monday: 9am-9pm, Tuesday: 9am-9pm, Wednesday: 9am-6pm, Thursday: 9am-6pm, Friday: 9am-6pm, Saturday: 9am-6pm, Sunday: 9am-6pm",https://lh3.googleusercontent.com/p/AF1QipNHAqAhXKd-I7aC3s3VeBGPY-BlY88eTSDkddcU,,"Identifies as women-owned, Wheelchair-accessible car park, Toilet"
Pickleball People,"Sports club, Coaching center, Sporting Goods Shop",Brodder Cottages,"Brodder Cottages, Market Drayton TF9 2PL",Market Drayton,TF9 2PL,United Kingdom,GB,07843244190,harold@pickleballpeople.co.uk,http://www.pickleballpeople.co.uk/,https://www.facebook.com/profile.php,,,https://twitter.com/pickleballpeopl,https://www.google.com/maps?cid=14121609099243565369,,5,12,"Monday: Open 24 hours, Tuesday: Open 24 hours, Wednesday: Open 24 hours, Thursday: Open 24 hours, Friday: Open 24 hours, Saturday: Open 24 hours, Sunday: Open 24 hours",https://lh3.googleusercontent.com/gps-cs-s/AG0ilSyqOEoGKB58TChRYZxWut6-z-GQs2MZ2JpetAgOsoUsJlUO9SEiyJityVcEsbZmEcJrSzrZeTLBb7G8Ln8xlDRPannHb4n2gY4Q-6-9QaJJcAysPYVPeh_sWP29U533LI4v6Plv,,"Wheelchair-accessible car park, Toilet"
Pickleball Social,Sports club,"Harris Academy Clapham, 33 Clarence Ave","Harris Academy Clapham, 33 Clarence Ave, London SW4 8LD",London,SW4 8LD,United Kingdom,GB,07825563018,daniel@pickleballsocial.co.uk,https://pickleballsocial.co.uk/london,https://www.facebook.com/profile.php,,,,https://www.google.com/maps?cid=17935267042598519521,,5,35,"Monday: Closed, Tuesday: 8:30-10pm, Wednesday: Closed, Thursday: Closed, Friday: 7:30-9:30pm, Saturday: Closed, Sunday: 10am-2pm",https://lh3.googleusercontent.com/p/AF1QipMbXbrFgub0TdIt4qi5DDJoYLQuVI57dSA_y4Gl,,Toilet
Pickleball Social Richmond,Sports club,"Orleans Park School, Richmond Rd","Orleans Park School, Richmond Rd, Twickenham TW1 3BA",Twickenham,TW1 3BA,United Kingdom,GB,07825563018,daniel@pickleballsocial.co.uk,https://pickleballsocial.co.uk/london/richmond/,https://www.facebook.com/profile.php,,,,https://www.google.com/maps?cid=1693840972896336589,,,,"Monday: Closed, Tuesday: Closed, Wednesday: Closed, Thursday: Closed, Friday: Closed, Saturday: Closed, Sunday: 2-5pm",,,Toilet
pickleballENGLAND,Association / Organization,,"The Oaks, The St BN26 6UD",Polegate,BN26 6UD,United Kingdom,GB,,info@pickleballengland.org,https://pickleballengland.org/,https://www.facebook.com/pickleballengland,https://www.instagram.com/englandpickleball,https://www.linkedin.com/company/pickleballengland,,https://www.google.com/maps?cid=4148669950826448057,,5,14,"Monday: Open 24 hours, Tuesday: Open 24 hours, Wednesday: Open 24 hours, Thursday: Open 24 hours, Friday: Open 24 hours, Saturday: Open 24 hours, Sunday: Open 24 hours",https://lh3.googleusercontent.com/p/AF1QipOcIMaKT0S3ZnL1xqPU_-2Us_NxMlpSi8K_di3S,,
Picklecourts,Pickleball court,3a Royal Parade,"3a Royal Parade, Hindhead GU26 6TD",Hindhead,GU26 6TD,United Kingdom,GB,07769975097,info@picklecourts.co.uk,https://www.picklecourts.co.uk/,https://www.facebook.com/picklecourts,,,https://twitter.com/picklecourts,https://www.google.com/maps?cid=18277838726508881115,,,,"Monday: 9am-5pm, Tuesday: 9am-5pm, Wednesday: 9am-5pm, Thursday: 9am-5pm, Friday: 9am-5pm, Saturday: Closed, Sunday: Closed",https://lh3.googleusercontent.com/p/AF1QipNh4D7pnOKjNU-tzKkU4Ikcs56SO8-mZAUhFUz0,,
Pickwick Cricket & Padel Club,Sports complex,Park Ln,"Park Ln, West Bromwich B21 8LE",West Bromwich,B21 8LE,United Kingdom,GB,07418032492,bookings@pickwickcricketcentre.co.uk,https://pickwickcricketandpadelclub.co.uk/,https://www.facebook.com/pickwickcricketcentre,,,,https://www.google.com/maps?cid=11714640869790767750,,4.8,42,"Monday: 8am-1am, Tuesday: 8am-1am, Wednesday: 8am-1am, Thursday: 8am-1am, Friday: 8am-1am, Saturday: 8am-1am, Sunday: 8am-1am",https://lh3.googleusercontent.com/p/AF1QipPwk7qzRb15F72DLEuBkLd9-81PG1dxFI5AZjj-,,
Platform 26 Padel,Padel club,Waterfront Way,"Waterfront Way, Chatham ME4 4JT",Chatham,ME4 4JT,United Kingdom,GB,,info@platform26padel.co.uk,https://platform26padel.co.uk/,https://www.facebook.com/profile.php,,,,https://www.google.com/maps?cid=426203520734931318,https://platform26padel.co.uk/book-now/,5,10,"Monday: 8am-10pm, Tuesday: 8am-10pm, Wednesday: 8am-10pm, Thursday: 8am-10pm, Friday: 8am-10pm, Saturday: 8am-10pm, Sunday: 8am-10pm",https://lh3.googleusercontent.com/p/AF1QipOOmRgHI-mQCEJ79J44jHS7AYqalfO7Uta0HEtB,,"On-site services, Toilet, On-site parking"
Platform Padel,Sports club,"Unit 1, Alnwick Station","Unit 1, Alnwick Station, Alnwick NE66 2NP",Alnwick,NE66 2NP,United Kingdom,GB,07922277350,platformpadel1@gmail.com,https://www.platformpadel.co.uk/,https://www.facebook.com/profile.php,,,,https://www.google.com/maps?cid=17256640690617472051,https://playtomic.com/clubs/ben-courty,5,8,Tuesday: 6am-10pm,,,"Wheelchair-accessible car park, Wheelchair-accessible toilet, Toilet, On-site parking"
Play Padel Club : Deal,"Padel club, Padel court, Sports club",Park Ave,"Park Ave, Deal CT14 9UU",Deal,CT14 9UU,United Kingdom,GB,07845875379,info@playpadelclub.co.uk,http://www.playpadelclub.co.uk/,https://www.facebook.com/profile.php,,,,https://www.google.com/maps?cid=12017980544491978375,,5,1,"Monday: 7am-10pm, Tuesday: 7am-10pm, Wednesday: 7am-10pm, Thursday: 7am-10pm, Friday: 7am-10pm, Saturday: 7am-10pm, Sunday: 7am-10pm",https://lh3.googleusercontent.com/p/AF1QipNbGORYF4CxLIHcongjZO8v6V3_hd2XkM9rDE4,,"Wheelchair-accessible car park, Toilet, Free parking lot, Paid street parking"
Play Padel Grendon,Padel club,"Grendon Hall, 67 Main Rd","Grendon Hall, 67 Main Rd, Grendon, Northampton NN7 1JW",Northampton,NN7 1JW,United Kingdom,GB,07899153040,,https://www.playpadelgrendon.com/,,,,,https://www.google.com/maps?cid=6392031402864102612,,5,1,"Monday: 8am-10pm, Tuesday: 8am-10pm, Wednesday: 8am-10pm, Thursday: 8am-10pm, Friday: 8am-10pm, Saturday: 8am-10pm, Sunday: 8am-10pm",https://lh3.googleusercontent.com/p/AF1QipPUph2rto7rvRqluhLn5Ib1rpXiKG6Bvz4tH7Sv,,Toilet
Play Padel Sheffield,Padel club,"Abbeydale Tennis Club, Abbeydale Rd S","Abbeydale Tennis Club, Abbeydale Rd S, Sheffield S17 3LJ",Sheffield,S17 3LJ,United Kingdom,GB,07932421568,alex@playpadelgroup.com,https://www.playpadelgroup.com/,,,,,https://www.google.com/maps?cid=2264071669401046428,,5,40,"Monday: 6am-11pm, Tuesday: 6am-11pm, Wednesday: 6am-11pm, Thursday: 6am-11pm, Friday: 6am-11pm, Saturday: 6am-11pm, Sunday: 6am-11pm",https://lh3.googleusercontent.com/p/AF1QipPP35YeCsMYTx7HEoTGIN1vH-clXKZpzpM83Gr4,,"Wheelchair-accessible car park, Wheelchair-accessible entrance, Wheelchair-accessible toilet, Toilet"
Playtime Padel Club,Padel court,"Barn Elms Sports Centre, Queen Elizabeth Walk","Barn Elms Sports Centre, Queen Elizabeth Walk, London SW13 0DG",London,SW13 0DG,United Kingdom,GB,07917564490,info@playtimepadel.com,https://www.playtimepadelclub.com/,,https://www.instagram.com/wix,,,https://www.google.com/maps?cid=7420848668425885577,,4.5,26,"Monday: 8am-9pm, Tuesday: 8am-9pm, Wednesday: 8am-9pm, Thursday: 8am-9pm, Friday: 8am-6pm, Saturday: 9am-6pm, Sunday: 9am-6pm",https://lh3.googleusercontent.com/p/AF1QipOnL4Fowgkr66OOepjekzWztcEeZTywlvGS1wgh,,"Wheelchair-accessible entrance, Credit cards, Debit cards, NFC mobile payments"
Playtime Padel Kingston,Padel court,"Hawker Centre, Lower Ham Road YMCA","Hawker Centre, Lower Ham Road YMCA, Kingston upon Thames KT2 5BH",Kingston upon Thames,KT2 5BH,United Kingdom,GB,07917564490,info@playtimepadel.com,https://www.playtimepadelclub.com/,,https://www.instagram.com/wix,,,https://www.google.com/maps?cid=15742221035352586232,,4.6,13,"Monday: 7am-9pm, Tuesday: 7am-9pm, Wednesday: 7am-9pm, Thursday: 7am-9pm, Friday: 7am-8pm, Saturday: 8am-6pm, Sunday: 8am-6pm",https://lh3.googleusercontent.com/p/AF1QipN_PobhbkHXtsZfLitHd0LkdlsPoArEL5_DOGzR,,"Wheelchair-accessible entrance, Debit cards, NFC mobile payments"
Playtime Padel Tolworth,Padel court,"Tolworth Recreation Centre, Fullers Way N","Tolworth Recreation Centre, Fullers Way N, Tolworth, Surrey KT6 7LQ",Surrey,KT6 7LQ,United Kingdom,GB,07917564490,info@playtimepadel.com,https://www.playtimepadelclub.com/,,https://www.instagram.com/wix,,,https://www.google.com/maps?cid=14760720888382362919,,5,11,"Monday: 6:30am-9:30pm, Tuesday: 6:30am-9:30pm, Wednesday: 6:30am-9:30pm, Thursday: 6:30am-9:30pm, Friday: 6:30am-9:30pm, Saturday: 8am-5pm, Sunday: 8am-5pm",https://lh3.googleusercontent.com/p/AF1QipPXOrhL2Kh_7riU1zCXZ1tugG9rkF7VPDfoH3qj,,"Wheelchair-accessible car park, Credit cards, Debit cards, NFC mobile payments"
Playtime Padel Tooting,Padel court,"Playtime Padel Tooting, Furzedown Recreation centre, Ramsdale Rd","Playtime Padel Tooting, Furzedown Recreation centre, Ramsdale Rd, London SW17 9BP",London,SW17 9BP,United Kingdom,GB,07917564490,info@playtimepadel.com,https://www.playtimepadelclub.com/,,https://www.instagram.com/wix,,,https://www.google.com/maps?cid=9599262291972324074,,5,1,"Monday: 5-9pm, Tuesday: 5-9pm, Wednesday: 5-9pm, Thursday: 5-9pm, Friday: 5-9pm, Saturday: 10am-4pm, Sunday: 10am-4pm",https://lh3.googleusercontent.com/p/AF1QipMELKXvZ4h5OA8daYtSHJAMw2tg4GlSSwhCypKQ,,
PodGolf @ Ilford Rocket Padel,Golf club,"Wellness suite, The Drive","Wellness suite, The Drive, Ilford IG1 3PS",Ilford,IG1 3PS,United Kingdom,GB,07783629698,hello@podgolf.co.uk,https://www.podgolf.co.uk/find-a-pod-near-you,,,,,https://www.google.com/maps?cid=8035036832491195835,,5,2,"Monday: 7am-11pm, Tuesday: 7am-11pm, Wednesday: 7am-11pm, Thursday: 7am-11pm, Friday: 7am-11pm, Saturday: 7am-11pm, Sunday: 7am-11pm",,,"Toilet, Credit cards, Debit cards, NFC mobile payments"
Podington Padel,Padel club,"Greys Farm, Wymington Rd","Greys Farm, Wymington Rd, Podington, Wellingborough NN29 7HP",Wellingborough,NN29 7HP,United Kingdom,GB,07441112244,,https://www.matchi.se/facilities/podingtonpadel,https://www.facebook.com/matchisports,https://www.instagram.com/matchisports,https://www.linkedin.com/company/matchi,,https://www.google.com/maps?cid=3864760551995099562,,,,"Monday: 7am-10pm, Tuesday: 7am-10pm, Wednesday: 7am-10pm, Thursday: 7am-10pm, Friday: 7am-10pm, Saturday: 7am-10pm, Sunday: 7am-10pm",https://lh3.googleusercontent.com/p/AF1QipNCMi1RhdeKRbcGXDvq-oGJpGa2gxzJRewulrvC,,Toilet
Pompey Picklers,Pickleball court,,"Cambridge Rd, Portsmouth PO1 2SE",Portsmouth,PO1 2SE,United Kingdom,GB,,,,,,,,https://www.google.com/maps?cid=16659226387476448621,,,,,,,
Ponteland Pickleball,Pickleball court,Ponteland Leisure Centre,"Ponteland Leisure Centre, Ponteland, Newcastle upon Tyne NE20 9EG",Newcastle upon Tyne,NE20 9EG,United Kingdom,GB,,info@pontelandpickleball.co.uk,http://www.pontelandpickleball.co.uk/,https://www.facebook.com/pontelandpickleball,,,,https://www.google.com/maps?cid=908852220667314696,,,,"Monday: Closed, Tuesday: 6-7:30pm, Wednesday: 8-9:30pm, Thursday: Closed, Friday: 7:30-9pm, Saturday: Closed, Sunday: Closed",https://streetviewpixels-pa.googleapis.com/v1/thumbnail?panoid,,"Wheelchair-accessible car park, Wheelchair-accessible entrance, Free parking lot"
Poppleton LTC Padel Court,Sports club,96 Main St,"96 Main St, Upper Poppleton, Nether Poppleton, York YO26 6JU",York,YO26 6JU,United Kingdom,GB,,,,,,,,https://www.google.com/maps?cid=10210786617606712057,,5,1,,https://lh3.googleusercontent.com/gps-cs-s/AG0ilSySipUn-JasHnpkXRLmzIxFnzqYQg32yQ13TJSJDoEVbX_QfikBkOCqA7wu7vNdEasKUef8LbZLxHXCN7G27qNT9WQ6VYzPnPq07xppPRp1YJOdLUswar_xx9oSMut0bNEFOEp4rCMXSEu1,,
Power Pickleball,Sports club,"Leasowes High School, Sports Centre","Leasowes High School, Sports Centre, Halesowen B62 8PJ",Halesowen,B62 8PJ,United Kingdom,GB,07583005823,contact@powerpickleball.co.uk,https://powerpickleball.co.uk/,https://www.facebook.com/people/power-pickleball/61577195421286,,,,https://www.google.com/maps?cid=7187152612010635536,,5,8,"Monday: Closed, Tuesday: 8-9pm, Wednesday: Closed, Thursday: Closed, Friday: Closed, Saturday: 2-4pm, Sunday: Closed",https://lh3.googleusercontent.com/p/AF1QipMjYbKJJ-sHa7vvQw3Dr-fWj8eE8euAEGhO3zw4,,Toilet
Powerleague Birmingham,"Sports complex, Children's party service, Events Venue, Football Club, Function room facility, Padel club, Padel court, Summer camp organizer","Salford Stadium, Lichfield Rd","Salford Stadium, Lichfield Rd, Birmingham B6 7TG",Birmingham,B6 7TG,United Kingdom,GB,01213284842,birmingham@powerleague.com,https://www.powerleague.com/location/birmingham,https://www.facebook.com/powerleague,,https://www.linkedin.com/company/powerleague,https://twitter.com/powerleagueuk,https://www.google.com/maps?cid=13442401753126797847,,4.4,1083,"Monday: 9am-12am, Tuesday: 9am-12am, Wednesday: 9am-12am, Thursday: 9am-12am, Friday: 9am-12am, Saturday: 9am-12am, Sunday: 9am-12am",https://lh3.googleusercontent.com/p/AF1QipNemNeNr4muUy5ol48g_LcPZAqSIX4_MIFrvmmL,Football chain with outdoor 5- or 7-a-side pitches and organised league facilities.,"Wheelchair-accessible car park, Wheelchair-accessible entrance, Credit cards, Debit cards, NFC mobile payments, Credit cards, Free parking lot, On-site parking"
Powerleague Manchester Nicholls,"Padel club, Football Club, Football pitch, Padel court, Sports complex","Nicholls Community Sports Ground, Dalberg St","Nicholls Community Sports Ground, Dalberg St, Ardwick, Manchester M12 6BN",Manchester,M12 6BN,United Kingdom,GB,01618022719,manchesternicholls@powerleague.com,https://www.powerleague.com/location/manchester-nicholls,https://www.facebook.com/powerleague,,https://www.linkedin.com/company/powerleague,https://twitter.com/powerleagueuk,https://www.google.com/maps?cid=3718205604738260391,,4.7,34,"Monday: 7am-11pm, Tuesday: 7am-11pm, Wednesday: 7am-11pm, Thursday: 7am-11pm, Friday: 7am-11pm, Saturday: 7am-11pm, Sunday: 7am-11pm",https://lh3.googleusercontent.com/p/AF1QipMzrDSykBeFf4BGESy2eUskGSXlsKOd5t97P4F8,Football chain with outdoor 5- or 7-a-side pitches and organised league facilities.,"Wheelchair-accessible car park, Wheelchair-accessible entrance, Credit cards, Debit cards, NFC mobile payments, Credit cards"
Powerleague Padel,Sports club,9 Ford St,"9 Ford St, Ardwick, Manchester M12 6BH",Manchester,M12 6BH,United Kingdom,GB,,enquiries@powerleague.co.uk,https://www.powerleague.com/padel-manchester,https://www.facebook.com/powerleague,,https://www.linkedin.com/company/powerleague,https://twitter.com/powerleagueuk,https://www.google.com/maps?cid=13445372776522515237,,4.6,5,"Monday: 7am-11pm, Tuesday: 7am-11pm, Wednesday: 7am-11pm, Thursday: 7am-11pm, Friday: 7am-11pm, Saturday: 7am-11pm, Sunday: 7am-11pm",https://streetviewpixels-pa.googleapis.com/v1/thumbnail?panoid,,"Wheelchair-accessible car park, Wheelchair-accessible entrance, Toilet"
Powerleague Padel Manchester Nicholls,Padel club,"Nicholls Community Sports Ground, Dalberg St","Nicholls Community Sports Ground, Dalberg St, Ardwick, Manchester M12 6BN",Manchester,M12 6BN,United Kingdom,GB,01618022719,enquiries@powerleague.co.uk,https://www.powerleague.com/padel-manchester,https://www.facebook.com/powerleague,,https://www.linkedin.com/company/powerleague,https://twitter.com/powerleagueuk,https://www.google.com/maps?cid=7097867683562120917,,,,"Monday: 7am-11pm, Tuesday: 7am-11pm, Wednesday: 7am-11pm, Thursday: 7am-11pm, Friday: 7am-11pm, Saturday: 7am-11pm, Sunday: 7am-11pm",https://lh3.googleusercontent.com/p/AF1QipNjULioLSi4qBDkzsmD6e-gTKQKLiosdiGcfEYA,,Toilet
Powerleague Shoreditch,"Padel club, Children's party service, Sports complex, Padel court, Football club, Football pitch, Sports club, Summer camp organizer","Station, Braithwaite Street Opposite Shoreditch High Street","Station, Braithwaite Street Opposite Shoreditch High Street, London E1 6GJ",London,E1 6GJ,United Kingdom,GB,02077499900,shoreditch@powerleague.com,https://www.powerleague.com/location/shoreditch,https://www.facebook.com/powerleague,,https://www.linkedin.com/company/powerleague,https://twitter.com/powerleagueuk,https://www.google.com/maps?cid=1900578007274606703,,4.2,578,"Monday: 9am-10pm, Tuesday: 9am-10pm, Wednesday: 9am-10pm, Thursday: 9am-10pm, Friday: 9am-10pm, Saturday: 9:30am-9pm, Sunday: 9:30am-9pm",https://lh3.googleusercontent.com/p/AF1QipPNexy2HHOjcNNp91R96bcE2RE4vkng5TvcmqP4,Football chain with outdoor 5- or 7-a-side pitches and organised league facilities.,"Wheelchair-accessible entrance, Credit cards, Debit cards, NFC mobile payments, Credit cards"
PRO Padel Courts LTD,Padel court,"Road, Portsmouth","Road, Portsmouth, Liphook GU30 7JG",Liphook,GU30 7JG,United Kingdom,GB,07444876769,office@propadelcourts.com,https://www.propadelcourts.com/,http://facebook.com/propadelcourts,,,,https://www.google.com/maps?cid=17359416410503664946,,,,"Monday: Open 24 hours, Tuesday: Open 24 hours, Wednesday: Open 24 hours, Thursday: Open 24 hours, Friday: Open 24 hours, Saturday: Open 24 hours, Sunday: Closed",https://streetviewpixels-pa.googleapis.com/v1/thumbnail?panoid,,
Project Padel,Padel club,33 Bellingham Dr,"33 Bellingham Dr, Newcastle upon Tyne NE12 9SZ",Newcastle upon Tyne,NE12 9SZ,United Kingdom,GB,07511092679,info@projectpadel.co.uk,https://www.projectpadel.co.uk/,,,,,https://www.google.com/maps?cid=5944028769370054019,,4.7,44,"Monday: 7am-11pm, Tuesday: 7am-11pm, Wednesday: 7am-11pm, Thursday: 7am-11pm, Friday: 7am-11pm, Saturday: 7am-10pm, Sunday: 7am-10pm",https://lh3.googleusercontent.com/gps-cs-s/AG0ilSzTCG_QGf7hGoljGADQKg1XqMTkVZ6dGl2kdq1JcOTiWWM6Bs0upWOPz0YnyD2WuUYBIv0tPkqIHHx53WPv_mdlwUn3V96P-gMA7aEjNmlkxRaWhE9BqKhS3aUNINvUlKWgedII,,"Wheelchair-accessible car park, Wheelchair-accessible entrance, Wheelchair-accessible seating, Wheelchair-accessible toilet"
Pulse Padel Shop,Sportswear Shop,Hawley Rd,"Hawley Rd, Sutton at Hone, Dartford DA2 7RB",Dartford,DA2 7RB,United Kingdom,GB,07554171639,,https://www.pulsepadel.co.uk/shop,https://www.facebook.com/profile.php,,https://www.linkedin.com/company/pulse-padel-limited,,https://www.google.com/maps?cid=14209740351179201620,,,,"Monday: 9am-5:30pm, Tuesday: 9am-5:30pm, Wednesday: 9am-5:30pm, Thursday: 9am-5:30pm, Friday: 9am-5:30pm, Saturday: 9am-5:30pm, Sunday: 10am-4pm",https://lh3.googleusercontent.com/p/AF1QipO07apJfyVNpKv-K7e4XLqVEr3Laj23siUD5hLg,,"Credit cards, Debit cards"
Pure Padel Alderley Park,Sports club,"Pure Padel, Alderley Park, Congleton Rd","Pure Padel, Alderley Park, Congleton Rd, Macclesfield SK10 4TG",Macclesfield,SK10 4TG,United Kingdom,GB,01625468625,,https://www.purepadelclubs.co.uk/,,,,,https://www.google.com/maps?cid=14369599806437174837,https://playtomic.io/pure-padel-alderley-park/078efe1d-26d9-4c70-9a89-d397e3c5c563,4.9,67,"Monday: 6am-10pm, Tuesday: 6am-10pm, Wednesday: 6am-10pm, Thursday: 6am-10pm, Friday: 6am-10pm, Saturday: 6am-10pm, Sunday: 6am-10pm",https://lh3.googleusercontent.com/gps-cs-s/AG0ilSw0VItpfFe1RP8YL5Sp1W3Q5hjYcmN-PnVlD3oT5Hl73omSdjoASSjXcFADzhdZNFiSSJCoU2-ef9zTJx478jtZ8TlZyFIGwLgirl5eIp_R8WT_F6jRnQbzFtHS0TDFHpSgmRCmug,,"Wheelchair-accessible car park, Toilet"
Pure Padel Darlington,Sports club,"Blackett Rd, off Haughton Rd","Blackett Rd, off Haughton Rd, Darlington DL1 2BJ",Darlington,DL1 2BJ,United Kingdom,GB,01325527571,,https://www.purepadelclubs.co.uk/padel-darlington/,,,,,https://www.google.com/maps?cid=13581364612918755796,,4.9,86,"Monday: 8am-11pm, Tuesday: 8am-11pm, Wednesday: 8am-11pm, Thursday: 8am-11pm, Friday: 8am-11pm, Saturday: 8am-8pm, Sunday: 8am-8pm",https://lh3.googleusercontent.com/gps-cs-s/AG0ilSwsN08DfgK1oE41Xy1EqwriiNBXL1mkJ-qKXSwozeUO_ei6Cy67gcUm6jmXDZrBxkfRQlu_f2gLVVf5JqYH3_qPlTbpbIYLLlipow3EaVsyQyx20fYDulWSQcyfdl0I6WtOBEqp,,"On-site services, Wheelchair-accessible car park, Wheelchair-accessible entrance, Wheelchair-accessible seating, Wheelchair-accessible toilet, Toilet, LGBTQ+ friendly, Transgender safe space, On-site parking"
Pure Padel Lightwater,Padel club,"Lightwater Leisure Centre, Leisure Centre, Country Park","Lightwater Leisure Centre, Leisure Centre, Country Park, Lightwater GU18 5RG",Lightwater,GU18 5RG,United Kingdom,GB,01615157237,,https://www.purepadelclubs.co.uk/padel-lightwater/,,,,,https://www.google.com/maps?cid=16859643389455030313,,,,,,,
Pure Padel Manchester,Sports club,24 Dutton St,"24 Dutton St, Cheetham Hill, Manchester M3 1LE",Manchester,M3 1LE,United Kingdom,GB,01616478155,,https://www.purepadelclubs.co.uk/,,,,,https://www.google.com/maps?cid=14837554107840829679,,4.9,212,"Monday: 6am-11pm, Tuesday: 6am-11pm, Wednesday: 6am-11pm, Thursday: 6am-11pm, Friday: 6am-11pm, Saturday: 7am-11pm, Sunday: 7am-11pm",https://lh3.googleusercontent.com/gps-cs-s/AG0ilSwpqv_xRRaxti2mzouorf9XmFBw76m6svIYwzgdhcFo1_ZE6I3c9jgmEVG-3jqtaihKsn2GR2qXQWoIJrLZpGexaABwec_MDiNf0qKpvaQEe16JV0_4wWomA4YmTrtoXCNN0OjYKg,,"On-site services, Wheelchair-accessible car park, Wheelchair-accessible entrance, Wheelchair-accessible seating, Wheelchair-accessible toilet, Toilet, Wi-Fi, LGBTQ+ friendly, Transgender safe space, On-site parking"
Pure Padel North Leeds,Padel club,"Moor Allerton Golf Club, Coal Rd","Moor Allerton Golf Club, Coal Rd, Leeds LS17 9NH",Leeds,LS17 9NH,United Kingdom,GB,01135326962,,https://www.purepadelclubs.co.uk/padel-north-leeds/,,,,,https://www.google.com/maps?cid=4312610036223004540,,5,78,"Monday: 6am-10pm, Tuesday: 6am-10pm, Wednesday: 6am-10pm, Thursday: 6am-10pm, Friday: 6am-10pm, Saturday: 7am-10pm, Sunday: 7am-10pm",https://lh3.googleusercontent.com/gps-cs-s/AG0ilSwE5K7zZ0LaLumig0WE7F-vI-0RgiJ0NW49bpV4XQrIU0HDUuI_q64jyqmHaF4RAC8K3Wf9bQDmzeG-Rf2e1mI1w1WBIwxMMIYTGR4TFUfZGb76wsy_ToXSeJ0Pw-c35Pvf0UB4sChPTDWH,,"On-site services, Wheelchair-accessible car park, Toilet"
Pure Padel Nottingham,"Padel club, Sports club",1 Iremonger Rd,"1 Iremonger Rd, Nottingham NG2 3HU",Nottingham,NG2 3HU,United Kingdom,GB,01156977984,,https://www.purepadelclubs.co.uk/padel-nottingham/,,,,,https://www.google.com/maps?cid=3395660464672333199,https://playtomic.com/clubs/pure-padel-nottingham,5,78,"Monday: 6am-11pm, Tuesday: 6am-11pm, Wednesday: 6am-11pm, Thursday: 6am-11pm, Friday: 6am-11pm, Saturday: 8am-10pm, Sunday: 8am-10pm",https://lh3.googleusercontent.com/gps-cs-s/AG0ilSz46ue0L3w3J6mzO-lUXJ9MjWVM8knjGR0HT6v63-B-x2S8xupUBpeya1_p_dVzMfX51OJZJ9pBPV7H8E8UdWbr0zcZRkKw1w5bpQlSi-qzYgW-iPuKjvdN1pnOKahHcU1NhIUdtv_Zjxg,,"On-site services, Assistive hearing loop, Wheelchair-accessible car park, Wheelchair-accessible entrance, Wheelchair-accessible seating, Wheelchair-accessible toilet, Toilet, Wi-Fi, Swimming pool, LGBTQ+ friendly, Transgender safe space, Free multi-storey car park, Free of charge street parking, Free parking lot, On-site parking, Paid multi-storey car park, Paid parking lot, Paid street parking"
Pure Padel Stockport,Padel club,"Units 4-8, Block B, Vulcan One, Adlington Business Park, London Rd","Units 4-8, Block B, Vulcan One, Adlington Business Park, London Rd, Macclesfield SK10 4NL",Macclesfield,SK10 4NL,United Kingdom,GB,01616478156,,https://www.purepadelclubs.co.uk/padel-stockport/,,,,,https://www.google.com/maps?cid=6443830548523499612,,4.9,64,"Monday: 6am-11pm, Tuesday: 6am-11pm, Wednesday: 6am-11pm, Thursday: 6am-11pm, Friday: 6am-11pm, Saturday: 7am-11pm, Sunday: 7am-11pm",https://lh3.googleusercontent.com/gps-cs-s/AG0ilSwc4nIULjgKhZjGL6jk-8zD-KU9VymiyWtT9LYIuwFAEpwv_KWi1PecyUuS1eU5nyt_R22HpZblW1FOS-jJoPcWUX77A0UaapMjwB-IAS6-A2G4mJm5mtRLoZ9qwxmvWqQVkcTwJbRWwiKf,,"On-site services, Assistive hearing loop, Wheelchair-accessible car park, Wheelchair-accessible entrance, Wheelchair-accessible seating, Wheelchair-accessible toilet, Gender-neutral toilets, Toilet, Wi-Fi, Swimming pool, LGBTQ+ friendly, Transgender safe space, Free multi-storey car park, Free of charge street parking, Free parking lot, On-site parking"
Pure Pickleball,Pickleball court,Main Rd,"Main Rd, Shavington, Crewe CW2 5DP",Crewe,CW2 5DP,United Kingdom,GB,01270295008,,https://www.pure-pickleball.com/,https://www.facebook.com/purepickleballhq,,,,https://www.google.com/maps?cid=15568856090658695419,,4.5,2,"Monday: 5-9pm, Tuesday: 5-9pm, Wednesday: 5-9pm, Thursday: 5-9pm, Friday: 5-9pm, Saturday: Closed, Sunday: Closed",https://lh3.googleusercontent.com/p/AF1QipPVuu8sXraC6nLExwsRYrAwFkD8qYaAjc41Jhsu,,
Purley Sports Club,"Sports club, Bowling club, Cricket club, Gym, Padel club, Sports bar, Squash club, Squash court, Tennis club, Tennis court",The Ridge,"The Ridge, Purley CR8 3PF",Purley,CR8 3PF,United Kingdom,GB,02086600608,purleyreception@purleysportsclub.co.uk,http://www.purleysportsclub.co.uk/,https://www.facebook.com/purleysportsclub,,,https://twitter.com/i/flow/login,https://www.google.com/maps?cid=12762065233726021870,,4.5,284,"Monday: 6am-11pm, Tuesday: 6am-11pm, Wednesday: 6am-11pm, Thursday: 6am-11pm, Friday: 6am-11pm, Saturday: 6am-11pm, Sunday: 6am-11pm",https://lh3.googleusercontent.com/p/AF1QipM5ose79qq_0TeCTJeTM3_6YZrfSuXuA3ymn6ae,,"Wheelchair-accessible car park, Wheelchair-accessible entrance, Wheelchair-accessible toilet, Toilet, Wi-Fi, Free of charge street parking"
Purple Padel Club,Sports club,,"Epworth, Doncaster DN9 1FP",Doncaster,DN9 1FP,United Kingdom,GB,07808955715,purplepadelclub@outlook.co.uk,https://purplepadelclub.co.uk/,,,,,https://www.google.com/maps?cid=3668577422937926347,,5,,,,,Wheelchair-accessible car park
Queensbridge Sports and Community Centre,"Leisure centre, Badminton court, Basketball court, Fitness centre, Function room facility, Gym, Gymnastics academy, Indoor playground, Pickleball court, Sports complex",30 Holly St,"30 Holly St, London E8 3XW",London,E8 3XW,United Kingdom,GB,02079237773,queensbridge@gll.org,https://www.better.org.uk/leisure-centre/london/hackney/queensbridge-sport-and-community-centre?utm_source=google&utm_medium=organic&utm_campaign=google_my_business,https://www.facebook.com/betteruk/,https://www.instagram.com/better_uk/,,"https://x.com/gll_uk, https://twitter.com/better_uk",https://www.google.com/maps?cid=7226852877558280192,,4,238,"Monday: 7am-10pm, Tuesday: 7am-10pm, Wednesday: 7am-10pm, Thursday: 7am-10pm, Friday: 7am-10pm, Saturday: 9am-5pm, Sunday: 9am-5pm",https://lh3.googleusercontent.com/p/AF1QipMsipshdtcT9xIXWPKKwM8AmvLaQqMa4yogQOev,,
Racquet Club 24,Padel club,"A596, 80 Senhouse St","A596, 80 Senhouse St, Workington CA14 1NH",Workington,CA14 1NH,United Kingdom,GB,,,https://racquetclub24.com/,https://www.facebook.com/racquetclubcumbria,https://www.instagram.com/racquetclubcumbria,,,https://www.google.com/maps?cid=10700405410908217955,https://playtomic.io/coming-soon-racquet-club-24/6a8ba427-c3c3-418d-80c9-d23ca452302b?q=PADEL~2024-11-21~~~,5,1,Tuesday: Open 24 hours,https://lh3.googleusercontent.com/p/AF1QipOXZB9FOB7Ldudv9USFwPAiJRvthx6jgCRjltqN,,"Wheelchair-accessible car park, Wheelchair-accessible toilet, Toilet, Free parking lot"
Racquet Garden,Padel club,"Thoulstone, Park","Thoulstone, Park, Chapmanslade, Westbury BA13 4AQ",Westbury,BA13 4AQ,United Kingdom,GB,,,https://www.racquetgarden.com/,,https://www.instagram.com/racquetgarden,,,https://www.google.com/maps?cid=15756786293659468029,https://padelmates.se/club/racquetgarden,5,4,"Monday: 9am-9pm, Tuesday: 9am-9pm, Wednesday: 9am-9pm, Thursday: 9am-9pm, Friday: 9am-9pm, Saturday: 9am-9pm, Sunday: 9am-9pm",https://streetviewpixels-pa.googleapis.com/v1/thumbnail?panoid,,Wheelchair-accessible car park
Rainford Pickleball,Sports club,Higher Ln,"Higher Ln, Rainford, Saint Helens WA11 8NY",Saint Helens,WA11 8NY,United Kingdom,GB,,,https://www.rainfordpickleball.co.uk/,,,,,https://www.google.com/maps?cid=6962872016539355135,,5,1,"Monday: 5:30-6:30pm, Tuesday: Closed, Wednesday: Closed, Thursday: 5:30-6:30pm, Friday: Closed, Saturday: Closed, Sunday: Closed",https://lh3.googleusercontent.com/p/AF1QipMOp5OQEortxyPe5b5sO5k1--CSD9Erf3zFRgUo,,"Wheelchair-accessible car park, Toilet, Free parking lot"
Rainford Tennis Club,"Tennis club, Pickleball court","Jubilee Recreation Ground, Church Rd","Jubilee Recreation Ground, Church Rd, Rainford, Saint Helens WA11 8HE",Saint Helens,WA11 8HE,United Kingdom,GB,,,http://www.rainfordtennisclub.co.uk/,https://www.facebook.com/rainfordtennis,https://www.instagram.com/rainfordtennis,https://www.linkedin.com/company/rainfordtennisclub,,https://www.google.com/maps?cid=5668582546162114363,,4.3,12,"Monday: 9am-7:30pm, Tuesday: 9am-7:30pm, Wednesday: 9am-7:30pm, Thursday: 9am-7:30pm, Friday: 9am-7:30pm, Saturday: 9am-7:30pm, Sunday: 9am-7:30pm",https://lh3.googleusercontent.com/p/AF1QipPhA4FGa8IuH_QIa8gbyGRxrbuEChhu_8VB9GUd,,"Wheelchair-accessible car park, Wheelchair-accessible entrance, Toilet, Free parking lot"
"Rawdon Golf, Lawn Tennis & Padel Club",Golf club,Buckstone Dr,"Buckstone Dr, Rawdon, Leeds LS19 6BB",Leeds,LS19 6BB,United Kingdom,GB,01132506040,membership@rgltpc.com,https://rgltpc.com/,,,,,https://www.google.com/maps?cid=824343204799735788,,4.2,87,"Monday: 12-2pm / 6-9pm, Tuesday: 12-2pm / 6-9pm, Wednesday: 11:30am-2pm / 6-9pm, Thursday: 12-2pm / 6-9pm, Friday: 11:30am-9pm, Saturday: 12-6pm, Sunday: 12-6pm",https://lh3.googleusercontent.com/gps-cs-s/AG0ilSxru3Zx8kbffAbyE-E6B_EiUENx8m-KZFd-QANfiZ4XGkSh9nTlhK0W1OQyvVtkc7Euv8te1tEPLnFtQuBVXLskrPZBOh4JZZxwgTCKRH9ADuXjV_I-t1l5H5dc-slvGVqg6KgU,,"Wheelchair-accessible car park, Wheelchair-accessible entrance, Wheelchair-accessible toilet, Food, Toilet, Credit cards, Debit cards, NFC mobile payments, Credit cards"
Redlands Leisure and Community Park,"Leisure centre, Cafe, Hockey Pitch, Pickleball court, Football pitch, Squash court, Table tennis facility",Dorchester Rd,"Dorchester Rd, Weymouth DT3 5AW",Weymouth,DT3 5AW,United Kingdom,GB,,,http://www.redlandspark.co.uk/,"https://www.facebook.com/activedorset, https://www.facebook.com/redlandscommunitypark, https://www.facebook.com/centralbournemouthprimarycarenetwork",https://www.instagram.com/activedorset,https://www.linkedin.com/company/active-dorset,,https://www.google.com/maps?cid=979711418382806398,,4.1,326,Tuesday: 8am-10pm,https://lh3.googleusercontent.com/gps-cs-s/AG0ilSwuJ14OAhVSwRqJ6Lwvtie5YHCa5o3cdbyo0GAQh_S33qH45PYfdifkhT08Xn_Ic4mMKRnKRgOFzuLYJaiCRT0mlnTo72YcdGb6-VxgMpFXuAn6itI9iHzKgUE8T2vYDOan9nTm,"Local leisure centre with clubs for juniors and adults, plus sports halls and courts to hire.","Wheelchair-accessible car park, Wheelchair-accessible entrance, Wheelchair-accessible seating, Wheelchair-accessible toilet, Free of charge street parking, Free parking lot"
Ribble Valley Tennis Centre,"Padel club, Sports club",Edisford Rd,"Edisford Rd, Clitheroe BB7 3LA",Clitheroe,BB7 3LA,United Kingdom,GB,07917457861,,https://clubspark.lta.org.uk/ribblevalleytenniscentre,,,,,https://www.google.com/maps?cid=4533604215133551218,,4.3,29,"Monday: 5am-12am, Tuesday: 5am-12am, Wednesday: 5am-12am, Thursday: 5am-12am, Friday: 5am-12am, Saturday: 5am-12am, Sunday: 5am-12am",https://lh3.googleusercontent.com/gps-cs-s/AG0ilSwCwYS_JGkF3Qdt-2CSgYJUB3FILcPjvuMzVghOAkJ8XB800oSH0WnejPWoJcY1WzxzrVRO7WdpPN0HMZ_a17eQEmha6XEvONgwXh2qQI6pbC40cxquZ8N037BiEOTGS4pi9Dzw8XqEq3w,,"Wheelchair-accessible car park, Wheelchair-accessible entrance, Toilet, Free of charge street parking, Paid parking lot"
Risbygate Padel,Padel court,Westley Rd,"Westley Rd, Bury Saint Edmunds IP33 3RR",Bury Saint Edmunds,,United Kingdom,GB,01284755468,admin@risbygatesportsclub.co.uk,https://risbygatesportsclub.co.uk/padel/,https://www.facebook.com/risbygatepadeltennis,,,,https://www.google.com/maps?cid=5922189130086839410,,5,2,"Monday: 8:30am-9pm, Tuesday: 8:30am-9pm, Wednesday: 8:30am-9pm, Thursday: 8:30am-9pm, Friday: 8:30am-9pm, Saturday: 8:30am-9pm, Sunday: 8:30am-9pm",https://lh3.googleusercontent.com/gps-cs-s/AG0ilSybwfNcEt7LivIKCkWCQnBjU5kE0fSIKQx2S0fbkGleUxHqCaUKwidnVfoxuSHByeb4OW58gKwOIf36R9VHPLRQNtI6uHYi1AibeNWtqZZ0-xPa9UTZWW8ZpeMOz6GOr91iop13,,"Wheelchair-accessible car park, Wheelchair-accessible entrance, Credit cards, Debit cards, NFC mobile payments"
Rivermead Leisure Centre,"Leisure centre, Badminton court, Fitness centre, Gym, Indoor playground, Pickleball court, Football pitch, Sports complex, Swimming pool",Richfield Ave,"Richfield Ave, Reading RG1 8EQ",Reading,RG1 8EQ,United Kingdom,GB,01189375000,rivermead@gll.org,https://www.better.org.uk/leisure-centre/reading/rivermead-leisure-centre?utm_source=google&utm_medium=organic&utm_campaign=google_my_business,https://www.facebook.com/betteruk/,https://www.instagram.com/better_uk/,,"https://x.com/gll_uk, https://twitter.com/better_uk",https://www.google.com/maps?cid=4330360573204663331,,3.8,971,"Monday: 6am-10pm, Tuesday: 6am-10pm, Wednesday: 6am-10pm, Thursday: 6am-10pm, Friday: 6am-10pm, Saturday: 8am-5:30pm, Sunday: 8am-5:30pm",https://lh3.googleusercontent.com/gps-cs-s/AG0ilSzttXJleBq-CcLsgxUBdPB6CRQNVVu4syA-yreofD8LggY7RdhMFcTe6ICMUjoTK_GTYg5tAWnnDpt7CKYA6zwokcPL4PoUP36TI7D6Ogs0Tfc814r98_Or_LX0AY4s1xDl31HRbg,"Sports and exercise centre offers a modern gym, exercise programmes, leisure pool and squash courts.","On-site services, Wheelchair-accessible car park, Wheelchair-accessible entrance"
Riverside Gym & Leisure Club,"Padel court, Day Care Center, Gym, Squash court, Swimming pool, Tennis court, Weightlifting area",St Oswalds Rd,"St Oswalds Rd, Gloucester GL1 2TF",Gloucester,GL1 2TF,United Kingdom,GB,01452413214,,http://www.riversidesports.co.uk/,"https://www.facebook.com/riversidesportsandleisureclub, https://www.facebook.com/riversidebristol, https://www.facebook.com/riversidecardiffleisureclub",https://www.instagram.com/riversidecardiffleisureclub,,"https://twitter.com/riversidegym, https://twitter.com/riversideglos",https://www.google.com/maps?cid=9485184710300177995,,4.2,190,"Monday: 6am-10pm, Tuesday: 6am-10pm, Wednesday: 6am-10pm, Thursday: 6am-10pm, Friday: 6am-10pm, Saturday: 7am-8pm, Sunday: 8am-8pm",https://lh3.googleusercontent.com/gps-cs-s/AG0ilSwQSuhBacWorxbfmOuYvgs_dlmdjrMuEce7yIhwiS88-jYnQxI9lWf9iYms97Om4RfJwmosxAFjnQzXQ7fxJUqiQzHtfmuNNkFwuMe7jH0zPoOXoeApewF6YSmLUut_jdw5Bc4RWg,,"Outdoor services, On-site services, Wheelchair-accessible car park, Wheelchair-accessible entrance, Wheelchair-accessible toilet, Sauna, Child care, Has a tennis court, Swimming pool, Toilet, Wi-Fi, Wi-Fi, Swimming pool, Shower, Credit cards, Debit cards, NFC mobile payments, Credit cards, Free parking lot"
Rochdale Padel Club,Padel club,Bridgefold Rd,"Bridgefold Rd, Rochdale OL11 5BX",Rochdale,OL11 5BX,United Kingdom,GB,,,https://rochdalepadelclub.com/,https://www.facebook.com/people/rochdale-padel-club/61574681653603,https://www.instagram.com/rochdalepadelclub,https://www.linkedin.com/company/rochdale-padel-club,,https://www.google.com/maps?cid=17178113929500161621,,,,,https://streetviewpixels-pa.googleapis.com/v1/thumbnail?panoid,,
Rocket Padel Beckton,Padel club,1 Triumph Rd,"1 Triumph Rd, London E6 5LW",London,E6 5LW,United Kingdom,GB,02036332289,beckton@rocketpadel.com,https://www.rocketpadel.com/,https://www.facebook.com/rocketpadel,,"https://www.linkedin.com/in/carlhenricheimdal, https://www.linkedin.com/in/larsingerslev, https://www.linkedin.com/in/claus-friis-jensen-852943142, https://www.linkedin.com/in/oskar-wynne-473b31278, https://www.linkedin.com/in/tali-beedle-27648527, https://www.linkedin.com/in/jay-peterson-a6197b115, https://www.linkedin.com/company/rocket-padel, https://www.linkedin.com/in/morten-bugge-b14a4b3, https://www.linkedin.com/in/nichlas-baun-36507022, https://www.linkedin.com/in/jeppe-dommerby",,https://www.google.com/maps?cid=5694030172256227059,,4.5,44,"Monday: 7am-11pm, Tuesday: 7am-11pm, Wednesday: 7am-11pm, Thursday: 7am-11pm, Friday: 7am-11pm, Saturday: 7am-11pm, Sunday: 7am-11pm",https://lh3.googleusercontent.com/p/AF1QipMON5f0sSj2oB9kESt7qute8TqICkDqCOYceBgw,,"Wheelchair-accessible entrance, Wheelchair-accessible seating, Wheelchair-accessible toilet, Toilet, LGBTQ+ friendly, Transgender safe space, Free parking lot, On-site parking"
Rocket Padel BPS Ltd,"Padel club, Padel court, Sporting Goods Shop",1 Circus Rd E,"1 Circus Rd E, Nine Elms, London SW11 8DQ",London,SW11 8DQ,United Kingdom,GB,02036332289,bps@rocketpadel.com,http://www.rocketpadel.com/,https://www.facebook.com/rocketpadel,,"https://www.linkedin.com/in/nichlas-baun-36507022, https://www.linkedin.com/in/claus-friis-jensen-852943142, https://www.linkedin.com/in/morten-bugge-b14a4b3, https://www.linkedin.com/in/jeppe-dommerby, https://www.linkedin.com/in/fredrik-kristensson-782596109, https://www.linkedin.com/in/nikolaj-bach-a4233996, https://www.linkedin.com/in/oskar-wynne-473b31278, https://www.linkedin.com/in/carlhenricheimdal, https://www.linkedin.com/in/larsingerslev, https://www.linkedin.com/in/jesper-hougaard-16aa60120",,https://www.google.com/maps?cid=4676341113633082300,,4.2,56,"Monday: 7am-10pm, Tuesday: 7am-10pm, Wednesday: 7am-10pm, Thursday: 7am-10pm, Friday: 7am-10pm, Saturday: 7am-10pm, Sunday: 7am-10pm",https://lh3.googleusercontent.com/p/AF1QipPciGpZqqn1erpSS8S8zet93v4hsmTotDBJwj0S,,"Wheelchair-accessible entrance, Toilet"
Rocket Padel Bristol,Padel club,"Rocket Padel Bristol, St. Annes Road St. Annes, Park","Rocket Padel Bristol, St. Annes Road St. Annes, Park, Bristol BS4 4EB",Bristol,BS4 4EB,United Kingdom,GB,01172870289,bristol@rocketpadel.com,http://www.rocketpadel.com/,https://www.facebook.com/rocketpadel,,"https://www.linkedin.com/in/tali-beedle-27648527, https://www.linkedin.com/in/jay-peterson-a6197b115, https://www.linkedin.com/in/oskar-wynne-473b31278, https://www.linkedin.com/in/claus-friis-jensen-852943142, https://www.linkedin.com/in/jeppe-dommerby, https://www.linkedin.com/in/fredrik-kristensson-782596109, https://www.linkedin.com/in/carlhenricheimdal, https://www.linkedin.com/in/larsingerslev, https://www.linkedin.com/in/thomas-kristensen1, https://www.linkedin.com/in/sebgordon",,https://www.google.com/maps?cid=7078412453988549126,,4.8,167,"Monday: 7am-11pm, Tuesday: 7am-11pm, Wednesday: 7am-11pm, Thursday: 7am-11pm, Friday: 7am-11pm, Saturday: 7am-11pm, Sunday: 7am-11pm",https://lh3.googleusercontent.com/p/AF1QipMF1RsQQ5e-syz0IivUHtqzQKf8RZqXHsi-aP3o,,"On-site services, Wheelchair-accessible car park, Wheelchair-accessible entrance, Wheelchair-accessible seating, Wheelchair-accessible toilet, Toilet, Wi-Fi"
Rocket Padel Ilford Ltd,Padel club,"Wellness Suite, Rocket Padel, 2 The Drive","Wellness Suite, Rocket Padel, 2 The Drive, Ilford IG1 3PS",Ilford,IG1 3PS,United Kingdom,GB,02036332289,ilford@rocketpadel.com,https://www.rocketpadel.com/,https://www.facebook.com/rocketpadel,,"https://www.linkedin.com/in/carlhenricheimdal, https://www.linkedin.com/in/larsingerslev, https://www.linkedin.com/in/claus-friis-jensen-852943142, https://www.linkedin.com/in/oskar-wynne-473b31278, https://www.linkedin.com/in/jesper-hougaard-16aa60120, https://www.linkedin.com/in/jay-peterson-a6197b115, https://www.linkedin.com/company/rocket-padel, https://www.linkedin.com/in/sebgordon, https://www.linkedin.com/in/morten-bugge-b14a4b3, https://www.linkedin.com/in/nichlas-baun-36507022",,https://www.google.com/maps?cid=1599932874185703428,,4.6,194,"Monday: 7am-1am, Tuesday: 7am-1am, Wednesday: 7am-1am, Thursday: 7am-1am, Friday: 7am-1am, Saturday: 7am-1am, Sunday: 7am-1am",https://lh3.googleusercontent.com/p/AF1QipN9kslW1aFvk1iOKC2ICsO8Yc35FMkP6QOQrm_S,,"Wheelchair-accessible car park, Wheelchair-accessible entrance, Wheelchair-accessible seating, Wheelchair-accessible toilet, Toilet, Wi-Fi, Swimming pool, LGBTQ+ friendly, Transgender safe space"
Rocks Lane Padel Tennis,Sports club,60 Chiswick Common Rd,"60 Chiswick Common Rd, Chiswick, London W4 1RZ",London,W4 1RZ,United Kingdom,GB,02089941313,padel@rockslane.co.uk,http://rockslane.co.uk/padel-chiswick/,https://www.facebook.com/rockslanesports,https://www.instagram.com/rockslanemultisports,,https://twitter.com/rockslanew4,https://www.google.com/maps?cid=15102682727429562020,https://rockslane.co.uk/padel-chiswick,4,93,"Monday: 7am-10pm, Tuesday: 7am-10pm, Wednesday: 7am-10pm, Thursday: 7am-10pm, Friday: 7am-10pm, Saturday: 7am-10pm, Sunday: 7am-10pm",https://lh3.googleusercontent.com/gps-cs-s/AG0ilSyF5hc5ROYu2pUJHwv_K4g-ZljBzU6-wkL29A8xu9yzwGPJVS3YMWdF9xMC4KLEpNA0JsabJsdqURQGSZW_gdynkF6j_Yt_K6JDnvNYdxLsMaxSCXZ85v6sZPxxwUkFwj_vK6EZ,,"Wheelchair-accessible entrance, Wheelchair-accessible seating, Wheelchair-accessible toilet, Toilet, Wi-Fi, Swimming pool, LGBTQ+ friendly, Membership required"
Rocks Lane Padel Tennis at Dyrham Park Country Club,Sports club,Galley Ln,"Galley Ln, Barnet EN5 4RA",Barnet,EN5 4RA,United Kingdom,GB,02084403361,enquiries@dyrhampark.com,http://www.dyrhampark.com/,https://www.facebook.com/dyrham-park-country-club-157969750892797,https://www.instagram.com/dyrhamparkcc/,,https://twitter.com/dyrhampark,https://www.google.com/maps?cid=1967089430584933324,,,,"Monday: 8am-10pm, Tuesday: 8am-10pm, Wednesday: 8am-10pm, Thursday: 8am-10pm, Friday: 8am-10pm, Saturday: 8am-10pm, Sunday: 8am-10pm",https://lh3.googleusercontent.com/p/AF1QipO2aJz8_hbep62qN6pGGhvOqotVACm02I7XU8Rk,,"On-site services, Wheelchair-accessible car park, Toilet, Wi-Fi, LGBTQ+ friendly, Transgender safe space, Free parking lot, On-site parking"
Roehampton Club,"Sports club, Croquet club, Events Venue, Golf club, Gym, Padel club, Squash club, Swimming Club, Tennis club, Wedding venue","Roehampton Club, Roehampton Ln","Roehampton Club, Roehampton Ln, London SW15 5LR",London,SW15 5LR,United Kingdom,GB,02084804200,newmembers@roehamptonclub.co.uk,http://www.roehamptonclub.co.uk/,,https://www.instagram.com/roehamptonclub,https://www.linkedin.com/company/roehampton-club,,https://www.google.com/maps?cid=9692675236534746467,,4.6,366,"Monday: 6am-9pm, Tuesday: 6am-9pm, Wednesday: 6am-9pm, Thursday: 6am-9pm, Friday: 6am-9pm, Saturday: 7am-8pm, Sunday: 7:30am-8pm",https://lh3.googleusercontent.com/p/AF1QipPVZ11fkKT0SANe-6l4RuPv7VloYn1QAHQmabkN,,"Wheelchair-accessible car park, Wheelchair-accessible entrance, Wheelchair-accessible toilet, Toilet, Swimming pool, Membership required"
Rye Lawn Tennis and Squash Club,"Sports club, Bar, Croquet club, Gym, Padel club, Squash club, Table tennis club, Tennis club",115 Military Rd,"115 Military Rd, Rye TN31 7NY",Rye,TN31 7NY,United Kingdom,GB,07912268552,,https://ryelawntennisclub.org.uk/,,https://www.instagram.com/ryelawntennisclub,https://www.linkedin.com/company/104881016,,https://www.google.com/maps?cid=8779744896257451687,,4.4,12,"Monday: 8am-9pm, Tuesday: 8am-9pm, Wednesday: 8am-9pm, Thursday: 8am-9pm, Friday: 8am-9pm, Saturday: 8am-9pm, Sunday: 8am-9pm",https://lh3.googleusercontent.com/p/AF1QipNI5UahK_6kWnZ-1HstOp33V7lOI2ElbhUf2UsC,,"Wheelchair-accessible car park, Wheelchair-accessible seating, Wheelchair-accessible toilet, Toilet, Wi-Fi, LGBTQ+ friendly, Transgender safe space, Membership required, Free parking lot, On-site parking"
S3 Padel Brent Cross - Social Sports Society,Sports club,Prince Charles Dr,"Prince Charles Dr, Brent Cross, London NW4 3AY",London,NW4 3AY,United Kingdom,GB,07777182723,brentx@socialsportssociety.com,https://www.socialsportssociety.com/venue/brent-cross/,,https://www.instagram.com/socialsportssociety,https://www.linkedin.com/company/social-sports-society,,https://www.google.com/maps?cid=1857587471217715893,,4.7,190,"Monday: 7am-11pm, Tuesday: 7am-11pm, Wednesday: 7am-11pm, Thursday: 7am-12am, Friday: 7am-12am, Saturday: 7am-12am, Sunday: 7am-11pm",https://lh3.googleusercontent.com/gps-cs-s/AG0ilSwAL91B7agQIOlNIeuM2aXoN95qffEV64R2NIJHNxzmmJ1c2H6NLFnrZJ_uAOprne0GlqwUCOVNnuxw0e9dJRICHfR-BLNomopQAK21XT7psS27znwmW9vRlN3h4tvJwc9ZGqHNs0VrwC6I,,"On-site services, Wheelchair-accessible car park, Wheelchair-accessible entrance, Toilet, Free multi-storey car park, Free of charge street parking, Free parking lot"
S3 Padel Bristol Filton - Social Sports Society,Padel club,"Unit 2b, Fox den Road Filton Retail, Park","Unit 2b, Fox den Road Filton Retail, Park, Bristol BS34 8SP",Bristol,BS34 8SP,United Kingdom,GB,07703968986,luka@socialsportssociety.com,http://www.socialsportssociety.com/,,https://www.instagram.com/socialsportssociety,https://www.linkedin.com/company/social-sports-society,,https://www.google.com/maps?cid=16804312823396726223,,4.8,46,"Monday: 6am-12am, Tuesday: 6am-12am, Wednesday: 6am-12am, Thursday: 6am-12am, Friday: 6am-12am, Saturday: 6am-12am, Sunday: 6am-12am",https://lh3.googleusercontent.com/gps-cs-s/AG0ilSzF_dwSPbaOj6wqPBTQp7vlZOhZeiCW2kmhHFPNJezdDVLqv_zT6btqJ1f-daQoIfKIeZHI_eMgW_VSfrcOhEtMmwjynIBdYJS7IG-yENeD0zUuI8SpFECUQZGSHQjB7kh8UvlFwassnZY,,"Wheelchair-accessible car park, Wheelchair-accessible entrance, Wheelchair-accessible toilet, Toilet, Wi-Fi, LGBTQ+ friendly, Transgender safe space, Free parking lot"
S3 Padel Derby- Social Sports Society,Padel club,Eagle Market,"Eagle Market, Derby DE1 2AZ",Derby,DE1 2AZ,United Kingdom,GB,07703966052,fraser@socialsportssociety.com,https://www.socialsportssociety.com/,,https://www.instagram.com/socialsportssociety,https://www.linkedin.com/company/social-sports-society,,https://www.google.com/maps?cid=5681642941670113979,,4.6,55,"Monday: 7am-11pm, Tuesday: 7am-11pm, Wednesday: 7am-11pm, Thursday: 7am-11pm, Friday: 7am-11pm, Saturday: 7am-11pm, Sunday: 7am-11pm",https://lh3.googleusercontent.com/gps-cs-s/AG0ilSwnNzPsImo9hZFRYmvzW22HjHXiud5PZ2WGhv5-H-ueoCOd3-GqAUtm39WB9uNEExcCHY2JegPT9UH39loEZuvUzOn1PGQLppr5PevHJ3nYTWecNppT0FJ1hkqCkJalSBpMH5nqrHSSoMKe,,"Wheelchair-accessible car park, Wheelchair-accessible entrance, Wheelchair-accessible toilet, Toilet"
S3 Padel Manchester - Social Sports Society,Sports club,Back St George's Rd,"Back St George's Rd, Manchester M4 4JD",Manchester,M4 4JD,United Kingdom,GB,,luka@socialsportssociety.com,http://www.socialsportssociety.com/,,https://www.instagram.com/socialsportssociety,https://www.linkedin.com/company/social-sports-society,,https://www.google.com/maps?cid=2801457990057680649,,,,,https://streetviewpixels-pa.googleapis.com/v1/thumbnail?panoid,,Toilet
S3 Padel Sutton,Sports club,Land Adjacent to London cancer hub,"Land Adjacent to London cancer hub, Sutton SM2 5NG",Sutton,SM2 5NG,United Kingdom,GB,,,,,,,,https://www.google.com/maps?cid=1317225383245834544,,5,8,"Monday: 8am-10pm, Tuesday: 8am-10pm, Wednesday: 8am-10pm, Thursday: 8am-10pm, Friday: 8am-10pm, Saturday: 8am-10pm, Sunday: 8am-10pm",https://streetviewpixels-pa.googleapis.com/v1/thumbnail?panoid,,Toilet
S3 Padel Wembley - Social Sports Society,Padel club,"Wembley Park - Play Park, Wembley Park Blvd","Wembley Park - Play Park, Wembley Park Blvd, Wembley HA9 0TG",Wembley,HA9 0TG,United Kingdom,GB,07940964718,wp@socialsportssociety.com,https://socialsportssociety.com/venue/wembley-padel,,https://www.instagram.com/socialsportssociety,https://www.linkedin.com/company/social-sports-society,,https://www.google.com/maps?cid=3916912414968897464,https://playtomic.io/wembley-padel/c583d30b-3381-418d-8d4d-73c2460de8c7,4.9,106,"Monday: 7am-10pm, Tuesday: 7am-10pm, Wednesday: 7am-10pm, Thursday: 7am-10pm, Friday: 7am-12am, Saturday: 7am-12am, Sunday: 7am-10pm",https://lh3.googleusercontent.com/gps-cs-s/AG0ilSxX3mYX1mmu0-R1jSfCMYlMRVjKll1HB91e1vTlyDpE2bupUgz4srQ-6l9viqxW9QStIHYufAvN8DLCeJww_Shy4_Ljl_NoUFYWOPtKR0Xh5MRKU5qJlssg1Xo_VZtzOafBMzc_eA,,"On-site services, Wheelchair-accessible entrance, Toilet, Wi-Fi"
Salus Padel,Padel club,"Bene Leisure, Wardley House, Little Horton Ln","Bene Leisure, Wardley House, Little Horton Ln, Bradford BD5 0AG",Bradford,BD5 0AG,United Kingdom,GB,,info@saluspadel.com,https://saluspadel.com/,https://www.facebook.com/profile.php,https://www.instagram.com/saluspadel,https://www.linkedin.com/company/saluspadel,,https://www.google.com/maps?cid=8818827340198368963,,4.3,65,"Monday: 7am-12am, Tuesday: 7am-12am, Wednesday: 7am-12am, Thursday: 7am-12am, Friday: 7am-12am, Saturday: 7am-12am, Sunday: 7am-12am",https://lh3.googleusercontent.com/gps-cs-s/AG0ilSzuhFhOTtzQ8W7L3WZwwZUBo7xw0vX3EI7UODnJQYIo6Qt8AUtjurHMkupcJJ3gzc_f3exRlvT5CHZKSfrJ9TBTztEQhdx-gHQGLoYMLLEmYUPMATJ3uyZlLktNOnGMpFLy3Fiy7DvKL5ql,,"On-site services, Toilet, Paid parking lot"
Scarborough Rugby Union Football Club,"Padel club, Bar, Cafe, Corporate office, Fitness centre, Football Club, Sports club, Rugby, Rugby club, Squash club","Silver Royd, 569 Scalby Rd","Silver Royd, 569 Scalby Rd, Scalby, Scarborough YO13 0NL",Scarborough,YO13 0NL,United Kingdom,GB,01723357740,admin@scarboroughrugby.co.uk,http://www.scarboroughrugby.co.uk/,https://www.facebook.com/pages/scarborough-rugby-union-football-club/124928777552028,,https://www.linkedin.com/company/scarboroughrugbyunionfootballclub,https://twitter.com/scarboroughrufc,https://www.google.com/maps?cid=8084773746577081790,,4.6,515,Tuesday: 6am-10pm,https://lh3.googleusercontent.com/gps-cs-s/AG0ilSxixgSA0nAnJCKBZZwE9QqhjwjSies4abJe-CCNcBZowZWeSMaCB_ASTr-KzZmaKYcrX6tW-MaovF1Ow1G0b5VLwEKLLlqmxuHiV3j0AMK9T7r4CifC4gtmn_6Ie7yBm6cDykhD1w,,"On-site services, Wheelchair-accessible car park, Wheelchair-accessible entrance, Wheelchair-accessible toilet, Gender-neutral toilets, Toilet, Wi-Fi, Swimming pool, Clothing, Free of charge street parking, Free parking lot, On-site parking"
"Scarborough Squash, Badminton and Padel Tennis (Racquets Club)",Sports complex,Rugby Union Football Club,"Rugby Union Football Club, Scalby, Scarborough YO13 0NL",Scarborough,YO13 0NL,United Kingdom,GB,07309474777,baronsharleyharrison@gmail.com,http://www.baronsfitness.co.uk/,https://www.facebook.com/baronsfitness,https://www.instagram.com/barons_fitness,,https://twitter.com/baronsfitness,https://www.google.com/maps?cid=18000266757130067001,,4.5,2,Tuesday: 6am-9pm,,,
Score Leisure Centre,"Leisure centre, Badminton court, Basketball court, Fitness centre, Gym, Netball club, Pickleball court, Sports complex, Volleyball court",2 coronation Square,"2 coronation Square, London E10 5UN",London,E10 5UN,United Kingdom,GB,02085398474,,https://www.better.org.uk/leisure-centre/london/waltham-forest/score-leisure-centre?utm_source=google&utm_medium=organic&utm_campaign=google_my_business,https://www.facebook.com/betteruk/,https://www.instagram.com/better_uk/,,"https://x.com/gll_uk, https://twitter.com/better_uk",https://www.google.com/maps?cid=5935942685913543151,https://bookings.better.org.uk/location/score-leisure-centre,4.2,317,"Monday: 8am-10pm, Tuesday: 8am-10pm, Wednesday: 8am-10pm, Thursday: 8am-10pm, Friday: 8am-10pm, Saturday: 8am-9pm, Sunday: 8am-9pm",https://lh3.googleusercontent.com/p/AF1QipOHQeNT_jLjeifoSwbSQE1sVloTtKwZOAOt23wY,"Football project and sports facilities involving Leyton Orient FC, offering coaching and support.","On-site services, Assistive hearing loop, Wheelchair-accessible car park, Wheelchair-accessible entrance, Wheelchair-accessible seating, Wheelchair-accessible toilet, Free of charge street parking, Paid street parking"
Sevenoaks Padel Club,Sports club,"Polhill Garden Centre, London Rd","Polhill Garden Centre, London Rd, Sevenoaks TN14 7AD",Sevenoaks,TN14 7AD,United Kingdom,GB,,,http://www.sevenoakspadel.co.uk/,https://www.facebook.com/profile.php,https://www.instagram.com/sevenoakspadel,,,https://www.google.com/maps?cid=4627106995698602226,https://play.google.com/store/apps/details?id=es.tpc.matchpoint.appclient.matchpointtrainers,5,14,"Monday: 6am-11pm, Tuesday: 6am-11pm, Wednesday: 6am-11pm, Thursday: 6am-11pm, Friday: 6am-11pm, Saturday: 6am-11pm, Sunday: 6am-11pm",https://lh3.googleusercontent.com/p/AF1QipNBwVjEBgMLyBv3RTztoDJHYYDy-R0e4UQJFLh7,,"Wheelchair-accessible car park, Wheelchair-accessible seating, Gender-neutral toilets, Toilet, Membership required, On-site parking"
SG Padel,"Padel club, Construction Company, Consultant, Tennis court construction company, Padel court, Sports accessories wholesaler",Honywood Rd,"Honywood Rd, Basildon SS14 3HW",Basildon,SS14 3HW,United Kingdom,GB,01268205646,sales@sgpadel.co.uk,https://sgpadel.co.uk/,https://www.facebook.com/the.sgpadel,https://www.instagram.com/sg.padel,https://www.linkedin.com/company/sg-padel,,https://www.google.com/maps?cid=2666429132197754614,,5,5,"Monday: 9am-5pm, Tuesday: 9am-5pm, Wednesday: 9am-5pm, Thursday: 9am-5pm, Friday: 9am-5pm, Saturday: 9am-12pm, Sunday: Closed",https://lh3.googleusercontent.com/p/AF1QipMeqk44kiMiJPIvVI5ygnm35iM_zM7bn6agTVsT,,
Shadow Padel,Padel club,"Barker St, Thompson St","Barker St, Thompson St, Cheetham Hill, Manchester M3 1DZ",Manchester,M3 1DZ,United Kingdom,GB,,,https://www.shadowpadel.co.uk/,,,,,https://www.google.com/maps?cid=10748504938232489404,,,,,https://lh3.googleusercontent.com/p/AF1QipNjgFs516M3Mdr22mAfrubgrdIuJ2TDftPfcLOg,,Toilet
Sheringham Pickleball Meetings @ Reef Leisure Centre,"Sports club, Service establishment",,,,,,,07535470670,,https://sheringham-pickleball-meets.webflow.io/,,,,,https://www.google.com/maps?cid=8986659101939633131,,,,"Monday: 8am-7pm, Tuesday: 8am-7pm, Wednesday: 8am-7pm, Thursday: 8am-7pm, Friday: 8am-7pm, Saturday: 8am-2pm, Sunday: 8am-2pm",https://lh3.googleusercontent.com/p/AF1QipOUbZ0g4qT2X6lUmmYeNjNyi5lObqFQtavBX6Dh,,
Simon Groat New Padel Building,Sports club,District,"District, Harlow CM17 9LX",Harlow,,United Kingdom,GB,,,,,,,,https://www.google.com/maps?cid=16414797351119492047,,,,,,,"Wheelchair-accessible car park, Wheelchair-accessible entrance, Toilet"
Skipton Tennis Centre,"Tennis club, Padel club, Padel court, Sports club, Tennis court, Tennis instructor, Tennis Shop",Engine Shed Ln,"Engine Shed Ln, Skipton BD23 1UP",Skipton,BD23 1UP,United Kingdom,GB,07875643780,info@skiptontennis.com,http://www.skiptontennis.com/,https://www.facebook.com/skiptontennis1,https://www.instagram.com/skiptontenniscentre/,,,https://www.google.com/maps?cid=9619126893799127729,https://www.skiptontennis.com,4.6,29,,https://lh3.googleusercontent.com/gps-cs-s/AG0ilSxOYaAJb0xiHW-_qd3XaTjd0AtmYdWyUWkDw0MDfMaEpArSZ2gjDg2vfbIzan5oK3YKTVqrRL7te61mPCUbmUqfsZVjgTHFzMMjLXWnHbFzCysx1SYDdd45poIKeA08Z8_HLBFz,,"On-site services, Wheelchair-accessible car park, Wheelchair-accessible entrance, Wheelchair-accessible toilet, Toilet, Wi-Fi"
Slazenger Padel Club Leeds,Padel club,Unit 3 Coal Rd,"Unit 3 Coal Rd, Leeds LS14 1PS",Leeds,LS14 1PS,United Kingdom,GB,03439093927,,https://www.slazengerpadelclubs.com/,,https://www.instagram.com/slazengerpadelclubs,,,https://www.google.com/maps?cid=9260204779948203780,,4.8,81,"Monday: 6am-11pm, Tuesday: 6am-11pm, Wednesday: 6am-11pm, Thursday: 6am-11pm, Friday: 6am-11pm, Saturday: 6am-11pm, Sunday: 6am-11pm",https://lh3.googleusercontent.com/p/AF1QipN8bKEK1qBIXlUM5q60x57jRsdHQ0goufibMddh,,"On-site services, Wheelchair-accessible car park, Wheelchair-accessible entrance, Wheelchair-accessible toilet, Toilet"
Slazenger Padel Clubs Blackburn,Padel club,Haslingden Rd,"Haslingden Rd, Blackburn BB1 2EE",Blackburn,BB1 2EE,United Kingdom,GB,,,,,,,,https://www.google.com/maps?cid=13796481427834986990,,,,,https://lh3.googleusercontent.com/p/AF1QipMbzCCrHLbxDghNJf6I9_ukC_eSEVlmwCUOOgaq,,Toilet
Slazenger Padel Clubs Swindon,Padel club,"Unit 17, The Warehouse, Greenbridge Retail Park, Garrard Way","Unit 17, The Warehouse, Greenbridge Retail Park, Garrard Way, Swindon SN3 3HY",Swindon,SN3 3HY,United Kingdom,GB,03439093359,,,,,,,https://www.google.com/maps?cid=9106196248733814815,,5,2,"Monday: 6am-10pm, Tuesday: 6am-10pm, Wednesday: 6am-10pm, Thursday: 6am-10pm, Friday: 6am-10pm, Saturday: 8am-8pm, Sunday: 8am-8pm",https://lh3.googleusercontent.com/p/AF1QipPO5l7BQIz9eNBedipn1vBpUauIi5liy4YMyBZ6,,"Wheelchair-accessible car park, Toilet"
smart start padel coaching,Padel court,"Sports Club, Mill Ln Cl","Sports Club, Mill Ln Cl, Broxbourne EN10 7BA",Broxbourne,EN10 7BA,United Kingdom,GB,07958955905,alan@smartstartpadel.com,http://www.smartstartpadel.com/?utm_source=google&utm_medium=wix_google_business_profile&utm_campaign=8161385423464438481,https://www.facebook.com/smartpadelcoaching,https://www.instagram.com/smartstartpadel,,,https://www.google.com/maps?cid=12745872462049790152,,5,27,,https://lh3.googleusercontent.com/p/AF1QipNJKGxOiqE-voGs4ikwL6v1vaOaXLWH92iip2p8,,
Smartpadeluk,Spa and health club,Prested Hall Health Club,"Prested Hall Health Club, Feering, Colchester CO3 9EE",Colchester,CO3 9EE,United Kingdom,GB,07476234814,zack.smart@prested.com,https://www.smartpadeluk.com/,,https://www.instagram.com/smart_padeluk,https://www.linkedin.com/in/zack-smart-59a692a7,,https://www.google.com/maps?cid=2161279762930347196,,5,1,"Monday: 10:30am-6:30pm, Tuesday: 10:30am-6:30pm, Wednesday: 10:30am-6:30pm, Thursday: 10:30am-6:30pm, Friday: Closed, Saturday: Closed, Sunday: 9am-4:30pm",https://lh3.googleusercontent.com/p/AF1QipPFBQc8EPLpB0ld7-RxmgxUmWWp-qtj4I_P2neF,,"On-site services, Toilet, Credit cards, Debit cards"
Smash Haus Padel,Sports complex,,"1184 Lincoln Rd, Peterborough PE4 6LA",Peterborough,PE4 6LA,United Kingdom,GB,,,https://www.smashhauspadel.com/,,http://www.instagram.com/smashhauspadel,,,https://www.google.com/maps?cid=18439065186348851640,,,,,https://lh3.googleusercontent.com/p/AF1QipNcJLmDhA5I4OFsc35uumRVttYxmr0GrrT005fq,,
Smash Padel Bicester,Sports club,"Hotel Golf & Spa, Green Ln","Hotel Golf & Spa, Green Ln, Bicester OX26 1TH",Bicester,OX26 1TH,United Kingdom,GB,07561855652,bicester@smashpadel.co,https://www.smashpadel.co/,https://www.facebook.com/smashpadelmidsussex,https://www.instagram.com/smashpadel_midsussex,https://www.linkedin.com/company/smashpadeluk,,https://www.google.com/maps?cid=5099454856287149809,,5,27,"Monday: 7am-11pm, Tuesday: 7am-11pm, Wednesday: 7am-11pm, Thursday: 7am-11pm, Friday: 7am-11pm, Saturday: 7am-11pm, Sunday: 7am-11pm",https://lh3.googleusercontent.com/p/AF1QipPXC9obh2LIUz8Fqq0UEgpWE5bPfZjbD-IQM_BQ,,"Wheelchair-accessible car park, Wheelchair-accessible entrance, Toilet"
Smash Padel Cardiff,Sports club,Llandaff Fields,"Llandaff Fields, Pontcanna, Cardiff CF11 9HZ",Cardiff,CF11 9HZ,United Kingdom,GB,07542610545,cardiff@smashpadel.co,https://smashpadel.co/cardiff/,"https://www.facebook.com/smashpadelcardiff, https://www.facebook.com/smashpadelmidsussex","https://www.instagram.com/smashpadel_midsussex, https://www.instagram.com/smashpadelcardiff",https://www.linkedin.com/company/smashpadeluk,,https://www.google.com/maps?cid=5044903030163516742,,4.8,54,"Monday: 7am-10pm, Tuesday: 7am-10pm, Wednesday: 7am-10pm, Thursday: 7am-10pm, Friday: 7am-10pm, Saturday: 7am-10pm, Sunday: 7am-10pm",https://lh3.googleusercontent.com/p/AF1QipPUYPfbzdy1G_baKYTtIvXwJ3AbwotnejB4j5Be,,"Wheelchair-accessible entrance, Toilet"
Smash Padel Mid Sussex,Sports club,Whitemans Grn,"Whitemans Grn, Haywards Heath RH17 5HX",Haywards Heath,RH17 5HX,United Kingdom,GB,07542608563,info@smashpadel.co,https://www.smashpadel.co/,https://www.facebook.com/smashpadelmidsussex,https://www.instagram.com/smashpadel_midsussex,https://www.linkedin.com/company/smashpadeluk,,https://www.google.com/maps?cid=3311756853638617140,,5,14,"Monday: 8am-10pm, Tuesday: 8am-10pm, Wednesday: 8am-10pm, Thursday: 8am-10pm, Friday: 8am-10pm, Saturday: 8am-10pm, Sunday: 8am-10pm",https://lh3.googleusercontent.com/p/AF1QipMqUcv7kUf2Re8Eq3RwP7v_BbZeSZr2-1JNhJtZ,,"Wheelchair-accessible car park, Toilet"
Smash Padel Oxford,Padel club,N Hinksey Ln,"N Hinksey Ln, Oxford OX2 0NA",Oxford,OX2 0NA,United Kingdom,GB,07561855654,oxford@smashpadel.co,https://www.smashpadel.co/oxford,https://www.facebook.com/smashpadelmidsussex,https://www.instagram.com/smashpadel_midsussex,https://www.linkedin.com/company/smashpadeluk,,https://www.google.com/maps?cid=8086986445866429698,https://www.matchi.se/facilities/mvpoxford,4.8,43,"Monday: 7am-10pm, Tuesday: 7am-10pm, Wednesday: 7am-10pm, Thursday: 7am-10pm, Friday: 7am-10pm, Saturday: 7am-10pm, Sunday: 7am-10pm",https://lh3.googleusercontent.com/p/AF1QipPPkp-avu3qrGAC516tLGYlLkrfnZL2MchRCbbX,,"Wheelchair-accessible car park, Wheelchair-accessible entrance, Toilet"
Smash Padel Whitstable,Sports club,Reeves Way,"Reeves Way, Chestfield, Whitstable CT5 3QS",Whitstable,CT5 3QS,United Kingdom,GB,07562957839,whitstable@smashpadel.co,https://smashpadel.co/,https://www.facebook.com/smashpadelmidsussex,https://www.instagram.com/smashpadel_midsussex,https://www.linkedin.com/company/smashpadeluk,,https://www.google.com/maps?cid=1396871694797922375,,5,82,"Monday: 7am-10pm, Tuesday: 7am-10pm, Wednesday: 7am-10pm, Thursday: 7am-10pm, Friday: 7am-10pm, Saturday: 7am-10pm, Sunday: 7am-10pm",https://lh3.googleusercontent.com/gps-cs-s/AG0ilSx7XOSlrshY2oXE8M3gek-umkzmXvXT9gtCMJ-_dO76f4LpppCZNegdqDtZzg0X2Qg6shNinZEm73pD1flvzxbA0wODmEpv78b0TYtvy4V_PYiHSXA1DTUIvWO0rWSBcfZ4R4c,,"On-site services (no), Wheelchair-accessible car park, Toilet, On-site parking"
Social Sports Society PADEL,Sports club,Unit C Fox Den Rd,"Unit C Fox Den Rd, Stoke Gifford, Bristol BS34 8SP",Bristol,BS34 8SP,United Kingdom,GB,,bristolfilton@socialsportssociety.com,https://www.socialsportssociety.com/venue/bristol-filton/,,https://www.instagram.com/socialsportssociety,https://www.linkedin.com/company/social-sports-society,,https://www.google.com/maps?cid=567698067216764102,,,,,,,"On-site services, Wheelchair-accessible car park, Toilet"
Sol Physio Harrogate (Surge Padel),Physiotherapist,"Fourth Ave, Hornbeam Park Ave","Fourth Ave, Hornbeam Park Ave, Harrogate HG2 8QT",Harrogate,HG2 8QT,United Kingdom,GB,03330048500,info@solphysio.co.uk,https://www.solphysio.co.uk/,,https://www.instagram.com/solphysio,,,https://www.google.com/maps?cid=10010271700807122474,,,,"Monday: 9am-8pm, Tuesday: 9am-8pm, Wednesday: 9am-8pm, Thursday: 9am-8pm, Friday: 9am-8pm, Saturday: Closed, Sunday: Closed",https://streetviewpixels-pa.googleapis.com/v1/thumbnail?panoid,,"Toilet, Appointments recommended, Credit cards, Debit cards, NFC mobile payments, Free parking lot, On-site parking"
Somborne Padel Tennis,Sports club,"Furzedown Farm, Furzedown Rd","Furzedown Farm, Furzedown Rd, Stockbridge SO20 6NL",Stockbridge,SO20 6NL,United Kingdom,GB,07305546568,simon@thepadelcourtcompany.co.uk,https://www.thepadelcourtcompany.co.uk/play-padel-tennis,https://www.facebook.com/the-padel-court-company-365097153973271,,,,https://www.google.com/maps?cid=8731552578259840025,,5,8,"Monday: 8am-10pm, Tuesday: 8am-10pm, Wednesday: 8am-10pm, Thursday: 8am-10pm, Friday: 8am-10pm, Saturday: 8am-10pm, Sunday: 8am-9pm",https://lh3.googleusercontent.com/p/AF1QipPWjNQ8jREyRwP_Zl9aC7QkDHyvBMIYllwfJNPU,,"Wheelchair-accessible car park, Wheelchair-accessible entrance, Toilet"
Soul Padel Loughborough Uni,Padel club,Epinal Way,"Epinal Way, Loughborough LE11 3TT",Loughborough,LE11 3TT,United Kingdom,GB,07707931313,info@soulpadel.co.uk,https://soulpadel.co.uk/locations/loughborough-university-club/,https://www.facebook.com/profile.php,https://www.instagram.com/soulpadeluk,https://www.linkedin.com/company/soul-padel-ltd,,https://www.google.com/maps?cid=2653709471561684497,,5,4,"Monday: 7am-10pm, Tuesday: 7am-10pm, Wednesday: 7am-10pm, Thursday: 7am-10pm, Friday: 7am-10pm, Saturday: 7am-10pm, Sunday: 7am-10pm",https://lh3.googleusercontent.com/gps-cs-s/AG0ilSyfr7l060x6t2cBsGRpe_nEBuqsuHoC0QrUf1lfsB_qJdOh69_jnBtgT6H74xhmMKIc8PQpGHjdGIE141zj9Ydrik7lD8E5hKtWLvUa0Lr2353eKn2OswY2OV57nA-GAdPJ5DlXLyXfOEuB,,"Wheelchair-accessible car park, Toilet"
Soul Padel St Helens,Sports club,"Queens Park, Boundary Rd","Queens Park, Boundary Rd, Saint Helens WA10 2LT",Saint Helens,WA10 2LT,United Kingdom,GB,07564047518,info@soulpadel.co.uk,https://soulpadel.co.uk/,https://www.facebook.com/profile.php,https://www.instagram.com/soulpadeluk,https://www.linkedin.com/company/soul-padel-ltd,,https://www.google.com/maps?cid=13122259259944259079,,5,5,"Monday: 7am-10pm, Tuesday: 7am-10pm, Wednesday: 7am-10pm, Thursday: 7am-10pm, Friday: 7am-10pm, Saturday: 7am-10pm, Sunday: 7am-10pm",https://lh3.googleusercontent.com/p/AF1QipO0V31cbDG4yKzrYHo5FvT5jF0pTUzD-bjuX5uu,,"Toilet, On-site parking"
Soul Padel Stockport,Sports club,George's Rd,"George's Rd, Stockport SK4 1DN",Stockport,SK4 1DN,United Kingdom,GB,07538345609,info@soulpadel.co.uk,https://www.soulpadel.co.uk/,https://www.facebook.com/profile.php,https://www.instagram.com/soulpadeluk,https://www.linkedin.com/company/soul-padel-ltd,,https://www.google.com/maps?cid=7364857418331267681,,4.9,36,"Monday: 6am-11pm, Tuesday: 6am-11pm, Wednesday: 6am-11pm, Thursday: 6am-11pm, Friday: 6am-11pm, Saturday: 6am-11pm, Sunday: 7am-10pm",https://lh3.googleusercontent.com/p/AF1QipOpwDqEd-UGTuRGDrOpZMjd95ZE4mlKgel9lqca,,"Wheelchair-accessible car park, Wheelchair-accessible entrance, Wheelchair-accessible toilet, Toilet"
South Cheshire Pickleball,Sports club,Sunnybank Rd,"Sunnybank Rd, Crewe CW2 8WD",Crewe,CW2 8WD,United Kingdom,GB,07719358192,southcheshirepickleballclub@gmail.com,https://southcheshirepickleballclub.co.uk/,https://www.facebook.com/southcheshirepickleballclub,https://www.instagram.com/south_cheshirepickleballclub,,,https://www.google.com/maps?cid=4129070441703107620,,4,1,"Monday: 10-11:30am, Tuesday: 7-8pm, Wednesday: 7-8pm, Thursday: 10-11:30am, Friday: Closed, Saturday: Closed, Sunday: Closed",https://lh3.googleusercontent.com/p/AF1QipPrrqPTdciVDjpIwmCJVxOP9-WXOKMev40M3mWI,,"Wheelchair-accessible car park, Wheelchair-accessible seating, Wheelchair-accessible toilet, Gender-neutral toilets, Toilet"
South Lakes Pickleball,Sports club,"St Bernardôs Catholic High School, Rating Ln","St Bernardôs Catholic High School, Rating Ln, Barrow-in-Furness LA13 9LE",Barrow-in-Furness,LA13 9LE,United Kingdom,GB,07990327047,,https://facebook.com/SouthLakesPickleball,https://facebook.com/southlakespickleball,,,,https://www.google.com/maps?cid=16049387068437908649,https://spond.com/invite/TVZTH,5,3,"Monday: 5-9pm, Tuesday: 5-9pm, Wednesday: 5-9pm, Thursday: 5-9pm, Friday: 5-9pm, Saturday: 9am-9pm, Sunday: Closed",https://lh3.googleusercontent.com/p/AF1QipMOR3tp0EJJaYA9KnIzCZhqeh_PmiOQpv1Xroju,,"Wheelchair-accessible car park, Toilet, Wi-Fi, Free parking lot"
"Sports Hall, Cranfield University","Sports complex, Badminton court, Basketball court, Futsal court, Gym, Handball court, Pickleball court, Rugby club, Volleyball court","University, Cranfield, College Rd","University, Cranfield, College Rd, Cranfield, Bedford MK43 0AL",Bedford,MK43 0AL,United Kingdom,GB,01234752988,info@cranfield.ac.uk,https://www.cranfield.ac.uk/study/life-on-campus/life-at-cranfield/campus-sport-and-fitness,"https://www.facebook.com/cranfielduni, https://www.facebook.com/cyclesaviours",,http://www.linkedin.com/company/cranfield-university,,https://www.google.com/maps?cid=2239367168688098674,,4.4,130,"Monday: 6:30am-10pm, Tuesday: 6:30am-10pm, Wednesday: 6:30am-10pm, Thursday: 6:30am-10pm, Friday: 6:30am-10pm, Saturday: 10am-7pm, Sunday: 12-7pm",https://lh3.googleusercontent.com/gps-cs-s/AG0ilSzdpKUUNVzNJ2C7f4Ni-QKHchObCyC1htdmsCwFwmzUakrYI8s7ANPvMse3Awb9d6ryzCnEjtvhWze-YmxonspSKSGHXeyZH0241e8pfPxKzk7Xl1V1EpTFPnVIEgpvAADQ8AF5lA,,"Wheelchair-accessible car park, Wheelchair-accessible entrance, Credit cards, Debit cards, NFC mobile payments"
Square One Padel Club,Padel club,"Unit 3, Brookfield Industrial Estate, Jefferson Cl","Unit 3, Brookfield Industrial Estate, Jefferson Cl, Ashford TN23 4TU",Ashford,TN23 4TU,United Kingdom,GB,01233561710,info@squareonepadel.com,https://squareonepadel.com/,,https://www.instagram.com/squareonepadel/,,https://x.com/squareonepadel,https://www.google.com/maps?cid=14301029555414411021,,5,66,"Monday: 6:30am-11pm, Tuesday: 6:30am-11pm, Wednesday: 6:30am-11pm, Thursday: 6:30am-11pm, Friday: 6:30am-11pm, Saturday: 7am-11pm, Sunday: 7am-10pm",https://lh3.googleusercontent.com/p/AF1QipOOuG9OSeGI_Vazdhx7f7UsFTM2HXXt7ZEehtFA,,"Wheelchair-accessible car park, Wheelchair-accessible entrance, Wheelchair-accessible toilet, Toilet"
SquareSpace Padel,Sports club,"UNIT 3, BROOKFIELD IND US TRIAL ESTATE, Leacon Rd","UNIT 3, BROOKFIELD IND US TRIAL ESTATE, Leacon Rd, Ashford TN23 4TU",Ashford,TN23 4TU,United Kingdom,GB,07984802563,info@squareonepadel.com,http://squareonepadel.com/,,https://www.instagram.com/squareonepadel/,,https://x.com/squareonepadel,https://www.google.com/maps?cid=10256829701116169215,,,,,https://streetviewpixels-pa.googleapis.com/v1/thumbnail?panoid,,"Wheelchair-accessible car park, Wheelchair-accessible entrance, Toilet"
St Austell Leisure Centre,"Leisure centre, Badminton court, Fitness centre, Gym, Indoor playground, Pickleball court, Recreation Centre, Sports complex, Swimming pool, Swimming school",,"Carlyon Rd, St Austell, Saint Austell PL25 4DB",Saint Austell,PL25 4DB,United Kingdom,GB,01726839130,staustell@gll.org,https://www.better.org.uk/leisure-centre/cornwall/staustell-leisure-centre?utm_source=google&utm_medium=organic&utm_campaign=google_my_business,https://www.facebook.com/betteruk/,https://www.instagram.com/better_uk/,,"https://x.com/gll_uk, https://twitter.com/better_uk",https://www.google.com/maps?cid=701099268949356282,,4.1,433,"Monday: 6am-9:30pm, Tuesday: 6am-9:30pm, Wednesday: 6am-9:30pm, Thursday: 6am-9pm, Friday: 6am-8pm, Saturday: 7am-4pm, Sunday: 8am-4pm",https://lh3.googleusercontent.com/gps-cs-s/AG0ilSzrhjvVm06dlifUticHP5SVF8MXvKnhCPGvSrh2gzpMFRGa48XcEWozg-txtdz0a7vuq7eaSDIQeQTjX7nwHIpayVLa2nzHkL0y1zYO-UuClg2Dimf72FicZft3_m2lO9ezOhaO,"Family-friendly sport complex with pools and a diving pit, plus squash courts and a sports hall.",
Stafford Padel Club,Sports club,"Cricket & Hockey Club, Riverway","Cricket & Hockey Club, Riverway, Stafford ST16 3WB",Stafford,ST16 3WB,United Kingdom,GB,07956057370,eben@eyebytes.com,https://www.staffordpadel.com/,https://www.facebook.com/profile.php,https://www.instagram.com/staffordpadelclub,,,https://www.google.com/maps?cid=2109364381350978433,https://padelmates.se/club/staffordpadel,5,9,"Monday: 7am-10:30pm, Tuesday: 7am-10:30pm, Wednesday: 7am-10:30pm, Thursday: 7am-10:30pm, Friday: 7am-10:30pm, Saturday: 7am-10:30pm, Sunday: 7am-10:30pm",https://lh3.googleusercontent.com/p/AF1QipMgdK1WOwbplG4qDWCjm1aE0m6upvIcgFKW6PtX,,"On-site services, Wheelchair-accessible car park, Wheelchair-accessible toilet, Toilet, Wi-Fi, Free parking lot, On-site parking"
Stanley-Day Padel,"Construction Company, Service establishment",,,,,,,,dan@stanley-day.co.uk,https://stanley-day.co.uk/,,,,,https://www.google.com/maps?cid=9423739520943220787,,,,,https://lh3.googleusercontent.com/p/AF1QipOlPauAmUefDAx5qzWJd6xJmhtOOddc_aMxwf8V,,
Star Padel - Bordon,Padel club,Bolley Ave,"Bolley Ave, Bordon GU35 9HG",Bordon,GU35 9HG,United Kingdom,GB,07990340157,info@starpadel.co.uk,https://www.starpadel.co.uk/,https://www.facebook.com/starpadeluk,"https://www.instagram.com/starpadelbosc, https://www.instagram.com/starpadel_uk",,,https://www.google.com/maps?cid=14758883977912072251,,5,10,"Monday: 8am-9pm, Tuesday: 8am-9pm, Wednesday: 8am-9pm, Thursday: 8am-9pm, Friday: 8am-9pm, Saturday: 8am-9pm, Sunday: 8am-8pm",https://lh3.googleusercontent.com/p/AF1QipO4y4EQRmEX0Bb5AOBLq10tXOgaLcYzr5W565B7,,"Wheelchair-accessible car park, Wheelchair-accessible entrance, Wheelchair-accessible toilet, Gender-neutral toilets, Toilet, Wi-Fi, On-site parking"
Star Tennis & Padel,Tennis instructor,Bollin Grove,"Bollin Grove, Prestbury, sk104jj SK10 4JJ",sk104jj,SK10 4JJ,United Kingdom,GB,07702813451,sayhello@startennisandpadel.co.uk,https://www.startennisandpadel.co.uk/,,,,,https://www.google.com/maps?cid=656541668559337706,,5,14,"Monday: 8am-9pm, Tuesday: 8am-9pm, Wednesday: 8am-9pm, Thursday: 8am-9pm, Friday: 8am-9pm, Saturday: 8am-9pm, Sunday: 8am-9pm",https://lh3.googleusercontent.com/p/AF1QipMeaOs_wMB3WvaYwdKb2AH9EL7kap3ChWu6I5Nz,,"Wheelchair-accessible car park, Toilet, Appointments recommended, Credit cards, Debit cards, NFC mobile payments, Free of charge street parking"
Staying Alive Pickleball,Sports club,"Forest Leisure Centre, Wyre, Silverwoods Wy., Stourport Rd","Forest Leisure Centre, Wyre, Silverwoods Wy., Stourport Rd, Kidderminster DY11 7DT",Kidderminster,DY11 7DT,United Kingdom,GB,,,http://www.stayingalivepickleball.com/,,,,,https://www.google.com/maps?cid=8334963316513034212,https://clubs.pickleplay.com,5,60,"Monday: 1-3pm, Tuesday: Closed, Wednesday: 8:30-10:30am, Thursday: 6-7pm, Friday: Closed, Saturday: Closed, Sunday: Closed",https://lh3.googleusercontent.com/gps-cs-s/AG0ilSwczSBWpD8AHodpHH_dOoj3Fb9Cs2mDNJntGJKv_GtSJ_Iuv_TYi9G4tQGcX-4yamRidgDfWnULbVw_35oNEqsntOaJ__pOZAch2etGfAbd0CSg3-1rSxUbBTAymkLovqFtWaENNQ,,"On-site services, Wheelchair-accessible car park, Toilet, Membership required"
Stick2padel Padel with Luis,"Padel club, Service establishment",,,,,,,,,https://linktr.ee/Stick2padel?utm_source=linktree_profile_share&ltsid=ea252661-21b1-47a0-a55b-ec19c1adeb6c,,,,,https://www.google.com/maps?cid=8151629634333410509,https://book.squareup.com/classes/gxc3cg7wotx6ui/location/LF44HNEV1CWY4/classes,,,"Monday: 8am-10:30pm, Tuesday: 8am-10:30pm, Wednesday: 8am-10:30pm, Thursday: 8am-10:30pm, Friday: 8am-10:30pm, Saturday: 8am-10:30pm, Sunday: 8am-10:30pm",https://lh3.googleusercontent.com/p/AF1QipM0Loknej7CoLtFsOsM20hD-9ybgGccumAr88hm,,
Stoke Park,"Country club, Conference Centre, Fine dining restaurant, Golf club, Hotel, Padel club, Spa, Spa and health club, Tennis club","Country Club, Spa and Hotel, Stoke Park, Park Rd","Country Club, Spa and Hotel, Stoke Park, Park Rd, Stoke Poges SL2 4PG",Slough,SL2 4PG,United Kingdom,GB,01753717171,enquiries@stokepark.com,https://www.stokepark.com/,https://www.facebook.com/stokepark,https://www.instagram.com/stokepark,https://www.linkedin.com/company/stoke-park,,https://www.google.com/maps?cid=3910537825289800351,,4.6,1293,,https://lh3.googleusercontent.com/gps-cs-s/AG0ilSxTHvTIDJBJzmYDP7D6pFIdL9jEUAfmqUbb43ng-QuvS-LS24_9F4Z2o4PXNpoSgDsqrUxHqVuVJvMRruS-5SadvZ2wJkO1wkN9UrYAMG6GIW3YRz7Pe_4RPXysJDPk_xcrsd0,"Stately hotel offering a golf course & a spa, plus an indoor pool & upscale dining.","Wheelchair-accessible car park, Wheelchair-accessible entrance, Credit cards, Debit cards, NFC mobile payments, Credit cards, Free of charge street parking, Free parking lot"
Strategic Padel,"Padel club, Consultant","The Studio, Amberley, Hempstead Rd","The Studio, Amberley, Hempstead Rd, Uckfield TN22 1DZ",Uckfield,TN22 1DZ,United Kingdom,GB,07718320184,,https://strategicpadel.co.uk/,,,,,https://www.google.com/maps?cid=9289923893711210445,,,,"Monday: 8am-10pm, Tuesday: 8am-10pm, Wednesday: 8am-10pm, Thursday: 8am-10pm, Friday: 8am-10pm, Saturday: 8am-10pm, Sunday: 8am-10pm",https://lh3.googleusercontent.com/p/AF1QipOGHof-WMX2pEssYSxB2WQnKuVEqXJpgImgZ1yv,,"On-site services, Toilet, On-site parking"
Stratford Padel Club,Padel club,221 High St,"221 High St, London E15 2AE",London,E15 2AE,United Kingdom,GB,07940211970,info@stratfordpadelclub.org,https://stratfordpadelclub.org/,https://www.facebook.com/stratfordpadel,https://www.instagram.com/stratfordpadel,https://www.linkedin.com/company/stratford-padel-club,,https://www.google.com/maps?cid=18127241164677955182,,4.7,316,"Monday: 8am-11:30pm, Tuesday: 8am-11:30pm, Wednesday: 8am-11:30pm, Thursday: 8am-11:30pm, Friday: 8am-11:30pm, Saturday: 8am-11:30pm, Sunday: 8am-10pm",https://lh3.googleusercontent.com/p/AF1QipMEyYnFDUVorGFivcENYaAW03_quQ5Td-_Yr6S2,,"On-site services, Wheelchair-accessible car park, Wheelchair-accessible entrance, Wheelchair-accessible toilet, Gender-neutral toilets, Toilet, Wi-Fi, Swimming pool, LGBTQ+ friendly, Transgender safe space"
Strike Padel,Sports complex,"Unit 9, Beckside Business Park, Beckside Rd","Unit 9, Beckside Business Park, Beckside Rd, Bradford BD7 2BR",Bradford,BD7 2BR,United Kingdom,GB,01274317585,,https://www.strikepadel.co.uk/,,,,,https://www.google.com/maps?cid=6113618143339468978,,4.8,90,"Monday: 7am-12am, Tuesday: 7am-12am, Wednesday: 7am-12am, Thursday: 7am-12am, Friday: 7am-12am, Saturday: 7am-12am, Sunday: 7am-12am",https://lh3.googleusercontent.com/gps-cs-s/AG0ilSz04io8yFL2aPFM8GTkbVkpt4BzR_j1aq8Omi0aMJ8ksftrajO_JRIwKZjbwHI9poS4I92dCSq-Ycsp6S1uKjdeuBTAgEC5_u0Yi8TpAPI5_8beZgSP299KBF5gqrLa2gWpdQTzID6Qi7Y,,"Wheelchair-accessible car park, Wheelchair-accessible entrance"
Sugden Sports Centre,"Leisure centre, Badminton court, Basketball court, Fitness centre, Gym, Pickleball court, Football pitch, Football Practice, Sports complex, Squash court",114 Grosvenor St,"114 Grosvenor St, Manchester M1 7HL",Manchester,M1 7HL,United Kingdom,GB,01615032760,sugden@gll.org,https://www.better.org.uk/leisure-centre/manchester/sugden-sports-centre?utm_source=google&utm_medium=organic&utm_campaign=google_my_business,https://www.facebook.com/betteruk/,https://www.instagram.com/better_uk/,,"https://twitter.com/better_uk, https://x.com/gll_uk",https://www.google.com/maps?cid=2382683347048409908,,4.1,510,"Monday: 6:15am-10:30pm, Tuesday: 6:15am-10:30pm, Wednesday: 6:15am-10:30pm, Thursday: 6:15am-10:30pm, Friday: 6:15am-10:30pm, Saturday: 9am-7:30pm, Sunday: 9am-7:30pm",https://lh3.googleusercontent.com/gps-cs-s/AG0ilSygCZW_OKiTqeKyNepLeVfU4clQTokZTxYvwujQD985bLj0RUBeAPZLE8XyCjdBdTOrQGN8pNMV5uejtdcyylTqMTI5h7wmP5513awGvtjM7tSiJFPeni8z__j7weqOUAW8xFdY,,"Wheelchair-accessible car park, Wheelchair-accessible entrance, Wheelchair-accessible toilet, Free of charge street parking"
"Sundridge Park Tennis, Squash & Padel Club","Tennis club, Squash club",Lawn Cl,"Lawn Cl, Bromley BR1 3NA",Bromley,BR1 3NA,United Kingdom,GB,02084649106,admin@thesundridgeparkclub.co.uk,http://www.thesundridgeparkclub.co.uk/,"https://www.facebook.com/thesundridgeparkclub/https://www.facebook.com/thesundridgeparkclub, https://www.facebook.com/thesundridgeparkclub, https://www.facebook.com/wixstudio","https://www.instagram.com/wixstudio, https://www.instagram.com/thesundridgeparkclub",https://www.linkedin.com/company/wix-com,"https://www.twitter.com/wixstudio, https://x.com/spltsrc",https://www.google.com/maps?cid=18072481227889493339,,4.7,88,"Monday: 8am-10pm, Tuesday: 8am-10pm, Wednesday: 8am-10pm, Thursday: 8am-10pm, Friday: 8am-10pm, Saturday: 8:30am-8:30pm, Sunday: 8:30am-8:30pm",https://lh3.googleusercontent.com/gps-cs-s/AG0ilSyCqssmpLHZk5f6Pm2DSV5cL108M98T4cVgJUUeAXCcs5qZzzGj2-fh2gACjlLaPE5GEV6OhTC6xGp43iVu3_JSgs8QgDk4m49GmtGVOPw-szX6e6xC6b_SZEOHO3OxCBrT4tkS,,"Wheelchair-accessible car park, Wheelchair-accessible entrance, Toilet"
Surge Padel,Sports club,"Fourth Ave, Hornbeam Park Ave","Fourth Ave, Hornbeam Park Ave, Harrogate HG2 8QT",Harrogate,HG2 8QT,United Kingdom,GB,01423224752,,https://surgepadel.co.uk/,https://www.facebook.com/surgepadel,https://www.instagram.com/surgepadel_uk,https://www.linkedin.com/company/surge-padel,,https://www.google.com/maps?cid=11062775304921221986,,4.8,82,"Monday: 6am-10pm, Tuesday: 6am-10pm, Wednesday: 6am-10pm, Thursday: 6am-10pm, Friday: 6am-10pm, Saturday: 8am-8pm, Sunday: 8am-8pm",https://lh3.googleusercontent.com/gps-cs-s/AG0ilSzRbMCndmdTzZBsT65nrTytqN5bg1LixfuO0JXTjtOGQg_x7qXzLB84tJvMUpgcPYKJ4cbx7qNcre7OQZAwnU5DBGjmXqBtkQ1vfS68bE_fJ_vdRejUaECTiVFQ8uA6NckfgNyzZA,,"Wheelchair-accessible car park, Wheelchair-accessible entrance, Wheelchair-accessible toilet, Toilet"
Surge Padel Bristol,Padel club,"Unit 1, Lodge Causeway Trading Estate","Unit 1, Lodge Causeway Trading Estate, Fishponds, Bristol BS16 3JB",Bristol,BS16 3JB,United Kingdom,GB,01174505199,,https://surgepadel.co.uk/,https://www.facebook.com/surgepadel,https://www.instagram.com/surgepadel_uk,https://www.linkedin.com/company/surge-padel,,https://www.google.com/maps?cid=9035927031924139054,,4.7,123,"Monday: 8am-10pm, Tuesday: 8am-10pm, Wednesday: 8am-10pm, Thursday: 8am-10pm, Friday: 8am-10pm, Saturday: 8am-8pm, Sunday: 8am-8pm",https://lh3.googleusercontent.com/p/AF1QipMMlidIp-jxRsm_DI0TYEbK9ZQHNDgMZNy16aU0,,"Wheelchair-accessible car park, Wheelchair-accessible entrance, Wheelchair-accessible toilet, Toilet"
Surrey Downs Pickleball Club,Sports club,"Leisure and Community Centre, Preston Manor Rd","Leisure and Community Centre, Preston Manor Rd, Epsom, Tadworth KT20 5FB",Tadworth,KT20 5FB,United Kingdom,GB,07525462908,surreydownspickleball@gmail.com,https://www.surreydownspickleball.co.uk/?utm_source=google&utm_medium=wix_google_business_profile&utm_campaign=12690592544131190150,,,,,https://www.google.com/maps?cid=5780865302110809773,,4.2,5,,https://lh3.googleusercontent.com/p/AF1QipPt2RAMGxlS25QIIlJFHHmqKIhnkDM-5ZztvUeA,,"Wheelchair-accessible car park, Toilet"
Swindon Pickleball Club,"Sports club, Service establishment",,,,,,,07701041252,,https://www.swindonpickleballclub.org/,,,,,https://www.google.com/maps?cid=12489064299633358522,,5,3,"Monday: Closed, Tuesday: 10am-12pm, Wednesday: 7-9pm, Thursday: Closed, Friday: 6-8pm, Saturday: 12:30-2:30pm, Sunday: 9-11am",https://lh3.googleusercontent.com/gps-cs-s/AG0ilSxTFEJ43N3ySsevGxVIlCdcR-AbebkeM4l8AI4HOv-psf2qHbAiH6a_2NFo7aanOB611XWtlYklQhz0Wq4kozu5rhqRpA3AmJbHTEToM-XEgHkVIk6oCtgD-5n5tJwpb7ezSqk7,,
Tadworth Leisure and Community Centre,"Leisure centre, Badminton court, Basketball court, Fitness centre, Gym, Pickleball court, Football pitch, Sports complex, Swimming pool, Swimming school",Preston Manor Rd,"Preston Manor Rd, Epsom, Tadworth KT20 5FB",Tadworth,KT20 5FB,United Kingdom,GB,01737361933,tadworth@gll.org,https://www.better.org.uk/leisure-centre/reigate-and-banstead/tadworth-leisure-and-community-centre?utm_source=google&utm_medium=organic&utm_campaign=google_my_business,https://www.facebook.com/betteruk/,https://www.instagram.com/better_uk/,,"https://x.com/gll_uk, https://twitter.com/better_uk",https://www.google.com/maps?cid=18336932826282625470,https://bookings.better.org.uk/location/tadworth-leisure-and-community-centre,4.2,404,"Monday: 6am-10pm, Tuesday: 6am-10pm, Wednesday: 6am-10pm, Thursday: 6am-10pm, Friday: 6am-9pm, Saturday: 8am-5pm, Sunday: 8am-5pm",https://lh3.googleusercontent.com/p/AF1QipMxs1Ed-Mta_W34pXT3vkNmDieyR2IrNEUYQYOa,,"Wheelchair-accessible car park, Wheelchair-accessible entrance, Free parking lot, On-site parking"
Talacre Community Sports Centre,"Sports complex, Badminton court, Basketball court, Fitness centre, Gymnastics academy, Gymnastics club, Indoor playground, Leisure centre, Pickleball court, Football pitch",Dalby St,"Dalby St, London NW5 3LN",London,NW5 3LN,United Kingdom,GB,02033436020,talacre@gll.org,https://www.better.org.uk/leisure-centre/london/camden/talacre-community-sports-centre?utm_source=google&utm_medium=organic&utm_campaign=google_my_business,https://www.facebook.com/betteruk/,https://www.instagram.com/better_uk/,,"https://x.com/gll_uk, https://twitter.com/better_uk",https://www.google.com/maps?cid=935773027952048773,,4.3,291,"Monday: 9am-10pm, Tuesday: 9am-10pm, Wednesday: 9am-10pm, Thursday: 9am-10pm, Friday: 9am-10pm, Saturday: 9am-6pm, Sunday: 9am-8pm",https://lh3.googleusercontent.com/gps-cs-s/AG0ilSxSLAQexvhaQ9XBet-9SBiBcE8meodchWYwtlvBPElzuoyVpsLA-dmdvYUc5CKPTi5hgUDfk0DAOB7hbsbhdk6W5FLbpgW2nS7Gj6g5dye4A0P02lS84_XEoQew_PtcCt89dQQU,"Council-run leisure centre with soft play and a creche for kids, gym hall, sports hall and pitches.","Wheelchair-accessible car park, Wheelchair-accessible entrance, Credit cards, Debit cards, NFC mobile payments, Credit cards"
Te Amo Padel (at The Hayes),"Padel court, Padel club, Sports club, Sports complex",300 Redhill Rd,"300 Redhill Rd, Alvechurch, Birmingham B38 9EL",Birmingham,B38 9EL,United Kingdom,GB,07897940187,,https://playtomic.com/clubs/te-amo-padel-at-the-hayes,https://www.facebook.com/playtomic.io,,https://www.linkedin.com/company/playtomic,,https://www.google.com/maps?cid=9522493882656975334,https://playtomic.io/cortesport-at-the-hayes/ffaea039-ea38-4275-a119-cf7847e90d65?q=PADEL~2024-03-26~~~,4.9,15,"Monday: 6am-10pm, Tuesday: 6am-10pm, Wednesday: 6am-10pm, Thursday: 6am-10pm, Friday: 6am-10pm, Saturday: 6am-10pm, Sunday: 6am-10pm",https://lh3.googleusercontent.com/gps-cs-s/AG0ilSzBejUgnhtXW5kU8GkFSdExdRj4zrUyC3m1Omzenv2jGHcXa-ApOv7YNulC1J1-EQp07VCqZUu5NZVcZzmu0tJwplQ9H3sHl8NYl6Rls2qmwCCFjWW6sPFV9ub4Dkg6OIkhOj_SCw,,"Wheelchair-accessible car park, Wheelchair-accessible entrance, Credit cards, Debit cards, NFC mobile payments"
Telford Pickleball Centre,Sports complex,MHHP+8C,"MHHP+8C, Telford TF3 3AT",Telford,,United Kingdom,GB,07450982098,,https://telfordpickleball.com/pages/homepage.aspx,,,,,https://www.google.com/maps?cid=2572876748393771304,,5,7,,https://lh3.googleusercontent.com/gps-cs-s/AG0ilSxloELSHFf00d2OCWSuDcKB_3ouNBSH62yimZNkuNc5bjfz_gkI9OY3qekheUCOE5Q789LL8KtWw5knOK2PmWk_p84IvDM5Vx7P5W4OmYU4UXqdVXn4LlwU8Osl9Em3Q19dvzh4_Q,,"Wheelchair-accessible car park, Wheelchair-accessible entrance, Debit cards, NFC mobile payments"
Tennis & Padel Courts,Tennis court,28 Walcot Rd,"28 Walcot Rd, Diss IP22 4DB",Diss,IP22 4DB,United Kingdom,GB,,,,,,,,https://www.google.com/maps?cid=808048028305320030,,,,,https://streetviewpixels-pa.googleapis.com/v1/thumbnail?panoid,,
Tennis and Padel Courts,Athletics field,,"Lyne, Chertsey KT16 0EL",Chertsey,,United Kingdom,GB,,,,,,,,https://www.google.com/maps?cid=890056181341667091,,,,,,,
Thame Leisure Centre,"Leisure centre, Badminton court, Fitness centre, Gym, Personal trainer, Pickleball court, Public swimming pool, Swimming pool, Swimming school, Table tennis facility","Leisure Centre, Oxford Rd","Leisure Centre, Oxford Rd, Thame OX9 2BB",Thame,OX9 2BB,United Kingdom,GB,01844215607,thame@gll.org,https://www.better.org.uk/leisure-centre/south-oxfordshire/thame-leisure-centre?utm_source=google&utm_medium=organic&utm_campaign=google_my_business,https://www.facebook.com/betteruk/,https://www.instagram.com/better_uk/,,"https://x.com/gll_uk, https://twitter.com/better_uk",https://www.google.com/maps?cid=16709784281296502015,,3.9,264,"Monday: 6am-10pm, Tuesday: 6am-10pm, Wednesday: 6am-10pm, Thursday: 6am-10pm, Friday: 6am-10pm, Saturday: 7am-5pm, Sunday: 7am-5pm",https://lh3.googleusercontent.com/gps-cs-s/AG0ilSyo2FWVo2TmqOi2hGWYkk89tE2BLR-s-gGf1IbZTEtV60O4DvHBO-fzuLO95REyB1aBVysXJ3kVdMif_R7jBsFZm-KrH43B6qEiWcH24ZTUGK44vYMqaUlGyqAKVGOtZu7_xr9J,"Fitness and swimming centre with a 25m pool, gym, bike exercise classes and a dance studio.","Wheelchair-accessible car park, Wheelchair-accessible entrance"
That Padel Club - Newark,Padel club,Whittle Cl,"Whittle Cl, Newark NG24 2DY",Newark,NG24 2DY,United Kingdom,GB,,info@thatpadelclub.co.uk,https://thatpadelclub.co.uk/,,https://www.instagram.com/thatpadelclub,,,https://www.google.com/maps?cid=11452260906724065308,,4.9,12,"Monday: 6am-10pm, Tuesday: 6am-10pm, Wednesday: 6am-10pm, Thursday: 6am-10pm, Friday: 6am-10pm, Saturday: 6am-10pm, Sunday: 6am-10pm",https://lh3.googleusercontent.com/gps-cs-s/AG0ilSyFo_MN8moG1PmDOHG668_w0_V72EVfBulIlfTFuhQHyTJFANzGnHoyy5u6M4Hq1Sqd_xUCKp_pgZc9IrdaQSoGdm599EJHECx8JYTg-gpXzs354bx4HHlCD8azR4NfFIjMN7_DHbZVHt8c,,Toilet
The 108 London Baseball & Padel Centre,"Padel club, Batting cage centre",Brent Terrace,"Brent Terrace, Brent Cross, London NW2 1LT",London,NW2 1LT,United Kingdom,GB,02035355671,,https://www.the108.co.uk/,,,,,https://www.google.com/maps?cid=3342667489867179488,,4.7,69,"Monday: 7am-10pm, Tuesday: 7am-10pm, Wednesday: 7am-10pm, Thursday: 7am-10pm, Friday: 7am-11pm, Saturday: 7am-11pm, Sunday: 7am-10pm",https://lh3.googleusercontent.com/gps-cs-s/AG0ilSwS4evbr4gfxPMih3eu1C7gl4sFGth2yyVOYh0Z4Rx01Uv0oxjoJH30VP0WtQj_pJPMfq5kRdQH04wRzXImZGvX7G-Itd8B69yvBO-He5bEexD7d6nWTixWV0CAWEisa98nhFbe,,"On-site services, Wheelchair-accessible car park, Wheelchair-accessible entrance, Credit cards, Debit cards, NFC mobile payments, Free parking lot"
The Albert Bowling & Tennis Club,"Social club, Bar, Bowling club, Pickleball court, Snooker and Pool Club, Table tennis club, Tennis club",39-41 Old Lansdowne Rd,"39-41 Old Lansdowne Rd, West Didsbury, Manchester M20 2PA",Manchester,M20 2PA,United Kingdom,GB,01614451056,membership@thealbertclub.co.uk,https://thealbertclub.co.uk/,https://facebook.com/thealbertclub,,,,https://www.google.com/maps?cid=16239997614243325680,,4.6,216,"Monday: 4-11pm, Tuesday: 1-11pm, Wednesday: 4-11pm, Thursday: 1-11pm, Friday: 4pm-12:30am, Saturday: 12pm-1am, Sunday: 12-11pm",https://lh3.googleusercontent.com/gps-cs-s/AG0ilSwVwaycB4FTTi8d0kmVfx0nGm2CxqC4NaN1W9YKDrlV4pRb17f8qaZRdao6pfv5grPB75RN9klsSmDc1gWGktzc6J3a4LkHx5-bt0x63atcYEEUcvqCO3dfN2QHIFumM7xAIg0t,"Members' facility offering bowling green and 6 floodlit tennis courts, plus a bar and snooker room.","On-site services, Wheelchair-accessible car park, Wheelchair-accessible entrance, Wheelchair-accessible seating, Wheelchair-accessible toilet, Credit cards, Debit cards, NFC mobile payments, Credit cards, Discounts for kids, Family discount, On-site parking"
The Edgbaston Priory Club,"Tennis club, Gym, Indoor swimming pool, Outdoor swimming pool, Padel court, Squash court, Tennis court",Sir Harrys Rd,"Sir Harrys Rd, Birmingham B15 2UZ",Birmingham,B15 2UZ,United Kingdom,GB,01214402492,contactus@edgbastonpriory.com,http://www.edgbastonpriory.com/,http://facebook.com/edgbastonpriory,,,https://twitter.com/edgbastonpriory,https://www.google.com/maps?cid=12962473257804748194,,4.5,541,"Monday: 6:15am-10pm, Tuesday: 6:15am-10pm, Wednesday: 6:15am-10pm, Thursday: 6:15am-10pm, Friday: 6:15am-10pm, Saturday: 8am-8pm, Sunday: 8am-7pm",https://lh3.googleusercontent.com/gps-cs-s/AG0ilSykADSpopMIHHJ-kvdkrF8CReH0zYp1B3cwWVMLO6kbfWTE1Sg1Dr_ZomnBuRx_tUOdeWd2cheTEXC1ku9wGBGtdklgYHq_HkHZez2l9Zsyo26a3-t-GCh4o0bIRnADkZ-UPA2S,,"Wheelchair-accessible car park, Wheelchair-accessible entrance, Wheelchair-accessible toilet, Toilet"
The Essex Golf and Country Club,"Gym, Country club, Fitness centre, Golf driving range, Hotel, Padel court, Spa, Tennis court, Wedding venue",,"Earls Colne, Colchester CO6 2NS",Colchester,CO6 2NS,United Kingdom,GB,01787224466,s.larking@theclubcompany.com,https://www.theclubcompany.com/the-essex,,,,,https://www.google.com/maps?cid=17121043015676557424,https://golf.theessexgolfandcountryclub.com/visitorbooking/,4,736,,https://lh3.googleusercontent.com/p/AF1QipMPwtnre_D_m_x1Y7YQAYtHtBeY-kVjvGiBOgTk,"Modern rooms with free WiFi, in country club hotel offering bar/restaurant, 2 golf courses and spa.","Outdoor services, Wheelchair-accessible car park, Wheelchair-accessible entrance, Wheelchair-accessible toilet, Sauna, Shower, Credit cards, Debit cards, NFC mobile payments, Credit cards, Free parking lot, On-site parking"
The Heron Country Club,"Golf club, Golf driving range, Padel club, Restaurant",,"Herongate, Brentwood CM13 3LW",Brentwood,CM13 3LW,United Kingdom,GB,01277811289,info@heroncountryclub.uk,http://heroncountryclub.uk/,"https://www.facebook.com/theheroncountryclub, https://www.facebook.com/theherongc","https://www.instagram.com//the_heron_golfclub, https://www.instagram.com/the_heron_countryclub, https://www.instagram.com/southessexgolfclub, https://www.instagram.com/theheroncountryclub",https://www.linkedin.com/company/heroncountryclub,,https://www.google.com/maps?cid=8361331357760032910,,4.4,659,"Monday: 7am-10pm, Tuesday: 7am-10pm, Wednesday: 7am-10pm, Thursday: 7am-10pm, Friday: 6:30am-10pm, Saturday: 6:30am-10pm, Sunday: 6:30am-10pm",https://lh3.googleusercontent.com/gps-cs-s/AG0ilSwgjRGLQO_xBmQB1ZvwqHiz88m85qxH6ugbQg6klzCUzCTqxNE9n7T1OmYDJIegFU0pxbMql1MnN__S975KIkRexVwza8VhxGG1KPblORi1OvtYVr2tu528JvfRYdZADyvcJKcplBkkXas,,"On-site services, Wheelchair-accessible car park, Wheelchair-accessible entrance, Wheelchair-accessible toilet, Food, Toilet, Wi-Fi, Credit cards, Debit cards, NFC mobile payments, Free of charge street parking, Free parking lot"
The Heron Padel Club,Padel club,The Heron Country Club,"The Heron Country Club, Herongate, Brentwood CM13 3LW",Brentwood,CM13 3LW,United Kingdom,GB,01277811289,info@heroncountryclub.uk,http://www.heroncountryclub.uk/,"https://www.facebook.com/theherongc, https://www.facebook.com/theheroncountryclub","https://www.instagram.com//the_heron_golfclub, https://www.instagram.com/southessexgolfclub, https://www.instagram.com/theheroncountryclub, https://www.instagram.com/the_heron_countryclub",https://www.linkedin.com/company/heroncountryclub,,https://www.google.com/maps?cid=13598770690256385199,,4.9,16,"Monday: 8am-9:30pm, Tuesday: 8am-9:30pm, Wednesday: 8am-9:30pm, Thursday: 8am-9:30pm, Friday: 8am-9:30pm, Saturday: 8am-9:30pm, Sunday: 8am-9:30pm",https://lh3.googleusercontent.com/p/AF1QipO9YJURZ3Vy_8hasvLs0tgV1g_FOPXF5rRc4rWV,,"Wheelchair-accessible car park, Wheelchair-accessible entrance, Wheelchair-accessible toilet, Toilet"
The Hook Club,Padel club,Wilmslow Rd,"Wilmslow Rd, Macclesfield SK10 4QT",Macclesfield,SK10 4QT,United Kingdom,GB,07943442042,hello@thehookclub.co.uk,https://thehookclub.co.uk/,,http://www.instagram.com/thehookclub.uk,,,https://www.google.com/maps?cid=11689407198839345453,,4.8,10,,https://lh3.googleusercontent.com/p/AF1QipPDFE90geenxP_WWk9lMkT7fHY9SWAdanqk16NZ,,"Wheelchair-accessible car park, Toilet"
The Leisure Box,"Leisure centre, Community centre, Community health centre, Gym, Netball club, Padel court, Pickleball court, Football pitch, Sports club, Sports complex","Northlight, Glen Way","Northlight, Glen Way, Brierfield BB9 5NH",Nelson,BB9 5NH,United Kingdom,GB,01282222380,leisurebox@burnleyfc.com,https://www.theleisurebox.org/,https://www.facebook.com/theleisurebox,https://www.instagram.com/theleisurebox,,https://twitter.com/theleisurebox,https://www.google.com/maps?cid=6414853834790199959,https://bit.ly/3NBZd5h,4.4,321,"Monday: 9am-10pm, Tuesday: 9am-10pm, Wednesday: 9am-10pm, Thursday: 9am-10pm, Friday: 9am-10pm, Saturday: 9am-6pm, Sunday: 9am-6pm",https://lh3.googleusercontent.com/gps-cs-s/AG0ilSwt88e3Dz7S5Ls7A6OwplXgMqbwXjAxxJCZ2kQ-Ej193p4GVVW6L4vUPgJBFxgOh1H8des8NNFZ-LS1XkPRH2rEZx39bBtMjXbup3UM4S9L1BBPT--uyZGI_dUQRzS72CajSVcM,,"Wheelchair-accessible car park, Wheelchair-accessible entrance, Wheelchair-accessible toilet, Gender-neutral toilets, LGBTQ+ friendly, Free parking lot, On-site parking"
The Padel Barn,Sports club,Whitton Three Gates,"Whitton Three Gates, Stockton-on-Tees TS21 1LG",Stockton-on-Tees,TS21 1LG,United Kingdom,GB,703593480,,https://www.padel-sedgefield.co.uk/,,,,,https://www.google.com/maps?cid=10101591972252289348,,4.4,8,"Monday: 7am-10pm, Tuesday: 7am-10pm, Wednesday: 7am-10pm, Thursday: 7am-10pm, Friday: 7am-9:30pm, Saturday: 7am-9pm, Sunday: 7am-9pm",,,"Wheelchair-accessible car park, Wheelchair-accessible entrance, Toilet"
The Padel Barn | Opening January 2026,Padel court,"Hoo Hills Farm, Bosworth Rd","Hoo Hills Farm, Bosworth Rd, Market Bosworth, Nuneaton CV13 6PA",Nuneaton,CV13 6PA,United Kingdom,GB,,,https://www.the-padelbarn.com/,https://www.facebook.com/profile.php,"https://www.instagram.com/the_padelbarn, https://www.instagram.com/the_padelbarn/",,,https://www.google.com/maps?cid=11676759377173657434,,,,,https://lh3.googleusercontent.com/p/AF1QipPi3fIqnLhinOQMUv1dqKXIH9m4cvTTXM2YV4Mw,,"On-site services, LGBTQ+ friendly, Transgender safe space, Credit cards, Free parking lot, On-site parking"
The Padel Barn Leeming Bar,Padel club,"Unit 8, The, Olive Grove","Unit 8, The, Olive Grove, Leeming Bar, Northallerton DL7 9UL",Northallerton,DL7 9UL,United Kingdom,GB,07703593480,,https://www.padel-sedgefield.co.uk/leeming-bar,,,,,https://www.google.com/maps?cid=15688969369740699816,,,,,https://lh3.googleusercontent.com/gps-cs-s/AG0ilSxBnlnfPrkjK2xM7OO9ZuUoEc6vYiL3mDTwX5v9oTMmkYByFcAh9pFKxH4tBqRB27NyYtoNtmbJEAolVMgm0tMOWt9C1k254W7qjVVXrtyn5T3MrlFU5wY_ilcziM0SOndtT-Ky4joqa3U2,,"Wheelchair-accessible car park, Toilet"
The Padel Club,Sports club,A34 Wilmslow - Handforth Bypass,"A34 Wilmslow - Handforth Bypass, Wilmslow SK9 3PE",Wilmslow,SK9 3PE,United Kingdom,GB,01613580960,info@thepadelclub.co.uk,http://www.thepadelclub.co.uk/,https://www.facebook.com/thepadelclubuk,https://www.instagram.com/thepadelclubuk,https://www.linkedin.com/company/the-padel-club-ltd,https://twitter.com/thepadelclub,https://www.google.com/maps?cid=6517450960188051101,,4.5,62,"Monday: 6:30am-10pm, Tuesday: 6:30am-10pm, Wednesday: 6:30am-10pm, Thursday: 6:30am-10pm, Friday: 7am-9pm, Saturday: 8am-7pm, Sunday: 8am-7pm",https://lh3.googleusercontent.com/gps-cs-s/AG0ilSyceEoMZsbNstHt-4Hb1Z1vnCd5EPDw975zf8mrzz7edlJwHOUtkQzUxQ5hBMuNiOPaBNerUMQQ1Ks3dg412JQme5pMkBIl-fqVO9I0SFIlyZZZsWlZi4su91CHUv9GXCm7pZVp,,"Wheelchair-accessible car park, Wheelchair-accessible entrance, Wheelchair-accessible toilet, Toilet"
The Padel Club,Sports club,15 Trafford Way,"15 Trafford Way, Trafford Park, Stretford, Manchester M41 7JA",Manchester,M41 7JA,United Kingdom,GB,01613580096,info@thepadelclub.co.uk,https://www.thepadelclub.co.uk/,https://www.facebook.com/thepadelclubuk,https://www.instagram.com/thepadelclubuk,https://www.linkedin.com/company/the-padel-club-ltd,https://twitter.com/thepadelclub,https://www.google.com/maps?cid=13797225828116893485,,4.7,55,"Monday: 6am-11pm, Tuesday: 6am-11pm, Wednesday: 6am-11pm, Thursday: 6am-11pm, Friday: 6am-11pm, Saturday: 7am-10pm, Sunday: 7am-10pm",https://lh3.googleusercontent.com/gps-cs-s/AG0ilSzZnHdteU9N6kFU2XGtnnJj-31hjAvvpHhFocc3XhDicFYQZL1di1205TwXLZDvuPkbr3dQyOStoakU2M4ehvMlRLITQKe9cu0MkilZmx2s7LHZdQl5wpdiZLbhnfzlLQHjPA_kKucyrDc,,"Wheelchair-accessible car park, Wheelchair-accessible entrance, Wheelchair-accessible toilet, Toilet"
The Padel Club,Sports club,"The Peel Centre, St Ann Way","The Peel Centre, St Ann Way, Gloucester GL1 5SF",Gloucester,GL1 5SF,United Kingdom,GB,01452491004,info@thepadelclub.co.uk,https://www.thepadelclub.co.uk/,https://www.facebook.com/thepadelclubuk,https://www.instagram.com/thepadelclubuk,https://www.linkedin.com/company/the-padel-club-ltd,https://twitter.com/thepadelclub,https://www.google.com/maps?cid=7226188251060193133,,4.7,55,"Monday: 6:30am-11pm, Tuesday: 6:30am-11pm, Wednesday: 6:30am-11pm, Thursday: 6:30am-11pm, Friday: 6:30am-11pm, Saturday: 8am-10pm, Sunday: 8am-10pm",https://lh3.googleusercontent.com/gps-cs-s/AG0ilSxAmLG2I3gaIR64SVFCP1y4-qH-PiKbgHJCuB_ua-i1C_ORim159ook2IpuRrXbz6AHP4rbg3Om2Ih-aGyZ1fHSkhzanzWfrqKTmcUat-qMJxWz28GMxW9bKsuUtZdmFbBtIvMX,,"Wheelchair-accessible car park, Wheelchair-accessible entrance, Wheelchair-accessible toilet, Toilet"
The Padel Club Cheltenham,Sports club,"Unit 11, Festival Trade Park, Off Wymans Ln, Kingsditch Ln","Unit 11, Festival Trade Park, Off Wymans Ln, Kingsditch Ln, Cheltenham GL51 9NQ",Cheltenham,GL51 9NQ,United Kingdom,GB,01242308010,info@thepadelclub.co.uk,https://www.thepadelclub.co.uk/,https://www.facebook.com/thepadelclubuk,https://www.instagram.com/thepadelclubuk,https://www.linkedin.com/company/the-padel-club-ltd,https://twitter.com/thepadelclub,https://www.google.com/maps?cid=2482428588269305467,,4.9,10,"Monday: 6am-11pm, Tuesday: 6am-11pm, Wednesday: 6am-11pm, Thursday: 6am-11pm, Friday: 6am-11pm, Saturday: 7am-10pm, Sunday: 7am-10pm",https://lh3.googleusercontent.com/gps-cs-s/AG0ilSzAhDo8Xmy6csR1j5j10S-AyQcQYXe5D_rq_5SSM_pTjmshOrlBksHGDKeOxBsjtrt4ilkUe-DPuzH8LAyrCsHsikD594B3GJQNhIjDzCW5mV6C89CjDCUxy3jaTYdByKo_2kkMkg26mith,,"Wheelchair-accessible car park, Wheelchair-accessible entrance, Toilet"
The Padel Company,,"50 Carnwath Rd, Greater","50 Carnwath Rd, Greater, London SW6 3DQ",London,SW6 3DQ,United Kingdom,GB,02077365769,,https://www.thepadelcompany.co.uk/about-us,http://facebook.com/squarespace,,,,https://www.google.com/maps?cid=5925888703641201767,,,,,https://streetviewpixels-pa.googleapis.com/v1/thumbnail?panoid,,
The Padel Court Company,"Padel club, Padel court","Furzedown Farm, Furzedown Rd","Furzedown Farm, Furzedown Rd, Stockbridge SO20 6NL",Stockbridge,SO20 6NL,United Kingdom,GB,07778000709,sombornepadel@gmail.com,http://www.thepadelcourtcompany.co.uk/,https://www.facebook.com/the-padel-court-company-365097153973271,,,,https://www.google.com/maps?cid=4421988649955875721,,5,3,"Monday: 8am-9pm, Tuesday: 8am-9pm, Wednesday: 8am-9pm, Thursday: 8am-9pm, Friday: 8am-9pm, Saturday: 8am-9pm, Sunday: 8am-9pm",https://lh3.googleusercontent.com/p/AF1QipM5IVo_-vxXF86YEfwmJjGf1krn-1xypvITEXCm,,"Wheelchair-accessible car park, Wheelchair-accessible entrance, Credit cards, Debit cards, NFC mobile payments"
The Padel Den,Sports club,,Sandbach CW11 3BF,Sandbach,CW11 3BF,United Kingdom,GB,,info@thepadelden.com,https://linktr.ee/thepadelden,https://www.facebook.com/profile.php,https://www.instagram.com/linktr.ee,,,https://www.google.com/maps?cid=16973922166275402949,,5,25,"Monday: 8am-9pm, Tuesday: 8am-9pm, Wednesday: 8am-9pm, Thursday: 8am-9pm, Friday: 8am-9pm, Saturday: 8am-9pm, Sunday: 8am-9pm",https://lh3.googleusercontent.com/gps-cs-s/AG0ilSybAYtf91cuM6jz2_ACdW0X_lPQbgBTjb_NF5Ct5OUeLWZf3IFJ-sOu01kyDLsR4xLEjlJ4MpP6LRPpLm5JJ9cmIaHTsMgSaswXv0NBEJEXiLqB03TSAxDkUKlZjFaxewpxWYeaO0d-X-jr,,"Wheelchair-accessible car park, Wheelchair-accessible entrance, Toilet"
The Padel Farm,Sports complex,Well Lane,"Well Lane, Sutton-on-the-Forest, York YO61 1EE",York,YO61 1EE,United Kingdom,GB,,,https://www.padel-york.co.uk/,,,,,https://www.google.com/maps?cid=16870695856510735514,,4.7,21,"Monday: 6am-10pm, Tuesday: 6am-10pm, Wednesday: 6am-10pm, Thursday: 6am-10pm, Friday: 6am-10pm, Saturday: 6am-10pm, Sunday: 6am-10pm",https://lh3.googleusercontent.com/gps-cs-s/AG0ilSzDbPT0SAcQWdGG29looUl-rh2FChOg75JC5VCruMvhdDCU-RmYKj3kyl7tYjE_IvttvHkrtmWlb4UVGgz059eqwVNc-9VODlLeMgqpxZdA05DrkL_e8POGvOwXylCx4xI3Lpvc_Q,,"Wheelchair-accessible car park, Wheelchair-accessible entrance, Credit cards, Debit cards"
The Padel Hangar,Sports club,Hulme Hall Ln,"Hulme Hall Ln, Knutsford WA16 9JN",Knutsford,WA16 9JN,United Kingdom,GB,,,https://www.thepadelhangar.com/,,,,,https://www.google.com/maps?cid=5805580875009719032,,5,5,"Monday: 7am-9pm, Tuesday: 7am-9pm, Wednesday: 7am-9pm, Thursday: 7am-9pm, Friday: 7am-9pm, Saturday: 7am-9pm, Sunday: 7am-9pm",https://lh3.googleusercontent.com/gps-cs-s/AG0ilSxOj-Wq8PxFCI1JlY3RKaV2aeO24eO3S06P-N1LJHzuGTxpw8NKB2m55POvccKhUYswSOgZd0i8ZOOtV8wgIZ4TwcBHgtaoBnfj3Fsy2QHg1OnFNHelslnXNlNoGaa-sa1E6mYexmYsQEQ,,"Wheelchair-accessible car park, Toilet"
The Padel Inn,Padel court,"Units 13-15, The Great Bridge Centre Charles Street","Units 13-15, The Great Bridge Centre Charles Street, Birmingham B70 0BF",Birmingham,B70 0BF,United Kingdom,GB,01217145543,hello@padel-inn.com,https://padel-inn.com/?fbclid=PAZXh0bgNhZW0CMTEAAafp2_pvNipSZwzwWnnwqhe4BNxtpoE1luLeacC6eoJwYyya9Oy_dZFrwTmODQ_aem_KcyM__gfHKZ1_xYZYzfOUA,,,,,https://www.google.com/maps?cid=16858276579430154723,,5,21,"Monday: 7am-10pm, Tuesday: 7am-10pm, Wednesday: 7am-10pm, Thursday: 7am-10pm, Friday: 7am-10pm, Saturday: 7am-10pm, Sunday: 7am-10pm",https://lh3.googleusercontent.com/gps-cs-s/AG0ilSxVYgI0AUO7QfscOkuiVrdaTLSthOxUyVFaXvKrfwPRuc_L7N1ogz7Igu-lmEjaouJSlF3LA6A1Ya3vZIIjpbbQPXZvmGREDLCSq3F8jJhjDFyx15XXo9RJfW1SxgqP2rlya2LXJFMC_CKr,,"Wheelchair-accessible car park, Wheelchair-accessible entrance, Credit cards, Debit cards, NFC mobile payments"
The Padel Loft,"Padel club, Service establishment",,,,,,,,info@thepadelloft.com,https://thepadelloft.com/,,"https://www.instagram.com/thepadelloft_/, https://www.instagram.com/thepadelloft_",https://www.linkedin.com/company/thepadelloft,,https://www.google.com/maps?cid=3563246117532238998,,,,"Monday: 7am-11pm, Tuesday: 7am-11pm, Wednesday: 7am-11pm, Thursday: 7am-11pm, Friday: 7am-11pm, Saturday: 7am-11pm, Sunday: 7am-11pm",https://lh3.googleusercontent.com/p/AF1QipOABg48kIaDIn91ewz8SyFa6SxBftTBtwx6RDzd,,
The Padel Point,Padel club,Norfolk Premier Golf,"Norfolk Premier Golf, Norwich NR13 4JS",Norwich,NR13 4JS,United Kingdom,GB,,info@thepadelpoint.club,https://www.thepadelpoint.club/,,,,,https://www.google.com/maps?cid=1215431512241407810,,5,3,"Monday: 9am-9pm, Tuesday: 9am-9pm, Wednesday: 9am-9pm, Thursday: 9am-9pm, Friday: 9am-9pm, Saturday: 9am-8pm, Sunday: 9am-6pm",https://lh3.googleusercontent.com/p/AF1QipOV5VmJ9FdeZlgDG458gOILmRn7girjkVBKbK3_,,"On-site services, Wheelchair-accessible car park, Toilet"
The Padel School,"Sports school, Service establishment",,,,,,,,,http://thepadelschool.com/,https://www.facebook.com/thepadelschool,https://www.instagram.com/thepadelschool,https://www.linkedin.com/company/65819463/admin/feed,https://www.twitter.com/thepadelschool,https://www.google.com/maps?cid=16664549593582495813,http://thepadelschool.com/,5,1,,https://lh3.googleusercontent.com/p/AF1QipMk0_MOTeDkG2w2pXNo9d43zQJQvTvDR9Tkk1dy,,Online classes
The Padel Studio,Padel club,"Units B1 and B2, Yalding Enterprise Park","Units B1 and B2, Yalding Enterprise Park, Yalding, Maidstone ME18 6HG",Maidstone,ME18 6HG,United Kingdom,GB,,,https://thepadelstudio.com/,,,,,https://www.google.com/maps?cid=17915024992319762394,,,,,,,Toilet
The Padel Team - Bristol,Sports club,1 Barrow Rd,"1 Barrow Rd, Bristol BS5 0HU",Bristol,BS5 0HU,United Kingdom,GB,07356242844,info@thepadelteam.net,https://www.thepadelteam.net/,https://www.facebook.com/wix,"https://www.instagram.com/wix, https://www.instagram.com/thepadelteambristol",https://www.linkedin.com/company/thepadelteam,"https://twitter.com/wix, https://www.twitter.com/wix",https://www.google.com/maps?cid=11580450902208434518,,4.9,182,"Monday: 6:30am-12am, Tuesday: 6:30am-12am, Wednesday: 6:30am-12am, Thursday: 6:30am-12am, Friday: 6:30am-12am, Saturday: 8am-12am, Sunday: 8am-12am",https://lh3.googleusercontent.com/gps-cs-s/AG0ilSyDEAO4lO7UwMczwXmDoj9axsIgJFr-te4tSkMzZDWy5XXVQVfP6FKH9dLhIyOVxLOjWCts-HKmKphRrVpfwuIV6JjcAevCF77kaZsM1xcIp8CQ1ytBCrK04YZXpmEwrL0f0mQdBQ,,"Wheelchair-accessible car park, Wheelchair-accessible entrance, Wheelchair-accessible toilet, Toilet, Wi-Fi, Free parking lot, On-site parking"
The Padel Yard - G4P - Vauxhall Square,"Padel club, Padel court, Social club, Spa and health club, Sports bar, Sports club, Tennis club, Tennis court",Vauxhall Sqaure,"Vauxhall Sqaure, London SW8 2LX",London,SW8 2LX,United Kingdom,GB,,general@thepadelyard.com,https://www.thepadelyard.com/,,,,,https://www.google.com/maps?cid=15729783643078947904,,4.3,33,"Monday: 7am-10pm, Tuesday: 7am-10pm, Wednesday: 7am-10pm, Thursday: 7am-10pm, Friday: 7am-10pm, Saturday: 7am-10pm, Sunday: 7am-10pm",https://lh3.googleusercontent.com/p/AF1QipOTS7gX0NvwxhqbpUKVNPDSXx1DnDCoa3_Muu3_,,Toilet
The Padel Yard - G4P - Wandsworth,"Padel club, Bar & grill, Coffee shop, Events Venue, Padel court, Pickleball court, Social club, Spa, Sports bar, Sports club",2 Armoury Way,"2 Armoury Way, London SW18 1SH",London,SW18 1SH,United Kingdom,GB,,general@thepadelyard.com,http://thepadelyard.com/,,,,,https://www.google.com/maps?cid=18078271158388770101,,4.4,199,"Monday: 7am-11pm, Tuesday: 7am-11pm, Wednesday: 7am-11pm, Thursday: 7am-11pm, Friday: 7am-11pm, Saturday: 7am-11pm, Sunday: 7am-11pm",https://lh3.googleusercontent.com/p/AF1QipOkQJaZp6icVv2xvQ1cKp842c6eePcZUfakD8vC,,"Wheelchair-accessible car park, Wheelchair-accessible entrance, Wheelchair-accessible seating, Wheelchair-accessible toilet, Toilet, Free parking lot, On-site parking, Paid street parking"
The Pickleball Shed,Pickleball court,"Unit 18, Greenpark Business Centre, Goose Ln","Unit 18, Greenpark Business Centre, Goose Ln, York YO61 1ET",York,YO61 1ET,United Kingdom,GB,01904951508,info@thepickleballshed.co.uk,https://www.thepickleballshed.co.uk/,https://www.facebook.com/733608103175626,https://www.instagram.com/thepickleballshedyork,,,https://www.google.com/maps?cid=16653684246711634724,https://www.thepickleballshed.co.uk/,5,10,"Monday: 10am-10pm, Tuesday: 10am-8pm, Wednesday: 10am-10pm, Thursday: 10am-10pm, Friday: 10am-10pm, Saturday: 8am-6pm, Sunday: 10am-6pm",https://lh3.googleusercontent.com/p/AF1QipMM5ceQk-iLp5KUbFGuDZp3NRh3FoJg_d758CB8,,"Wheelchair-accessible car park, Wheelchair-accessible entrance, Wheelchair-accessible toilet, Free parking lot"
The Plumstead Centre,"Leisure centre, Badminton court, Fitness centre, Gym, Indoor playground, Library, Performing arts group, Pickleball court, Sports complex, Tennis court",232 Plumstead High St,"232 Plumstead High St, London SE18 1JL",London,SE18 1JL,United Kingdom,GB,02080753400,theplumsteadcentre@gll.org,https://www.better.org.uk/leisure-centre/london/greenwich/the-plumstead-centre?utm_source=google&utm_medium=organic&utm_campaign=google_my_business,https://www.facebook.com/betteruk/,https://www.instagram.com/better_uk/,,"https://x.com/gll_uk, https://twitter.com/better_uk",https://www.google.com/maps?cid=7300075006305779914,,4.6,140,"Monday: 6:30am-9pm, Tuesday: 6:30am-9pm, Wednesday: 6:30am-9pm, Thursday: 6:30am-9pm, Friday: 6:30am-9pm, Saturday: 9am-5pm, Sunday: 9am-5pm",https://lh3.googleusercontent.com/p/AF1QipP-E3-AxpVQVdLKbyOGJQeAbvea7F0cNMk0fH1_,,
The Swing,"Sports club, Service establishment, Golf club, Padel club, Tennis club",,,,,,,,,http://theswing.club/,,,,,https://www.google.com/maps?cid=12814537886412321002,,,,,,,
The Welsh Padel Centre,Sports club,"Sports and Social Centre, Woodland Rd","Sports and Social Centre, Woodland Rd, Cwmbran NP44 2DZ",Cwmbran,NP44 2DZ,United Kingdom,GB,01633837437,,http://www.welshpadel.com/,,,,http://twitter.com/welshpadel,https://www.google.com/maps?cid=5128673262455087136,,4.9,29,"Monday: 8am-10pm, Tuesday: 8am-10pm, Wednesday: 8am-10pm, Thursday: 8am-10pm, Friday: 8am-10pm, Saturday: 9am-9pm, Sunday: 9am-9pm",https://lh3.googleusercontent.com/gps-cs-s/AG0ilSwJ1kP-eypeBm7SmtbnQHKdro2OxvyYVYRmCjeUetnpS1hVqckpCoQ4wQjoig0Yyk63yAhvdPpTEwpfQhh-aiLbbvHwyHed7lhQ4PALxhoBXbJdzsW9_kCottbxgntj4oDb_w0jqg,,"Wheelchair-accessible car park, Wheelchair-accessible entrance, Wheelchair-accessible toilet, Toilet"
This is Padel - Dronfield,Sports club,Callywhite Ln,"Callywhite Ln, Dronfield S18 2XR",Dronfield,S18 2XR,United Kingdom,GB,,,https://playtomic.io/tenant/b4f46e3d-5415-4bb8-8c42-a0825cb5365c?utm_source=app_ios&utm_medium=share,https://www.facebook.com/playtomic.io,,https://www.linkedin.com/company/playtomic,,https://www.google.com/maps?cid=6875453319894350097,,4.9,17,"Monday: 6:30am-10pm, Tuesday: 6:30am-10pm, Wednesday: 6:30am-10pm, Thursday: 6:30am-10pm, Friday: 6:30am-10pm, Saturday: 6:30am-10pm, Sunday: 6:30am-10pm",https://lh3.googleusercontent.com/gps-cs-s/AG0ilSw_vecphhSOc46CW42n8a4KS1OIEYkHY-_gIj76pILCL_FBnRx9wjxE_jSHoA_z_TYQQ1ap_TYW2nYy60kFhF2zlZ5EjA0MX48NRmRmLVzkCsj2szYseiKjV7Sr2pNYpgQFUesa,,"On-site services, Wheelchair-accessible car park, Wheelchair-accessible entrance, Wheelchair-accessible toilet, Toilet, Free parking lot, On-site parking"
Thoulstone Park,"Park and Garden, Dog park, Miniature golf course, Outdoor activity organiser, Padel club, Physical Fitness Programme, Restaurant, Self-catering accommodation, Wedding venue, Yoga Retreat Centre",,"Chapmanslade, Westbury BA13 4AQ",Westbury,BA13 4AQ,United Kingdom,GB,,info@thoulstonepark.co.uk,http://www.thoulstonepark.com/,"http://facebook.com/thoulstonepark, https://www.facebook.com/thoulstonepark","https://www.instagram.com/oneplanet.life, https://www.instagram.com/thoulstonepark",,https://twitter.com/thoulstonepark,https://www.google.com/maps?cid=7322774228874109228,,4.5,111,,https://lh3.googleusercontent.com/gps-cs-s/AG0ilSx3mRfIzpyhu2sLj6Ov-OBQcJXl0Z0fwZX3q2sGKHfc2kpvOYyasEg-LWzI63xaJPqKQ4ZebUsGUH75ip4372H2NVpQRvNDbZHVGmPd6Ynlf07jy_IGjF2Pf-WfbD28m05IT40V,,"On-site services, Picnics, Wheelchair-accessible car park, Wheelchair-accessible entrance, Wheelchair-accessible seating, Wheelchair-accessible toilet, LGBTQ+ friendly, Transgender safe space, Credit cards, Debit cards, NFC mobile payments, Good for kids, Good for kids birthday, Kid-friendly activities, Free parking lot, On-site parking, Dog park, Dogs allowed, Dogs allowed inside"
Tonbridge Golf Centre,"Padel court, Cafe, Golf course, Golf shop, Miniature golf course, Golf driving range",Cannon Ln,"Cannon Ln, Tonbridge TN9 1PP",Tonbridge,TN9 1PP,United Kingdom,GB,01732353281,tonbridgepadeltennis@gmail.com,http://www.tonbridgegolfcentre.com/,https://www.facebook.com/tonbridgegolfcentre,,,,https://www.google.com/maps?cid=448839817779596429,https://booking.bookinghound.com/fe/booking?og=54fa03a6-b147-4d94-a1fe-8f1abc75a9fe,4.4,543,"Monday: 8am-9pm, Tuesday: 8am-9pm, Wednesday: 8am-9pm, Thursday: 8am-9pm, Friday: 8am-9pm, Saturday: 8am-8pm, Sunday: 8am-7pm",https://lh3.googleusercontent.com/p/AF1QipNjWO29D_ahVwhVwpQBv2mcvqzntVRBp5nniiUm,,"On-site services, Wheelchair-accessible car park, Wheelchair-accessible entrance, Credit cards, Debit cards, NFC mobile payments, Credit cards, On-site parking"
Tonbridge Padel Tennis,Padel court,Cannon Ln,"Cannon Ln, Tonbridge TN9 1PP",Tonbridge,TN9 1PP,United Kingdom,GB,,tonbridgepadeltennis@gmail.com,https://www.tonbridgegolfcentre.com/padel-tennis,https://www.facebook.com/tonbridgegolfcentre,,,,https://www.google.com/maps?cid=17045975272008527088,,,,"Monday: 6:30am-10pm, Tuesday: 6:30am-10pm, Wednesday: 6:30am-10pm, Thursday: 6:30am-10pm, Friday: 6:30am-10pm, Saturday: 6:30am-8pm, Sunday: 6:30am-7pm",,,Credit cards
Topsham Pickleball Club,Sports club,,"Topsham, Exeter EX3 0HF",Exeter,,United Kingdom,GB,,,,,,,,https://www.google.com/maps?cid=11796690373803591315,,,,,https://streetviewpixels-pa.googleapis.com/v1/thumbnail?panoid,,Toilet
Tour Padel - Avery Hill Campus,Sports club,"University of Greenwich, Avery Hill Rd","University of Greenwich, Avery Hill Rd, New Eltham, Campus SE9 2UG",Campus,SE9 2UG,United Kingdom,GB,07418641158,info@tourpadel.co.uk,http://www.tourpadel.co.uk/,https://www.facebook.com/profile.php,https://www.instagram.com/tourpadeluk,https://www.linkedin.com/company/tour-padel,,https://www.google.com/maps?cid=17155982696510297196,,,,,https://streetviewpixels-pa.googleapis.com/v1/thumbnail?panoid,,"Wheelchair-accessible car park, Wheelchair-accessible entrance, Wheelchair-accessible toilet, Toilet, Free parking lot, On-site parking"
Tour Padel - Medway Campus,Sports club,Medway Campus - University of Greenwich,"Medway Campus - University of Greenwich, Gillingham, Chatham ME4 4AG",Chatham,ME4 4AG,United Kingdom,GB,07418641158,info@tourpadel.co.uk,https://www.tourpadel.co.uk/,https://www.facebook.com/profile.php,https://www.instagram.com/tourpadeluk,https://www.linkedin.com/company/tour-padel,,https://www.google.com/maps?cid=16642061985830693396,,4.8,18,"Monday: 8am-10pm, Tuesday: 8am-10pm, Wednesday: 8am-10pm, Thursday: 8am-10pm, Friday: 8am-10pm, Saturday: 8am-10pm, Sunday: 8am-10pm",https://lh3.googleusercontent.com/gps-cs-s/AG0ilSzlo4XWqePXDnz84Kjh5u1fpy04iW-eC8ncYeQBYKCpBxXI5V__7JQ8yQl_BoBourFmSsEFra44A6vBjwmX0pdpzaAzDhrcywnhXX-d1sJkTKgzJDpzc0-T2Opryqep8q6yxeLk72i_33Y,,"Wheelchair-accessible car park, Toilet, Free parking lot, On-site parking"
TownFarm Padel,Sports club,"TownFarm, Old St Hill","TownFarm, Old St Hill, Bishop's Stortford CM22 7LF",Bishop's Stortford,CM22 7LF,United Kingdom,GB,07901573452,townfarmpadel@gmail.com,http://www.townfarmpadel.co.uk/,,,,,https://www.google.com/maps?cid=14507835183087295777,https://www.townfarmpadel.co.uk/bookings,5,6,"Monday: 9am-9pm, Tuesday: 9am-9pm, Wednesday: 9am-9pm, Thursday: 9am-9pm, Friday: 9am-9pm, Saturday: 9am-9pm, Sunday: 9am-9pm",https://lh3.googleusercontent.com/p/AF1QipPAM9B_y60EJcUCMJmPf5lg9SvrCpzCXhbWWls4,,"Wheelchair-accessible car park, Toilet"
True Padel Durham,Padel club,"True Padel, Belmont Industrial Estate, New Ferens Park","True Padel, Belmont Industrial Estate, New Ferens Park, Durham DH1 1HP",Durham,DH1 1HP,United Kingdom,GB,07746253280,hello@rfuenzalida.com,https://www.truepadel.co.uk/,,,,,https://www.google.com/maps?cid=2570050591587769552,,5,52,"Monday: 7am-11pm, Tuesday: 7am-11pm, Wednesday: 7am-11pm, Thursday: 7am-11pm, Friday: 7am-11pm, Saturday: 8am-8pm, Sunday: 8am-9pm",https://lh3.googleusercontent.com/gps-cs-s/AG0ilSyHIFM4H368Tuf3SZjIBEOHDmk3CJ9_c-mairQcn97W4a-1Yiftwuz5hnlgKPMBFEwe9tG_eeK6b6n3seKron0Fk46dgLsYlFZ5BYJ5h7TEdyBpkVkwEH9wcbsGX2LG2-APTRHceA,,"Wheelchair-accessible car park, Wheelchair-accessible entrance, Wheelchair-accessible seating, Wheelchair-accessible toilet, Toilet, Wi-Fi"
True Padel Sunderland,Padel club,"Thomsen Retail Park, Unit 1 Wessington Way","Thomsen Retail Park, Unit 1 Wessington Way, Sunderland SR5 3FR",Sunderland,SR5 3FR,United Kingdom,GB,07403958523,hello@rfuenzalida.com,https://truepadel.co.uk/,,,,,https://www.google.com/maps?cid=12792270219480921879,,4.7,35,"Monday: 7am-11pm, Tuesday: 7am-11pm, Wednesday: 7am-11pm, Thursday: 7am-11pm, Friday: 7am-11pm, Saturday: 8am-8pm, Sunday: 8am-9pm",https://lh3.googleusercontent.com/gps-cs-s/AG0ilSz5ZggDGQvbcfovCQcj9FHgqzUJhRfCqEtT4N4uo02fWFFzbjpBPYxAKBRSfG2-9evHe4v2bvOpIG60phN6YhekCLPHVnmqsffrWJEwHpCdpr0bAb2_vnHnNWxpWPvF3xojUp1UJoify1wx,,"Wheelchair-accessible car park, Wheelchair-accessible entrance, Wheelchair-accessible toilet, Toilet, Wi-Fi"
Trust Padel,Sports management and promotion,105 High St,"105 High St, Brentwood CM14 4RR",Brentwood,CM14 4RR,United Kingdom,GB,07496371721,,http://www.trustpadel.com/,,,,,https://www.google.com/maps?cid=11266411929288336340,,,,"Monday: Open 24 hours, Tuesday: Open 24 hours, Wednesday: Open 24 hours, Thursday: Open 24 hours, Friday: Open 24 hours, Saturday: Open 24 hours, Sunday: Open 24 hours",https://streetviewpixels-pa.googleapis.com/v1/thumbnail?panoid,,On-site services
UK PADEL @ Holmer Green Padel,Padel club,Dormer Ln,"Dormer Ln, Holmer Green, High Wycombe HP15 6PG",High Wycombe,HP15 6PG,United Kingdom,GB,01494851440,hello@ukpadel.org,https://ukpadel.org/uk-padel-clubs/,https://www.facebook.com/ukpadelofficial,https://www.instagram.com/uk_padel,,,https://www.google.com/maps?cid=12168270612749628444,https://clubspark.lta.org.uk/Holmergreenpadel/Booking/BookByDate#?date=2021-10-12&role=guest,5,53,"Monday: 8am-10pm, Tuesday: 8am-10pm, Wednesday: 8am-10pm, Thursday: 8am-10pm, Friday: 8am-10pm, Saturday: 8am-10pm, Sunday: 9am-8pm",https://lh3.googleusercontent.com/p/AF1QipOB5-tyYHYcIIZtPUCReZ05fy_flccAi7h-dDa8,,"On-site services, Wheelchair-accessible car park, Wheelchair-accessible entrance, Wheelchair-accessible toilet, Toilet"
UK Padel Courts,Padel court,"Unit 3 Building 2, The Colony HQ Wilmslow, Altrincham Rd","Unit 3 Building 2, The Colony HQ Wilmslow, Altrincham Rd, Wilmslow SK9 4LY",Wilmslow,SK9 4LY,United Kingdom,GB,03003733313,hello@ukpadelcourts.uk,https://www.ukpadelcourts.uk/?utm_source=google&utm_medium=wix_google_business_profile&utm_campaign=15187631310105277795,https://www.facebook.com/p/uk-padel-courts-100088561402797,https://www.instagram.com/uk_padel_courts,,,https://www.google.com/maps?cid=13169546837072982945,,1,1,"Monday: 9am-5pm, Tuesday: 9am-5pm, Wednesday: 9am-5pm, Thursday: 9am-5pm, Friday: 9am-5pm, Saturday: Closed, Sunday: Closed",https://streetviewpixels-pa.googleapis.com/v1/thumbnail?panoid,,
UK PADEL Newquay,Padel club,,"Porth, SeaSpace TR7 3LX",SeaSpace,TR7 3LX,United Kingdom,GB,01637817404,hello@ukpadel.org,https://sn.ukpadel.org/Pages/seaspace_newquay_club_uk_padel,https://www.facebook.com/ukpadelofficial,https://www.instagram.com/uk_padel,,,https://www.google.com/maps?cid=13200451322844477449,https://www.ukpadel.org/app/,4.7,25,"Monday: 8am-10pm, Tuesday: 8am-10pm, Wednesday: 8am-10pm, Thursday: 8am-10pm, Friday: 8am-10pm, Saturday: 8am-10pm, Sunday: 9:30am-8pm",https://lh3.googleusercontent.com/p/AF1QipNhOdFnL6zM0xNMW0CLqCg6Pj18J7eHTz6HhbnV,,"On-site services, Wheelchair-accessible car park, Wheelchair-accessible seating, Wheelchair-accessible toilet, Gender-neutral toilets, Toilet, Wi-Fi, Swimming pool, LGBTQ+ friendly, Transgender safe space, On-site parking"
UK Padel Princes Risborough,Padel club,Horsenden Ln,"Horsenden Ln, Princes Risborough HP27 9NE",Princes Risborough,HP27 9NE,United Kingdom,GB,01844317880,neil@ukpadel.org,https://ukpadel.org/,https://www.facebook.com/ukpadelofficial,https://www.instagram.com/uk_padel,,,https://www.google.com/maps?cid=12609996074369008901,,5,13,"Monday: 7am-10pm, Tuesday: 7am-10pm, Wednesday: 7am-10pm, Thursday: 7am-10pm, Friday: 7am-10pm, Saturday: 7am-10pm, Sunday: 7am-8:30pm",https://lh3.googleusercontent.com/p/AF1QipNcFuiMkC-WET9tM5CP33ox41sPiW7Vvqc0Hhej,,"Wheelchair-accessible car park, Wheelchair-accessible entrance, Toilet, On-site parking"
UK PADEL Stoke Poges,Padel club,Park Rd,"Park Rd, Stoke Poges, The SL2 4PJ",The,SL2 4PJ,United Kingdom,GB,01753307505,hello@ukpadel.org,https://sb.ukpadel.org/Pages/south_buckinghamshire_club_uk_padel,https://www.facebook.com/ukpadelofficial,https://www.instagram.com/uk_padel,,,https://www.google.com/maps?cid=16020926597221266716,https://ukpadel-gb.matchpoint.com.es/Booking/Grid.aspx?id=5,5,22,"Monday: 8am-10pm, Tuesday: 8am-10pm, Wednesday: 8am-10pm, Thursday: 8am-10pm, Friday: 8am-10pm, Saturday: 8am-10pm, Sunday: 8am-8pm",https://lh3.googleusercontent.com/p/AF1QipN6YIY-AcpWtuK0sQNOS0nFytsEURL_Ynq_Z47q,,"On-site services, Wheelchair-accessible car park, Wheelchair-accessible entrance, Toilet, On-site parking"
Ultimate Padel,Sporting Goods Shop,57 Churchfields,"57 Churchfields, West Mersea, Colchester CO5 8QL",Colchester,CO5 8QL,United Kingdom,GB,,,https://ultimatepadel.store/,https://www.facebook.com/powerpadelleagues,,,,https://www.google.com/maps?cid=17467981283527867719,,,,"Monday: 9am-5pm, Tuesday: 9am-5pm, Wednesday: 9am-5pm, Thursday: Closed, Friday: 9am-5pm, Saturday: Closed, Sunday: Closed",https://streetviewpixels-pa.googleapis.com/v1/thumbnail?panoid,,"Delivery, In-store pick-up, In-store shopping, Appointment required, Credit cards, Debit cards"
Utopia Padel Ipswich,Padel club,"Fields, Copdock & Washbrook Playing, London Rd","Fields, Copdock & Washbrook Playing, London Rd, Copdock, Ipswich IP8 3JN",Ipswich,IP8 3JN,United Kingdom,GB,01473875672,contact@utopiapadel.co.uk,https://www.utopiapadel.co.uk/,,https://www.instagram.com/utopiapadelipswich,,,https://www.google.com/maps?cid=15223174381782494864,https://www.matchi.se/facilities/utopia,5,3,"Monday: 8am-10pm, Tuesday: 8am-10pm, Wednesday: 8am-10pm, Thursday: 8am-10pm, Friday: 8am-10pm, Saturday: 8am-6pm, Sunday: 8am-6pm",https://lh3.googleusercontent.com/p/AF1QipNuRmJXvPmWh6sLTMikRsjauNZtrj6cxpfx8HkZ,,"Wheelchair-accessible car park, Toilet, On-site parking"
Vejay Padel Coach,"Padel club, Padel court",Bent Ln,"Bent Ln, Derby DE65 5BA",Derby,DE65 5BA,United Kingdom,GB,07970412694,vejaypal@gmail.com,https://www.vejaypadelcoach.co.uk/,,https://www.instagram.com/vejaypadelcoach,https://www.linkedin.com/in/vejay-pal-929a9824,,https://www.google.com/maps?cid=15127267294197104141,,5,127,,https://lh3.googleusercontent.com/p/AF1QipPkkzwIY3_JjYR52ytW90rY0YbHh6PGLlDzK7Gn,,"Wheelchair-accessible car park, Toilet, Free parking lot"
Velocity inflatable park,"Sports club, Padel club, Padel court","Unit 1, Easter Park, Bennett's Ln, Shell Grn","Unit 1, Easter Park, Bennett's Ln, Shell Grn, Liverpool, Widnes WA8 0GW",Widnes,WA8 0GW,United Kingdom,GB,01514248613,info@velocitygb.com,https://playtomic.io/tenant/7accff8b-4ac5-4fd2-b6be-3485adc5bb11?utm_campaign=share&utm_source=app_ios,https://en-gb.facebook.com/velocitywidnes,https://www.instagram.com/velocityleisure,,https://twitter.com/vtrampoline,https://www.google.com/maps?cid=10170145780632669791,,4.4,901,"Monday: 6am-11pm, Tuesday: 6am-11pm, Wednesday: 6am-11pm, Thursday: 6am-11pm, Friday: 6am-11pm, Saturday: 6am-11pm, Sunday: 6am-11pm",https://lh3.googleusercontent.com/gps-cs-s/AG0ilSxbniu8uk1TTXYSfz4yK3IvA-PR5n3ICLezCCZXqfgc8IAKbHzdQ6q6hSzI6KpJ3Hg3crMPOWPAEZ7SQXz-M21QgLplJi617yjzWA47beOUxiJy1SlIgpxbRpv830iNkD3kXo_q6FLIC1M,,"Wheelchair-accessible car park, Wheelchair-accessible entrance, Wheelchair-accessible toilet, Toilet, Free parking lot, On-site parking"
Venue 360 - Sports Facilities,"Leisure centre, Badminton court, Basketball court, Children's club, Events Venue, Fitness centre, Padel court, Football Practice, Squash court, Tennis club",,"Venue, 360 20 Gipsy Ln, Luton LU1 3JH",Luton,LU1 3JH,United Kingdom,GB,01582418873,enquiries@venue360.co.uk,http://www.venue360.co.uk/,"https://www.facebook.com/venue360luton, https://www.facebook.com/krusadermartialarts",https://www.instagram.com/venue_360,https://www.linkedin.com/company/vauxhall-recreation-club-ltd,,https://www.google.com/maps?cid=585304852272932520,,4.5,291,"Monday: 8:30am-11pm, Tuesday: 8:30am-11pm, Wednesday: 8:30am-11pm, Thursday: 8:30am-11pm, Friday: 8:30am-11pm, Saturday: 8am-10pm, Sunday: 8am-10pm",https://lh3.googleusercontent.com/p/AF1QipNXXDh_K-NT1rxC4GxFlyTu3L2Zcb1VBM7KWbrz,,
VibePadel,Sporting Goods Shop,50 Clapham Common South Side,"50 Clapham Common South Side, London SW4 9BX",London,SW4 9BX,United Kingdom,GB,,,https://vibepadel.co/,,https://www.instagram.com/vibepadelclub,,https://twitter.com/vibepadelclub,https://www.google.com/maps?cid=9077905810721676629,,,,,https://streetviewpixels-pa.googleapis.com/v1/thumbnail?panoid,,"Credit cards, Debit cards, NFC mobile payments"
ViboraPadel,Padel club,24 Wimberry Dr,"24 Wimberry Dr, Newcastle ST5 7SG",Newcastle,ST5 7SG,United Kingdom,GB,07375063074,,,,,,,https://www.google.com/maps?cid=15015918243057114159,,,,"Monday: 7am-7pm, Tuesday: 7am-7:30pm, Wednesday: 7:30am-7:30pm, Thursday: 7am-7:30pm, Friday: 7am-7:30pm, Saturday: 7am-7pm, Sunday: 7am-7pm",,,
Vida Del Padel - Guisborough,Sports club,"Cleveland Gate Business Park, 5 S Buck Wy.","Cleveland Gate Business Park, 5 S Buck Wy., Guisborough TS14 7DL",Guisborough,TS14 7DL,United Kingdom,GB,,info@vidadelpadel.com,https://www.vidadelpadel.com/,https://www.facebook.com/profile.php,,,,https://www.google.com/maps?cid=5856154337537988022,,4,9,"Monday: 6am-10pm, Tuesday: 6am-10pm, Wednesday: 6am-10pm, Thursday: 6am-10pm, Friday: 6am-10pm, Saturday: 6am-10pm, Sunday: 6am-10pm",https://lh3.googleusercontent.com/p/AF1QipNFJXjpxjYszzRUzEva_1pXVwcTmbL8pb7WijOU,,"Wheelchair-accessible car park, Wheelchair-accessible entrance, Wheelchair-accessible toilet, Wheelchair-accessible seating (no)"
Vida Del Padel - Hartlepool,Sports club,,"Unit 13, Park View Industrial Estate, Parkview Rd W, Hartlepool TS25 1PE",Hartlepool,TS25 1PE,United Kingdom,GB,07496679443,,http://www.vidadelpadel.com/,,,,,https://www.google.com/maps?cid=8216961362433578149,,,,"Monday: 6am-10pm, Tuesday: 6am-10pm, Wednesday: 6am-10pm, Thursday: 6am-10pm, Friday: 6am-10pm, Saturday: 6am-10pm, Sunday: 6am-10pm",https://lh3.googleusercontent.com/p/AF1QipMk8bZwm-EU7rX62NcAq_QaxJsEvFCMTjT1-9N0,,
Vida Del Padel - Lincoln,Sports club,"Unit C4, Bishops Trade Park","Unit C4, Bishops Trade Park, Lincoln LN2 4ZS",Lincoln,LN2 4ZS,United Kingdom,GB,07496679443,hello@vidadelpadel.com,http://www.vidadelpadel.com/,https://www.facebook.com/profile.php,,,,https://www.google.com/maps?cid=9305905429718104530,,4.1,27,"Monday: 5am-11:30pm, Tuesday: 5am-11:30pm, Wednesday: 5am-11:30pm, Thursday: 5am-11:30pm, Friday: 5am-11:30pm, Saturday: 5am-11:30pm, Sunday: 5am-11:30pm",https://lh3.googleusercontent.com/p/AF1QipPNvRMU2E5DBTlOxMLePAteSdr25ruzbVMaJ1kD,,"On-site services, Wheelchair-accessible car park, Wheelchair-accessible entrance, Wheelchair-accessible toilet, Gender-neutral toilets, Toilet, Wi-Fi, LGBTQ+ friendly, Transgender safe space, Free parking lot, On-site parking"
Voltage Padel,Padel court,"Unit 19, Tong Park Industrial Estate","Unit 19, Tong Park Industrial Estate, Tong Park, Shipley BD17 7QD",Shipley,BD17 7QD,United Kingdom,GB,,hello@voltagepadel.co.uk,https://www.voltagepadel.co.uk/,https://www.facebook.com/people/voltage-padel/61583366232579/,https://www.instagram.com/voltagepadel,,,https://www.google.com/maps?cid=5721230756770924656,,,,,,,"Identifies as women-owned, Wheelchair-accessible car park, Wheelchair-accessible entrance, Wheelchair-accessible seating, Wheelchair-accessible toilet, Free parking lot, On-site parking"
Walthamstow Leisure Centre,"Leisure centre, Badminton court, Basketball court, Fitness centre, Gym, Gymnastics club, Pickleball court, Sports complex, Squash court, Weightlifting area","Walthamstow Leisure Centre, 243 Markhouse Rd","Walthamstow Leisure Centre, 243 Markhouse Rd, London E17 8RN",London,E17 8RN,United Kingdom,GB,02085207464,,https://www.better.org.uk/leisure-centre/london/waltham-forest/walthamstow-leisure-centre?utm_source=google&utm_medium=organic&utm_campaign=google_my_business,https://www.facebook.com/betteruk/,https://www.instagram.com/better_uk/,,"https://x.com/gll_uk, https://twitter.com/better_uk",https://www.google.com/maps?cid=14509296627777371729,,4.5,322,"Monday: 6:30am-10pm, Tuesday: 6:30am-10pm, Wednesday: 6:30am-10pm, Thursday: 6:30am-10pm, Friday: 6:30am-10pm, Saturday: 8am-6pm, Sunday: 8am-6pm",https://lh3.googleusercontent.com/gps-cs-s/AG0ilSz06kWXjct4XDY72BA8A3CSoXiaf14zmwD9EQnqrWwkDTAKgobgwiZfnG3udnIxdx8ckpRSBrN1T-v6AZxoy5fqzkDYjoVNA53tGkvgrpWTYxMKMdZZdXJagu8tem3aEteMok0O,,
Wantage Leisure Centre,"Leisure centre, Badminton court, Fitness centre, Gym, Indoor playground, Pickleball court, Sauna, Squash court, Swimming pool, Table tennis facility",Portway,"Portway, Wantage OX12 9BY",Wantage,OX12 9BY,United Kingdom,GB,01235766201,wantage@gll.org,https://www.better.org.uk/leisure-centre/vale-of-white-horse/wantage-leisure-centre?utm_source=google&utm_medium=organic&utm_campaign=google_my_business,https://www.facebook.com/betteruk/,https://www.instagram.com/better_uk/,,"https://x.com/gll_uk, https://twitter.com/better_uk",https://www.google.com/maps?cid=6604840756748614855,,3.9,228,"Monday: 6am-10pm, Tuesday: 6am-10pm, Wednesday: 6am-10pm, Thursday: 6am-10pm, Friday: 6am-10pm, Saturday: 7:30am-5pm, Sunday: 7:30am-5pm",https://lh3.googleusercontent.com/p/AF1QipNig8Q8k3x0wJf3zGZR8EFSe_81CUlHtWVe9D-i,,"Wheelchair-accessible car park, Wheelchair-accessible entrance, Sauna"
Waterbeach Pickleball Club,Gym,Sports Hall,"Sports Hall, Waterbeach, Barracks CB25 9PA",Barracks,CB25 9PA,United Kingdom,GB,07545387539,info@tennis4tots.co.uk,https://www.tennis4tots.co.uk/,https://www.facebook.com/107137131212178,https://www.instagram.com/tennis4tots_natandvic,,,https://www.google.com/maps?cid=12214408365099780422,https://tennis4tots.co.uk/book-classes,,,"Monday: Closed, Tuesday: 11am-12pm, Wednesday: Closed, Thursday: 6:30-7:30pm, Friday: Closed, Saturday: Closed, Sunday: Closed",https://lh3.googleusercontent.com/p/AF1QipN8uCCww0q3ZB1kW2-JXFUA7tAamzujegSgXI-u,,"Wheelchair-accessible car park, Toilet"
Waterside Farm Leisure Centre,"Leisure centre, Badminton court, Fitness centre, Gym, Pickleball court, Football pitch, Sports complex, Swimming pool, Swimming school, Wellness Programme","Waterside Farm Leisure Centre Level, Somnes Avenue, 1 Somnes Ave","Waterside Farm Leisure Centre Level, Somnes Avenue, 1 Somnes Ave, Canvey Island SS8 9RA",Canvey Island,SS8 9RA,United Kingdom,GB,01268694342,,https://castlepointleisure.co.uk/facilities/waterside-farm-leisure-centre/?utm_source=google&utm_medium=local&utm_campaign=bigwave_seo,https://www.facebook.com/castlepointleisure,https://www.instagram.com/castlepointleisure1,,,https://www.google.com/maps?cid=14328995038575266023,,4.3,484,"Monday: 6am-10pm, Tuesday: 6am-10pm, Wednesday: 6am-10pm, Thursday: 6am-10pm, Friday: 6am-8pm, Saturday: 8am-5:45pm, Sunday: 8am-8pm",https://lh3.googleusercontent.com/p/AF1QipOJuVU8PXvblyLcICy9hRW6DyAUCPfwczU3q9G_,,"On-site services, Wheelchair-accessible car park, Wheelchair-accessible entrance, Wheelchair-accessible toilet, LGBTQ+ friendly, Transgender safe space, Free parking lot, On-site parking"
We Are Padel - Derby,"Padel club, Football club",Derwent Parade,"Derwent Parade, Derby DE24 8BW",Derby,DE24 8BW,United Kingdom,GB,01332981621,,,,,,,https://www.google.com/maps?cid=16675280290520542376,https://playtomic.io/we-are-padel---derby-/f33c3aee-f075-408a-a69c-6c50309f0df2,4.3,159,"Monday: 7:30am-11:30pm, Tuesday: 7:30am-11:30pm, Wednesday: 7:30am-11:30pm, Thursday: 7:30am-11:30pm, Friday: 7:30am-11:30pm, Saturday: 8am-11:30pm, Sunday: 8am-11:30pm",https://lh3.googleusercontent.com/p/AF1QipMddwI8b31dBovC_c_ZAF2rxV_9H5lI-X2BuLPe,,"Wheelchair-accessible car park, Wheelchair-accessible entrance, Wheelchair-accessible seating, Wheelchair-accessible toilet, Toilet, Wi-Fi, LGBTQ+ friendly, Transgender safe space"
We Do Pickleball,Pickleball court,30 Copenhagen Rd,"30 Copenhagen Rd, Sutton Fields, Hull HU7 0XQ",Hull,HU7 0XQ,United Kingdom,GB,,hull@wedopickleball.co.uk,https://www.wedopickleball.co.uk/,,https://www.instagram.com/wedo.pickleball,,https://www.x.com/wedopickleball,https://www.google.com/maps?cid=14417127302702184084,,,,,https://lh3.googleusercontent.com/p/AF1QipPjvX0zzLyVoD8NU_ff6jUAfga7jVsZoXkPzpaI,,
WePlay Padel,"Padel club, Padel court","WePlay Padel @ Ryedale Printing Works, Kirkdale Rd","WePlay Padel @ Ryedale Printing Works, Kirkdale Rd, Kirkbymoorside, York YO62 6YB",York,YO62 6YB,United Kingdom,GB,01751432505,,https://www.weplaypadel.co.uk/,https://www.facebook.com/people/weplay-padel-tennis/61571229591428,https://www.instagram.com/weplaypadeltennis,https://www.linkedin.com/company/weplay-padel-tennis,,https://www.google.com/maps?cid=13098859813178370951,,5,10,"Monday: 8am-9pm, Tuesday: 8am-9pm, Wednesday: 8am-9pm, Thursday: 8am-9pm, Friday: 8am-9pm, Saturday: 8am-9pm, Sunday: 8am-9pm",https://lh3.googleusercontent.com/p/AF1QipOib7kTMcvrdApj6g7MA5ngvs5dq_u76-dsWK0R,,Wheelchair-accessible car park
West Herts Wizards Pickleball,Sports club,"Everyone Active, Douglas Gardens","Everyone Active, Douglas Gardens, Berkhamsted HP4 3QQ",Berkhamsted,HP4 3QQ,United Kingdom,GB,,westhertswizards@gmail.com,http://www.westhertswizards.co.uk/,https://www.facebook.com/westhertswizards,,,,https://www.google.com/maps?cid=41006398455956589,,4,1,"Monday: 1-3pm, Tuesday: Closed, Wednesday: 6-7pm, Thursday: 1-3pm, Friday: Closed, Saturday: 1-3pm, Sunday: Closed",https://lh3.googleusercontent.com/p/AF1QipPbFHaJ-juKHxz6JaPknYPvzCXTDx_olohtt2eY,,"Wheelchair-accessible car park, Toilet"
West London Pickleball Club,Sports club,"E Acton Ln, Greater","E Acton Ln, Greater, London W3 7EN",London,W3 7EN,United Kingdom,GB,,maxhastings09@gmail.com,https://www.westlondonpickleball.com/,,https://www.instagram.com/wix,,,https://www.google.com/maps?cid=1791026368065518767,,4.4,13,,https://lh3.googleusercontent.com/gps-cs-s/AG0ilSyQM0Sn8pFXABoKWZwGw8QBDV9nPrJUx_FAmfCfSliP5VellBzxIUm5rBeKbkXkLzs_p9gITJWwgoftl7HUALmIFUQkZMQSI1GCFBxrMVxgauYNBiMt-L3MaQgL4uE4oKjY1l6-,,Toilet
West Northamptonshire Pickleball CIC,Sports club,Welton Rd,"Welton Rd, Daventry NN11 7JG",Daventry,NN11 7JG,United Kingdom,GB,07516689202,admin@westnorthantspickleball.com,https://westnorthantspickleball.com/,https://www.facebook.com/wnpickleballcic,https://www.instagram.com/wnpickleballcic,http://www.linkedin.com/company/wnpickleballcic,,https://www.google.com/maps?cid=17673323650013853312,,5,12,"Monday: 8am-10pm, Tuesday: 8am-10pm, Wednesday: 8am-10pm, Thursday: 8am-10pm, Friday: 8am-10pm, Saturday: 8am-10pm, Sunday: 8am-10pm",https://lh3.googleusercontent.com/gps-cs-s/AG0ilSxxWtTNiK5okaxBAYr_B2OYaz-tinZ9Jlw67s6JQpzMxdacLz7EYQogBXiJ8SO4X5hgdDwBzwWhBbqewhAw31HDDFqBrsB4YPmlcaXaoGcWqgq0MGCDR5wP5AI3UVwvjwdGBH3geA,,"Wheelchair-accessible car park, Wheelchair-accessible entrance, Toilet, Free of charge street parking, Free parking lot, On-site parking"
West View Better Health Leisure Centre,"Padel court, Badminton court, Fitness centre, Gym, Indoor playground, Leisure centre, Rock climbing gym, Sauna, Football pitch, Swimming pool",Ribbleton Ln,"Ribbleton Ln, Preston PR1 5EP",Preston,PR1 5EP,United Kingdom,GB,01772428860,west.view@gll.org,https://www.better.org.uk/leisure-centre/preston/west-view-better-health-leisure-centre?utm_source=google&utm_medium=organic&utm_campaign=google_my_business,https://www.facebook.com/betteruk/,https://www.instagram.com/better_uk/,,"https://twitter.com/better_uk, https://x.com/gll_uk",https://www.google.com/maps?cid=9996583340798605723,,4,568,"Monday: 6:30am-10pm, Tuesday: 6:30am-10pm, Wednesday: 6:30am-10pm, Thursday: 6:30am-10pm, Friday: 6:30am-10pm, Saturday: 8am-6pm, Sunday: 8am-6pm",https://lh3.googleusercontent.com/gps-cs-s/AG0ilSzRWSZF6kC0q9Rn4qTWQg0PUrcQGQqoDzbWIRXN56SJy-RR6FUOJ1aXJsB8Bcog4Xj8JCxQqM06z2t8EOQ7ATqq0fwjdykBAkKDKHVKmsTS1c-6YDaWZX5YoxPmUVpn2z2BOtxj,,"Wheelchair-accessible car park, Wheelchair-accessible entrance, Sauna"
Wetherby Padel Club,"Padel club, Sports club","Grange Park, Old Boston Rd","Grange Park, Old Boston Rd, Wetherby LS22 5NB",Wetherby,LS22 5NB,United Kingdom,GB,07772516048,,https://clubspark.lta.org.uk/wetherbypadelclub,,,,,https://www.google.com/maps?cid=10074549483997463121,,4.9,29,"Monday: 6am-10pm, Tuesday: 6am-10pm, Wednesday: 6am-10pm, Thursday: 6am-10pm, Friday: 6am-10pm, Saturday: 6am-10pm, Sunday: 6am-10pm",https://lh3.googleusercontent.com/gps-cs-s/AG0ilSyX3Est-Kts2OV03svLxN55HzpLE7sQ5yExUzsovIG33TlvvMVtITxrZZOLb4C5aEOrEYTzPBQeH2ggFr5EhsmRqmk-13loiHMOsaCG8T9GOsJRoS_RvO_OWxx8YBStC7FluFzd,,"Wheelchair-accessible car park, Wheelchair-accessible entrance, Wheelchair-accessible toilet, Toilet"
Weymouth Pickleball Club (The Jurassic Coasters),"Pickleball court, Sports club","Redlands Leisure and Community Park, Dorchester Rd","Redlands Leisure and Community Park, Dorchester Rd, Weymouth DT5 3AW",Weymouth,DT5 3AW,United Kingdom,GB,,jurassiccoastersweymouth@gmail.com,https://www.weymouthpickleball.com/,https://www.facebook.com/weymouthpickleballclub,https://www.instagram.com/weymouth_pickleball_club,,,https://www.google.com/maps?cid=12506768456020742882,,5,14,Tuesday: 4-6pm,https://lh3.googleusercontent.com/p/AF1QipMCLfqsfcKzwWqkURVyFBH2jEtNKSc0Dtu-QuBQ,,"Wheelchair-accessible car park, Wheelchair-accessible entrance, Free parking lot"
Wimbledon Pickleball,"Corporate office, Service establishment",,,,,,,07769665039,wimbledonpickleball@gmail.com,https://www.wimbledonpickleball.co.uk/?utm_source=google&utm_medium=wix_google_business_profile&utm_campaign=11591327774387536277,https://www.facebook.com/wimbledonpickleball,https://www.instagram.com/wimbledonpickleball/,,https://twitter.com/wimpickleball,https://www.google.com/maps?cid=10795107537624311967,,,,"Monday: 9am-5pm, Tuesday: 9am-5pm, Wednesday: 9am-5pm, Thursday: 9am-5pm, Friday: 9am-5pm, Saturday: 10am-5pm, Sunday: 10am-5pm",https://lh3.googleusercontent.com/p/AF1QipNdyKZMBIDk87giLRtgs5XGo6cucyUb8PefTG5l,,
Winchester Racquets and Fitness,"Padel club, Bar, Conference Centre, Croquet club, Function room facility, Tennis club, Pilates studio, Restaurant, Squash club, Yoga studio",Bereweeke Rd,"Bereweeke Rd, Winchester SO22 6AN",Winchester,SO22 6AN,United Kingdom,GB,01962854028,reception@winchesterracquetsandfitness.net,https://www.winchesterracquetsandfitness.net/,https://www.facebook.com/winchesterracquetsandfitness,,,,https://www.google.com/maps?cid=3230871529233429666,,4.5,53,"Monday: 6am-11pm, Tuesday: 6am-11pm, Wednesday: 6am-11pm, Thursday: 6am-11pm, Friday: 6am-11pm, Saturday: 8am-9pm, Sunday: 8am-9pm",https://lh3.googleusercontent.com/gps-cs-s/AG0ilSwmlGK0pScdIX0pGMQz7lZqt2JFkXKGWNt8wgrZthgiNjnyWLH35Wq_Wd1MdGBP1jb6vn-hqeXRCCiizwrPJl5Hi-64KLRoEzZW3mDmj_xAXxssS04Zgsp1wLQSDlGzCBodLn7vEg,,"Wheelchair-accessible car park, Wheelchair-accessible entrance, Wheelchair-accessible toilet, Toilet, Wi-Fi, On-site parking"
Windrush Leisure Centre,"Leisure centre, Badminton court, Fitness centre, Gym, Pickleball court, Sports complex, Squash court, Swimming pool, Table tennis facility",,"1st floor, Witan Way, Witney OX28 4YA",Witney,OX28 4YA,United Kingdom,GB,01993202020,,https://www.better.org.uk/leisure-centre/west-oxfordshire/windrush-leisure-centre?utm_source=google&utm_medium=organic&utm_campaign=google_my_business,https://www.facebook.com/betteruk/,https://www.instagram.com/better_uk/,,"https://x.com/gll_uk, https://twitter.com/better_uk",https://www.google.com/maps?cid=1010904946912886195,,3.5,171,"Monday: 6am-10pm, Tuesday: 6am-10pm, Wednesday: 6am-10pm, Thursday: 6am-10pm, Friday: 6am-10pm, Saturday: 6am-6pm, Sunday: 6am-6pm",https://lh3.googleusercontent.com/p/AF1QipOSxUY_1Eo66rLnEjzA2nqgr0O1nwOfUIoTTp48,"Exercise facility with a gym, 25-metre swimming pool, sports courts and a cycling studio.",
Windsor Penarth Padel | Game4Padel,Padel court,"Windsor Penarth Padel, Larkwood Ave","Windsor Penarth Padel, Larkwood Ave, Penarth CF64 3JJ",Penarth,CF64 3JJ,United Kingdom,GB,,,https://www.game4padel.com/wales/penarth-windsor,,,,,https://www.google.com/maps?cid=5552331177832928269,,4.7,3,"Monday: 8am-9:30pm, Tuesday: 8am-9:30pm, Wednesday: 8am-9:30pm, Thursday: 8am-9:30pm, Friday: 8am-9:30pm, Saturday: 8am-9:30pm, Sunday: 8am-9:30pm",https://lh3.googleusercontent.com/gps-cs-s/AG0ilSxvrgF4X6CZI5EAaNUtmYbKNVXKaCxMPiNhIOMCQr04F8s2jVM3k4P8wHGJ8jMT6poM2dXrS37dN7WauUHzTJP4gpdJvZ3BUqdY9-vLbvT1CeKoR1ZEcuTUq1uC9zAANy9WeMHxCxIDf1g,,
Withdean Sports Complex,"Sports complex, Athletic track, Fitness centre, Gym, Indoor cycling, Leisure centre, Padel court, Rock climbing gym, Football pitch, Tennis court",Tongdean Ln,"Tongdean Ln, Withdean, Brighton and Hove, Brighton BN1 5JD",Brighton,BN1 5JD,United Kingdom,GB,01273542100,withdeanenquiries@freedom-leisure.co.uk,https://www.freedom-leisure.co.uk/centres/withdean-sports-complex/,"https://www.facebook.com/withdeansportscomplex, https://www.facebook.com/freedomleisure2002",https://www.instagram.com/withdean_sports_complex,https://www.linkedin.com/company/freedom-leisure,https://x.com/@freedomleisure,https://www.google.com/maps?cid=6278052410992575136,,4.1,808,"Monday: 6am-10pm, Tuesday: 6am-10pm, Wednesday: 6am-10pm, Thursday: 6am-10pm, Friday: 6am-10pm, Saturday: 7am-6pm, Sunday: 7am-6pm",https://lh3.googleusercontent.com/gps-cs-s/AG0ilSyLuILbhepvF2K7TJbVkTazWKDtS2-k7hx1rwz2IFtuxe_hXsa9bMU-MvjiB6w0c0LMJUXzwZDJZw6IUvqS2PNW7iZVuDOVuBgcmJMuiPQIa9DZG6V1elNAw63YIwtKJP1ME9bw,"Modern athletics and football stadium also offers tennis and squash courts, fitness classes and gym.","Assistive hearing loop, Wheelchair-accessible car park, Wheelchair-accessible entrance, Credit cards, Debit cards, NFC mobile payments"
WLu3a Pickleball,Sports club,,Leicester LE9 9JU,Leicester,LE9 9JU,United Kingdom,GB,,,,,,,,https://www.google.com/maps?cid=828740944684167619,,,,,https://streetviewpixels-pa.googleapis.com/v1/thumbnail?panoid,,
Wold Padel,Sports club,"Highfield Farm, Southburn Road","Highfield Farm, Southburn Road, Driffield YO25 9AF",Driffield,YO25 9AF,United Kingdom,GB,01377270607,info@woldpadel.co.uk,https://www.woldpadel.co.uk/,https://www.facebook.com/people/wold-padel/61583315083468,"https://www.instagram.com/wold_padel, https://www.instagram.com/woldpadel",,,https://www.google.com/maps?cid=10655847538891840554,,5,1,"Monday: 6am-11pm, Tuesday: 6am-11pm, Wednesday: 6am-11pm, Thursday: 6am-11pm, Friday: 6am-11pm, Saturday: 6am-11pm, Sunday: 6am-11pm",https://lh3.googleusercontent.com/p/AF1QipPyUAwAjdl2DgYBXkoIg7c3zv7K6xf0i4RTgKNE,,"Gender-neutral toilets, Wi-Fi, On-site parking"
Worldham Golf and Padel,"Golf club, Golf driving range, Golf instructor, Miniature golf course, Padel club, Padel court",Cakers La,"Cakers La, Alton GU34 3BF",Alton,GU34 3BF,United Kingdom,GB,01420544606,office@worldhamgolf.co.uk,http://www.worldhamgolf.co.uk/,"https://en-gb.facebook.com/worldhamgolfclub, https://www.facebook.com/worldhamgolf",https://www.instagram.com/worldhamgolf,,,https://www.google.com/maps?cid=10357241205381592584,https://www.worldhamgolf.co.uk/visitorbooking/,4.4,237,"Monday: 7:30am-7pm, Tuesday: 7:30am-7pm, Wednesday: 7:30am-7pm, Thursday: 7:30am-7pm, Friday: 7:30am-7pm, Saturday: 7:30am-7pm, Sunday: 7:30am-7pm",https://lh3.googleusercontent.com/gps-cs-s/AG0ilSy6pibgC1FfPWfMNRdIBpI3QULc5lEc9OeSAglE9lNiRLzEHpRsM4X0ICNGVdqnaAOWczrK3Ay9hvNPGiE8P6Fhz4YHtVyZIpgC3OO-plhAUDhum9hLVNVa5iEcRaieSXrt3HGM,,"On-site services, Assistive hearing loop, Wheelchair-accessible car park, Wheelchair-accessible entrance, Wheelchair-accessible seating, Wheelchair-accessible toilet, Food, Gender-neutral toilets, Toilet, Wi-Fi, Swimming pool, Credit cards, Debit cards, NFC mobile payments, Credit cards, Discounts for kids, On-site parking"
WPA - Mansfield - World Padel Academy - UK,Padel club,Quarry Ln,"Quarry Ln, Mansfield NG18 5DA",Mansfield,NG18 5DA,United Kingdom,GB,07777163459,info@worldpadelacademy.uk,https://worldpadelacademy.uk/,https://www.facebook.com/wpa.ukpadel,"https://www.instagram.com/wpa, https://www.instagram.com/wpaathletes, https://www.instagram.com/javigarrido10/, https://www.instagram.com/titoallemandi/, https://www.instagram.com/mikeyanguas/",,,https://www.google.com/maps?cid=13419372353146044978,,5,67,"Monday: 7am-10pm, Tuesday: 7am-10pm, Wednesday: 7am-10pm, Thursday: 7am-10pm, Friday: 7am-10pm, Saturday: 7am-10pm, Sunday: 7am-10pm",https://lh3.googleusercontent.com/p/AF1QipM75_Y0y-5SlSHayIxguMFZnu6P0WpvDJ7qr_oI,,"On-site services, Wheelchair-accessible car park, Wheelchair-accessible entrance, Wheelchair-accessible toilet, Toilet, Wi-Fi, Swimming pool, Free parking lot, On-site parking"
Wressle Grange Padel Club,"Padel court, Padel club",Intake Lane,"Intake Lane, Wressle, Selby YO8 6EU",Selby,YO8 6EU,United Kingdom,GB,07976845640,claire@wresslegrange.co.uk,https://www.wresslegrange.co.uk/wressle-grange-padel-club/,https://www.facebook.com/wresslegrangepadelclub,https://www.instagram.com/wressle_grange_padel_club,,,https://www.google.com/maps?cid=4141360640805440088,,,,,https://lh3.googleusercontent.com/p/AF1QipMssJPrGFCsIXR2AXOa4nGpWloNRoiM4RgW1BXu,,"Wheelchair-accessible car park, Assistive hearing loop (no), Wheelchair-accessible toilet (no), On-site parking"
Wrexham Tennis & Padel Centre,"Tennis court, Gym, Outdoor sports shop, Sports injury clinic",Plas Coch Rd,"Plas Coch Rd, Wrexham LL11 2BW",Wrexham,LL11 2BW,United Kingdom,GB,01978265260,,https://clubspark.lta.org.uk/WrexhamTennisCentre,,,,,https://www.google.com/maps?cid=9307165614982428214,,4.5,137,"Monday: 8am-9pm, Tuesday: 8am-9pm, Wednesday: 8am-9pm, Thursday: 7am-9pm, Friday: 8am-9pm, Saturday: 8am-4pm, Sunday: 10am-4pm",https://lh3.googleusercontent.com/gps-cs-s/AG0ilSx78EvLqktFp8SJzIuMRchJ-dl7ZNYMb_vse-z861nFvCXOuBboAPQb3w9N5CzxTupkZrP8vQEJPWtynPdxsB2kwc4W3KOutOJxJBX3QEjUUgjvpn8o8uexQsUvpvEJHtAA7ATH,,"Wheelchair-accessible car park, Wheelchair-accessible entrance, Credit cards, Debit cards, NFC mobile payments, Credit cards"
XPI Xcellent Padel Ibiza,Holding company,3,"3, Hale, Altrincham WA14 2UX",Altrincham,WA14 2UX,United Kingdom,GB,,steven@xpi-padel.com,https://xpi-padel.co.uk/,https://www.facebook.com/profile.php,https://www.instagram.com/xpi_padel,https://www.linkedin.com/company/xpi-padel,,https://www.google.com/maps?cid=8154546284937635794,,,,"Monday: 9am-5pm, Tuesday: 9am-5pm, Wednesday: 9am-5pm, Thursday: 9am-5pm, Friday: 9am-5pm, Saturday: Closed, Sunday: Closed",https://lh3.googleusercontent.com/p/AF1QipPwz6KJY14y57Vgf79tW71mz8W5SV8K7YdBJQvM,,
Your Advantage Tennis Academy,"Tennis instructor, Bar, Coaching center, Education Centre, Pickleball court, Squash court, Tennis club, Tennis court, Tennis Shop","Sandy Lodge, Merchant Taylors School","Sandy Lodge, Merchant Taylors School, Moor Park, Northwood HA6 2HT",Northwood,HA6 2HT,United Kingdom,GB,07733326142,contact@youradvantage-tennisacademy.co.uk,http://www.youradvantage-tennisacademy.co.uk/,https://www.facebook.com/youradvantagetennisacademyuk,https://www.instagram.com/youradvantage_tennisacademy,,,https://www.google.com/maps?cid=17081872364935722351,,5,44,"Monday: 9am-10pm, Tuesday: 9am-10pm, Wednesday: 9am-10pm, Thursday: 9am-10pm, Friday: 9am-10pm, Saturday: 9am-10pm, Sunday: 9am-10pm",https://lh3.googleusercontent.com/p/AF1QipPkKZGmKF1WqwGZ71x2I0fwn7j14Kd4AM24oxO5,,"Online classes, On-site services, Wheelchair-accessible car park, Wheelchair-accessible entrance, Wheelchair-accessible toilet, Toilet, Shower, Appointments recommended, Debit cards, Free parking lot, On-site parking"
Your Padel,Sports club,Unit 2 Robert Bakewell Wy,"Unit 2 Robert Bakewell Wy, Uttoxeter ST14 5AU",Uttoxeter,ST14 5AU,United Kingdom,GB,07983893252,,http://yourpadel.co.uk/,https://www.facebook.com/,https://www.instagram.com/yourpadeluttoxeter,,,https://www.google.com/maps?cid=17281634494813178796,,5,3,"Monday: 7am-10pm, Tuesday: 7am-10pm, Wednesday: 7am-10pm, Thursday: 7am-10pm, Friday: 7am-10pm, Saturday: 8am-10pm, Sunday: 8am-8pm",https://streetviewpixels-pa.googleapis.com/v1/thumbnail?panoid,,"Toilet, Wi-Fi, LGBTQ+ friendly, Transgender safe space, On-site parking"
